const uint8_t RobotoBold32[] PROGMEM = { 0x00, 0x00, 0x01, 0x38, 0x00, 0x00, 0x00, 0x0B, 0x00, 0x00, 0x00, 0x20, 0x00, 0x00, 0x00, 0x00, 
0x00, 0x00, 0x00, 0x19, 0x00, 0x00, 0x00, 0x07, 0x00, 0x00, 0x00, 0x21, 0x00, 0x00, 0x00, 0x19, 
0x00, 0x00, 0x00, 0x06, 0x00, 0x00, 0x00, 0x08, 0x00, 0x00, 0x00, 0x18, 0x00, 0x00, 0x00, 0x01, 
0x00, 0x00, 0x00, 0x00, 0x00, 0x00, 0x00, 0x22, 0x00, 0x00, 0x00, 0x0A, 0x00, 0x00, 0x00, 0x0A, 
0x00, 0x00, 0x00, 0x0A, 0x00, 0x00, 0x00, 0x19, 0x00, 0x00, 0x00, 0x00, 0x00, 0x00, 0x00, 0x00, 
0x00, 0x00, 0x00, 0x23, 0x00, 0x00, 0x00, 0x18, 0x00, 0x00, 0x00, 0x11, 0x00, 0x00, 0x00, 0x11, 
0x00, 0x00, 0x00, 0x18, 0x00, 0x00, 0x00, 0x00, 0x00, 0x00, 0x00, 0x00, 0x00, 0x00, 0x00, 0x24, 
0x00, 0x00, 0x00, 0x1F, 0x00, 0x00, 0x00, 0x0E, 0x00, 0x00, 0x00, 0x10, 0x00, 0x00, 0x00, 0x1B, 
0x00, 0x00, 0x00, 0x01, 0x00, 0x00, 0x00, 0x00, 0x00, 0x00, 0x00, 0x25, 0x00, 0x00, 0x00, 0x19, 
0x00, 0x00, 0x00, 0x13, 0x00, 0x00, 0x00, 0x14, 0x00, 0x00, 0x00, 0x18, 0x00, 0x00, 0x00, 0x01, 
0x00, 0x00, 0x00, 0x00, 0x00, 0x00, 0x00, 0x26, 0x00, 0x00, 0x00, 0x19, 0x00, 0x00, 0x00, 0x13, 
0x00, 0x00, 0x00, 0x13, 0x00, 0x00, 0x00, 0x18, 0x00, 0x00, 0x00, 0x00, 0x00, 0x00, 0x00, 0x00, 
0x00, 0x00, 0x00, 0x27, 0x00, 0x00, 0x00, 0x0A, 0x00, 0x00, 0x00, 0x05, 0x00, 0x00, 0x00, 0x05, 
0x00, 0x00, 0x00, 0x19, 0x00, 0x00, 0x00, 0x00, 0x00, 0x00, 0x00, 0x00, 0x00, 0x00, 0x00, 0x28, 
0x00, 0x00, 0x00, 0x22, 0x00, 0x00, 0x00, 0x09, 0x00, 0x00, 0x00, 0x0A, 0x00, 0x00, 0x00, 0x1A, 
0x00, 0x00, 0x00, 0x01, 0x00, 0x00, 0x00, 0x00, 0x00, 0x00, 0x00, 0x29, 0x00, 0x00, 0x00, 0x22, 
0x00, 0x00, 0x00, 0x09, 0x00, 0x00, 0x00, 0x0A, 0x00, 0x00, 0x00, 0x1A, 0x00, 0x00, 0x00, 0x00, 
0x00, 0x00, 0x00, 0x00, 0x00, 0x00, 0x00, 0x2A, 0x00, 0x00, 0x00, 0x10, 0x00, 0x00, 0x00, 0x0F, 
0x00, 0x00, 0x00, 0x0F, 0x00, 0x00, 0x00, 0x18, 0x00, 0x00, 0x00, 0x00, 0x00, 0x00, 0x00, 0x00, 
0x00, 0x00, 0x00, 0x2B, 0x00, 0x00, 0x00, 0x12, 0x00, 0x00, 0x00, 0x0F, 0x00, 0x00, 0x00, 0x0F, 
0x00, 0x00, 0x00, 0x14, 0x00, 0x00, 0x00, 0x00, 0x00, 0x00, 0x00, 0x00, 0x00, 0x00, 0x00, 0x2C, 
0x00, 0x00, 0x00, 0x0B, 0x00, 0x00, 0x00, 0x07, 0x00, 0x00, 0x00, 0x08, 0x00, 0x00, 0x00, 0x05, 
0x00, 0x00, 0x00, 0x00, 0x00, 0x00, 0x00, 0x00, 0x00, 0x00, 0x00, 0x2D, 0x00, 0x00, 0x00, 0x05, 
0x00, 0x00, 0x00, 0x09, 0x00, 0x00, 0x00, 0x0C, 0x00, 0x00, 0x00, 0x0C, 0x00, 0x00, 0x00, 0x01, 
0x00, 0x00, 0x00, 0x00, 0x00, 0x00, 0x00, 0x2E, 0x00, 0x00, 0x00, 0x07, 0x00, 0x00, 0x00, 0x07, 
0x00, 0x00, 0x00, 0x09, 0x00, 0x00, 0x00, 0x06, 0x00, 0x00, 0x00, 0x01, 0x00, 0x00, 0x00, 0x00, 
0x00, 0x00, 0x00, 0x2F, 0x00, 0x00, 0x00, 0x1A, 0x00, 0x00, 0x00, 0x0C, 0x00, 0x00, 0x00, 0x0B, 
0x00, 0x00, 0x00, 0x18, 0xFF, 0xFF, 0xFF, 0xFF, 0x00, 0x00, 0x00, 0x00, 0x00, 0x00, 0x00, 0x30, 
0x00, 0x00, 0x00, 0x19, 0x00, 0x00, 0x00, 0x0E, 0x00, 0x00, 0x00, 0x10, 0x00, 0x00, 0x00, 0x18, 
0x00, 0x00, 0x00, 0x01, 0x00, 0x00, 0x00, 0x00, 0x00, 0x00, 0x00, 0x31, 0x00, 0x00, 0x00, 0x18, 
0x00, 0x00, 0x00, 0x0A, 0x00, 0x00, 0x00, 0x10, 0x00, 0x00, 0x00, 0x18, 0x00, 0x00, 0x00, 0x02, 
0x00, 0x00, 0x00, 0x00, 0x00, 0x00, 0x00, 0x32, 0x00, 0x00, 0x00, 0x18, 0x00, 0x00, 0x00, 0x10, 
0x00, 0x00, 0x00, 0x10, 0x00, 0x00, 0x00, 0x18, 0x00, 0x00, 0x00, 0x00, 0x00, 0x00, 0x00, 0x00, 
0x00, 0x00, 0x00, 0x33, 0x00, 0x00, 0x00, 0x19, 0x00, 0x00, 0x00, 0x0F, 0x00, 0x00, 0x00, 0x10, 
0x00, 0x00, 0x00, 0x18, 0x00, 0x00, 0x00, 0x00, 0x00, 0x00, 0x00, 0x00, 0x00, 0x00, 0x00, 0x34, 
0x00, 0x00, 0x00, 0x18, 0x00, 0x00, 0x00, 0x10, 0x00, 0x00, 0x00, 0x10, 0x00, 0x00, 0x00, 0x18, 
0x00, 0x00, 0x00, 0x00, 0x00, 0x00, 0x00, 0x00, 0x00, 0x00, 0x00, 0x35, 0x00, 0x00, 0x00, 0x19, 
0x00, 0x00, 0x00, 0x0E, 0x00, 0x00, 0x00, 0x10, 0x00, 0x00, 0x00, 0x18, 0x00, 0x00, 0x00, 0x01, 
0x00, 0x00, 0x00, 0x00, 0x00, 0x00, 0x00, 0x36, 0x00, 0x00, 0x00, 0x19, 0x00, 0x00, 0x00, 0x0F, 
0x00, 0x00, 0x00, 0x10, 0x00, 0x00, 0x00, 0x18, 0x00, 0x00, 0x00, 0x01, 0x00, 0x00, 0x00, 0x00, 
0x00, 0x00, 0x00, 0x37, 0x00, 0x00, 0x00, 0x18, 0x00, 0x00, 0x00, 0x0F, 0x00, 0x00, 0x00, 0x10, 
0x00, 0x00, 0x00, 0x18, 0x00, 0x00, 0x00, 0x00, 0x00, 0x00, 0x00, 0x00, 0x00, 0x00, 0x00, 0x38, 
0x00, 0x00, 0x00, 0x19, 0x00, 0x00, 0x00, 0x0E, 0x00, 0x00, 0x00, 0x10, 0x00, 0x00, 0x00, 0x18, 
0x00, 0x00, 0x00, 0x01, 0x00, 0x00, 0x00, 0x00, 0x00, 0x00, 0x00, 0x39, 0x00, 0x00, 0x00, 0x19, 
0x00, 0x00, 0x00, 0x0E, 0x00, 0x00, 0x00, 0x10, 0x00, 0x00, 0x00, 0x18, 0x00, 0x00, 0x00, 0x01, 
0x00, 0x00, 0x00, 0x00, 0x00, 0x00, 0x00, 0x3A, 0x00, 0x00, 0x00, 0x13, 0x00, 0x00, 0x00, 0x07, 
0x00, 0x00, 0x00, 0x09, 0x00, 0x00, 0x00, 0x12, 0x00, 0x00, 0x00, 0x01, 0x00, 0x00, 0x00, 0x00, 
0x00, 0x00, 0x00, 0x3B, 0x00, 0x00, 0x00, 0x18, 0x00, 0x00, 0x00, 0x08, 0x00, 0x00, 0x00, 0x08, 
0x00, 0x00, 0x00, 0x12, 0x00, 0x00, 0x00, 0x00, 0x00, 0x00, 0x00, 0x00, 0x00, 0x00, 0x00, 0x3C, 
0x00, 0x00, 0x00, 0x10, 0x00, 0x00, 0x00, 0x0D, 0x00, 0x00, 0x00, 0x0E, 0x00, 0x00, 0x00, 0x12, 
0x00, 0x00, 0x00, 0x00, 0x00, 0x00, 0x00, 0x00, 0x00, 0x00, 0x00, 0x3D, 0x00, 0x00, 0x00, 0x0C, 
0x00, 0x00, 0x00, 0x0E, 0x00, 0x00, 0x00, 0x10, 0x00, 0x00, 0x00, 0x10, 0x00, 0x00, 0x00, 0x01, 
0x00, 0x00, 0x00, 0x00, 0x00, 0x00, 0x00, 0x3E, 0x00, 0x00, 0x00, 0x10, 0x00, 0x00, 0x00, 0x0D, 
0x00, 0x00, 0x00, 0x0F, 0x00, 0x00, 0x00, 0x12, 0x00, 0x00, 0x00, 0x01, 0x00, 0x00, 0x00, 0x00, 
0x00, 0x00, 0x00, 0x3F, 0x00, 0x00, 0x00, 0x19, 0x00, 0x00, 0x00, 0x0E, 0x00, 0x00, 0x00, 0x0E, 
0x00, 0x00, 0x00, 0x18, 0x00, 0x00, 0x00, 0x00, 0x00, 0x00, 0x00, 0x00, 0x00, 0x00, 0x00, 0x40, 
0x00, 0x00, 0x00, 0x1F, 0x00, 0x00, 0x00, 0x17, 0x00, 0x00, 0x00, 0x19, 0x00, 0x00, 0x00, 0x17, 
0x00, 0x00, 0x00, 0x01, 0x00, 0x00, 0x00, 0x00, 0x00, 0x00, 0x00, 0x41, 0x00, 0x00, 0x00, 0x18, 
0x00, 0x00, 0x00, 0x13, 0x00, 0x00, 0x00, 0x13, 0x00, 0x00, 0x00, 0x18, 0x00, 0x00, 0x00, 0x00, 
0x00, 0x00, 0x00, 0x00, 0x00, 0x00, 0x00, 0x42, 0x00, 0x00, 0x00, 0x18, 0x00, 0x00, 0x00, 0x10, 
0x00, 0x00, 0x00, 0x12, 0x00, 0x00, 0x00, 0x18, 0x00, 0x00, 0x00, 0x01, 0x00, 0x00, 0x00, 0x00, 
0x00, 0x00, 0x00, 0x43, 0x00, 0x00, 0x00, 0x19, 0x00, 0x00, 0x00, 0x11, 0x00, 0x00, 0x00, 0x12, 
0x00, 0x00, 0x00, 0x18, 0x00, 0x00, 0x00, 0x01, 0x00, 0x00, 0x00, 0x00, 0x00, 0x00, 0x00, 0x44, 
0x00, 0x00, 0x00, 0x18, 0x00, 0x00, 0x00, 0x10, 0x00, 0x00, 0x00, 0x12, 0x00, 0x00, 0x00, 0x18, 
0x00, 0x00, 0x00, 0x01, 0x00, 0x00, 0x00, 0x00, 0x00, 0x00, 0x00, 0x45, 0x00, 0x00, 0x00, 0x18, 
0x00, 0x00, 0x00, 0x0F, 0x00, 0x00, 0x00, 0x10, 0x00, 0x00, 0x00, 0x18, 0x00, 0x00, 0x00, 0x01, 
0x00, 0x00, 0x00, 0x00, 0x00, 0x00, 0x00, 0x46, 0x00, 0x00, 0x00, 0x18, 0x00, 0x00, 0x00, 0x0E, 
0x00, 0x00, 0x00, 0x0F, 0x00, 0x00, 0x00, 0x18, 0x00, 0x00, 0x00, 0x01, 0x00, 0x00, 0x00, 0x00, 
0x00, 0x00, 0x00, 0x47, 0x00, 0x00, 0x00, 0x19, 0x00, 0x00, 0x00, 0x11, 0x00, 0x00, 0x00, 0x13, 
0x00, 0x00, 0x00, 0x18, 0x00, 0x00, 0x00, 0x01, 0x00, 0x00, 0x00, 0x00, 0x00, 0x00, 0x00, 0x48, 
0x00, 0x00, 0x00, 0x18, 0x00, 0x00, 0x00, 0x11, 0x00, 0x00, 0x00, 0x14, 0x00, 0x00, 0x00, 0x18, 
0x00, 0x00, 0x00, 0x01, 0x00, 0x00, 0x00, 0x00, 0x00, 0x00, 0x00, 0x49, 0x00, 0x00, 0x00, 0x18, 
0x00, 0x00, 0x00, 0x06, 0x00, 0x00, 0x00, 0x09, 0x00, 0x00, 0x00, 0x18, 0x00, 0x00, 0x00, 0x01, 
0x00, 0x00, 0x00, 0x00, 0x00, 0x00, 0x00, 0x4A, 0x00, 0x00, 0x00, 0x19, 0x00, 0x00, 0x00, 0x0F, 
0x00, 0x00, 0x00, 0x10, 0x00, 0x00, 0x00, 0x18, 0x00, 0x00, 0x00, 0x00, 0x00, 0x00, 0x00, 0x00, 
0x00, 0x00, 0x00, 0x4B, 0x00, 0x00, 0x00, 0x18, 0x00, 0x00, 0x00, 0x11, 0x00, 0x00, 0x00, 0x12, 
0x00, 0x00, 0x00, 0x18, 0x00, 0x00, 0x00, 0x01, 0x00, 0x00, 0x00, 0x00, 0x00, 0x00, 0x00, 0x4C, 
0x00, 0x00, 0x00, 0x18, 0x00, 0x00, 0x00, 0x0E, 0x00, 0x00, 0x00, 0x0F, 0x00, 0x00, 0x00, 0x18, 
0x00, 0x00, 0x00, 0x01, 0x00, 0x00, 0x00, 0x00, 0x00, 0x00, 0x00, 0x4D, 0x00, 0x00, 0x00, 0x18, 
0x00, 0x00, 0x00, 0x16, 0x00, 0x00, 0x00, 0x18, 0x00, 0x00, 0x00, 0x18, 0x00, 0x00, 0x00, 0x01, 
0x00, 0x00, 0x00, 0x00, 0x00, 0x00, 0x00, 0x4E, 0x00, 0x00, 0x00, 0x18, 0x00, 0x00, 0x00, 0x11, 
0x00, 0x00, 0x00, 0x14, 0x00, 0x00, 0x00, 0x18, 0x00, 0x00, 0x00, 0x01, 0x00, 0x00, 0x00, 0x00, 
0x00, 0x00, 0x00, 0x4F, 0x00, 0x00, 0x00, 0x19, 0x00, 0x00, 0x00, 0x12, 0x00, 0x00, 0x00, 0x13, 
0x00, 0x00, 0x00, 0x18, 0x00, 0x00, 0x00, 0x01, 0x00, 0x00, 0x00, 0x00, 0x00, 0x00, 0x00, 0x50, 
0x00, 0x00, 0x00, 0x18, 0x00, 0x00, 0x00, 0x11, 0x00, 0x00, 0x00, 0x12, 0x00, 0x00, 0x00, 0x18, 
0x00, 0x00, 0x00, 0x01, 0x00, 0x00, 0x00, 0x00, 0x00, 0x00, 0x00, 0x51, 0x00, 0x00, 0x00, 0x1D, 
0x00, 0x00, 0x00, 0x12, 0x00, 0x00, 0x00, 0x13, 0x00, 0x00, 0x00, 0x18, 0x00, 0x00, 0x00, 0x01, 
0x00, 0x00, 0x00, 0x00, 0x00, 0x00, 0x00, 0x52, 0x00, 0x00, 0x00, 0x18, 0x00, 0x00, 0x00, 0x11, 
0x00, 0x00, 0x00, 0x12, 0x00, 0x00, 0x00, 0x18, 0x00, 0x00, 0x00, 0x01, 0x00, 0x00, 0x00, 0x00, 
0x00, 0x00, 0x00, 0x53, 0x00, 0x00, 0x00, 0x19, 0x00, 0x00, 0x00, 0x10, 0x00, 0x00, 0x00, 0x11, 
0x00, 0x00, 0x00, 0x18, 0x00, 0x00, 0x00, 0x01, 0x00, 0x00, 0x00, 0x00, 0x00, 0x00, 0x00, 0x54, 
0x00, 0x00, 0x00, 0x18, 0x00, 0x00, 0x00, 0x11, 0x00, 0x00, 0x00, 0x11, 0x00, 0x00, 0x00, 0x18, 
0x00, 0x00, 0x00, 0x00, 0x00, 0x00, 0x00, 0x00, 0x00, 0x00, 0x00, 0x55, 0x00, 0x00, 0x00, 0x19, 
0x00, 0x00, 0x00, 0x10, 0x00, 0x00, 0x00, 0x12, 0x00, 0x00, 0x00, 0x18, 0x00, 0x00, 0x00, 0x01, 
0x00, 0x00, 0x00, 0x00, 0x00, 0x00, 0x00, 0x56, 0x00, 0x00, 0x00, 0x18, 0x00, 0x00, 0x00, 0x13, 
0x00, 0x00, 0x00, 0x12, 0x00, 0x00, 0x00, 0x18, 0x00, 0x00, 0x00, 0x00, 0x00, 0x00, 0x00, 0x00, 
0x00, 0x00, 0x00, 0x57, 0x00, 0x00, 0x00, 0x18, 0x00, 0x00, 0x00, 0x18, 0x00, 0x00, 0x00, 0x18, 
0x00, 0x00, 0x00, 0x18, 0x00, 0x00, 0x00, 0x00, 0x00, 0x00, 0x00, 0x00, 0x00, 0x00, 0x00, 0x58, 
0x00, 0x00, 0x00, 0x18, 0x00, 0x00, 0x00, 0x12, 0x00, 0x00, 0x00, 0x12, 0x00, 0x00, 0x00, 0x18, 
0x00, 0x00, 0x00, 0x00, 0x00, 0x00, 0x00, 0x00, 0x00, 0x00, 0x00, 0x59, 0x00, 0x00, 0x00, 0x18, 
0x00, 0x00, 0x00, 0x12, 0x00, 0x00, 0x00, 0x11, 0x00, 0x00, 0x00, 0x18, 0x00, 0x00, 0x00, 0x00, 
0x00, 0x00, 0x00, 0x00, 0x00, 0x00, 0x00, 0x5A, 0x00, 0x00, 0x00, 0x18, 0x00, 0x00, 0x00, 0x11, 
0x00, 0x00, 0x00, 0x11, 0x00, 0x00, 0x00, 0x18, 0x00, 0x00, 0x00, 0x00, 0x00, 0x00, 0x00, 0x00, 
0x00, 0x00, 0x00, 0x5B, 0x00, 0x00, 0x00, 0x21, 0x00, 0x00, 0x00, 0x07, 0x00, 0x00, 0x00, 0x08, 
0x00, 0x00, 0x00, 0x1B, 0x00, 0x00, 0x00, 0x01, 0x00, 0x00, 0x00, 0x00, 0x00, 0x00, 0x00, 0x5C, 
0x00, 0x00, 0x00, 0x1A, 0x00, 0x00, 0x00, 0x0D, 0x00, 0x00, 0x00, 0x0C, 0x00, 0x00, 0x00, 0x18, 
0x00, 0x00, 0x00, 0x00, 0x00, 0x00, 0x00, 0x00, 0x00, 0x00, 0x00, 0x5D, 0x00, 0x00, 0x00, 0x21, 
0x00, 0x00, 0x00, 0x07, 0x00, 0x00, 0x00, 0x08, 0x00, 0x00, 0x00, 0x1B, 0x00, 0x00, 0x00, 0x00, 
0x00, 0x00, 0x00, 0x00, 0x00, 0x00, 0x00, 0x5E, 0x00, 0x00, 0x00, 0x0D, 0x00, 0x00, 0x00, 0x0C, 
0x00, 0x00, 0x00, 0x0D, 0x00, 0x00, 0x00, 0x18, 0x00, 0x00, 0x00, 0x00, 0x00, 0x00, 0x00, 0x00, 
0x00, 0x00, 0x00, 0x5F, 0x00, 0x00, 0x00, 0x05, 0x00, 0x00, 0x00, 0x0D, 0x00, 0x00, 0x00, 0x0D, 
0x00, 0x00, 0x00, 0x01, 0x00, 0x00, 0x00, 0x00, 0x00, 0x00, 0x00, 0x00, 0x00, 0x00, 0x00, 0x60, 
0x00, 0x00, 0x00, 0x06, 0x00, 0x00, 0x00, 0x09, 0x00, 0x00, 0x00, 0x0B, 0x00, 0x00, 0x00, 0x19, 
0x00, 0x00, 0x00, 0x00, 0x00, 0x00, 0x00, 0x00, 0x00, 0x00, 0x00, 0x61, 0x00, 0x00, 0x00, 0x13, 
0x00, 0x00, 0x00, 0x0F, 0x00, 0x00, 0x00, 0x0F, 0x00, 0x00, 0x00, 0x12, 0x00, 0x00, 0x00, 0x00, 
0x00, 0x00, 0x00, 0x00, 0x00, 0x00, 0x00, 0x62, 0x00, 0x00, 0x00, 0x1A, 0x00, 0x00, 0x00, 0x0E, 
0x00, 0x00, 0x00, 0x10, 0x00, 0x00, 0x00, 0x19, 0x00, 0x00, 0x00, 0x01, 0x00, 0x00, 0x00, 0x00, 
0x00, 0x00, 0x00, 0x63, 0x00, 0x00, 0x00, 0x13, 0x00, 0x00, 0x00, 0x0E, 0x00, 0x00, 0x00, 0x0F, 
0x00, 0x00, 0x00, 0x12, 0x00, 0x00, 0x00, 0x00, 0x00, 0x00, 0x00, 0x00, 0x00, 0x00, 0x00, 0x64, 
0x00, 0x00, 0x00, 0x1A, 0x00, 0x00, 0x00, 0x0F, 0x00, 0x00, 0x00, 0x10, 0x00, 0x00, 0x00, 0x19, 
0x00, 0x00, 0x00, 0x00, 0x00, 0x00, 0x00, 0x00, 0x00, 0x00, 0x00, 0x65, 0x00, 0x00, 0x00, 0x13, 
0x00, 0x00, 0x00, 0x0E, 0x00, 0x00, 0x00, 0x0F, 0x00, 0x00, 0x00, 0x12, 0x00, 0x00, 0x00, 0x01, 
0x00, 0x00, 0x00, 0x00, 0x00, 0x00, 0x00, 0x66, 0x00, 0x00, 0x00, 0x19, 0x00, 0x00, 0x00, 0x0B, 
0x00, 0x00, 0x00, 0x0A, 0x00, 0x00, 0x00, 0x19, 0x00, 0x00, 0x00, 0x00, 0x00, 0x00, 0x00, 0x00, 
0x00, 0x00, 0x00, 0x67, 0x00, 0x00, 0x00, 0x19, 0x00, 0x00, 0x00, 0x0F, 0x00, 0x00, 0x00, 0x10, 
0x00, 0x00, 0x00, 0x12, 0x00, 0x00, 0x00, 0x00, 0x00, 0x00, 0x00, 0x00, 0x00, 0x00, 0x00, 0x68, 
0x00, 0x00, 0x00, 0x19, 0x00, 0x00, 0x00, 0x0E, 0x00, 0x00, 0x00, 0x10, 0x00, 0x00, 0x00, 0x19, 
0x00, 0x00, 0x00, 0x01, 0x00, 0x00, 0x00, 0x00, 0x00, 0x00, 0x00, 0x69, 0x00, 0x00, 0x00, 0x18, 
0x00, 0x00, 0x00, 0x06, 0x00, 0x00, 0x00, 0x08, 0x00, 0x00, 0x00, 0x18, 0x00, 0x00, 0x00, 0x01, 
0x00, 0x00, 0x00, 0x00, 0x00, 0x00, 0x00, 0x6A, 0x00, 0x00, 0x00, 0x1F, 0x00, 0x00, 0x00, 0x09, 
0x00, 0x00, 0x00, 0x08, 0x00, 0x00, 0x00, 0x18, 0xFF, 0xFF, 0xFF, 0xFE, 0x00, 0x00, 0x00, 0x00, 
0x00, 0x00, 0x00, 0x6B, 0x00, 0x00, 0x00, 0x19, 0x00, 0x00, 0x00, 0x0F, 0x00, 0x00, 0x00, 0x0F, 
0x00, 0x00, 0x00, 0x19, 0x00, 0x00, 0x00, 0x01, 0x00, 0x00, 0x00, 0x00, 0x00, 0x00, 0x00, 0x6C, 
0x00, 0x00, 0x00, 0x19, 0x00, 0x00, 0x00, 0x06, 0x00, 0x00, 0x00, 0x08, 0x00, 0x00, 0x00, 0x19, 
0x00, 0x00, 0x00, 0x01, 0x00, 0x00, 0x00, 0x00, 0x00, 0x00, 0x00, 0x6D, 0x00, 0x00, 0x00, 0x12, 
0x00, 0x00, 0x00, 0x16, 0x00, 0x00, 0x00, 0x18, 0x00, 0x00, 0x00, 0x12, 0x00, 0x00, 0x00, 0x01, 
0x00, 0x00, 0x00, 0x00, 0x00, 0x00, 0x00, 0x6E, 0x00, 0x00, 0x00, 0x12, 0x00, 0x00, 0x00, 0x0E, 
0x00, 0x00, 0x00, 0x10, 0x00, 0x00, 0x00, 0x12, 0x00, 0x00, 0x00, 0x01, 0x00, 0x00, 0x00, 0x00, 
0x00, 0x00, 0x00, 0x6F, 0x00, 0x00, 0x00, 0x13, 0x00, 0x00, 0x00, 0x0F, 0x00, 0x00, 0x00, 0x10, 
0x00, 0x00, 0x00, 0x12, 0x00, 0x00, 0x00, 0x00, 0x00, 0x00, 0x00, 0x00, 0x00, 0x00, 0x00, 0x70, 
0x00, 0x00, 0x00, 0x19, 0x00, 0x00, 0x00, 0x0E, 0x00, 0x00, 0x00, 0x10, 0x00, 0x00, 0x00, 0x12, 
0x00, 0x00, 0x00, 0x01, 0x00, 0x00, 0x00, 0x00, 0x00, 0x00, 0x00, 0x71, 0x00, 0x00, 0x00, 0x19, 
0x00, 0x00, 0x00, 0x0F, 0x00, 0x00, 0x00, 0x10, 0x00, 0x00, 0x00, 0x12, 0x00, 0x00, 0x00, 0x00, 
0x00, 0x00, 0x00, 0x00, 0x00, 0x00, 0x00, 0x72, 0x00, 0x00, 0x00, 0x12, 0x00, 0x00, 0x00, 0x0A, 
0x00, 0x00, 0x00, 0x0B, 0x00, 0x00, 0x00, 0x12, 0x00, 0x00, 0x00, 0x01, 0x00, 0x00, 0x00, 0x00, 
0x00, 0x00, 0x00, 0x73, 0x00, 0x00, 0x00, 0x13, 0x00, 0x00, 0x00, 0x0E, 0x00, 0x00, 0x00, 0x0F, 
0x00, 0x00, 0x00, 0x12, 0x00, 0x00, 0x00, 0x00, 0x00, 0x00, 0x00, 0x00, 0x00, 0x00, 0x00, 0x74, 
0x00, 0x00, 0x00, 0x17, 0x00, 0x00, 0x00, 0x0A, 0x00, 0x00, 0x00, 0x0A, 0x00, 0x00, 0x00, 0x16, 
0x00, 0x00, 0x00, 0x00, 0x00, 0x00, 0x00, 0x00, 0x00, 0x00, 0x00, 0x75, 0x00, 0x00, 0x00, 0x13, 
0x00, 0x00, 0x00, 0x0E, 0x00, 0x00, 0x00, 0x10, 0x00, 0x00, 0x00, 0x12, 0x00, 0x00, 0x00, 0x01, 
0x00, 0x00, 0x00, 0x00, 0x00, 0x00, 0x00, 0x76, 0x00, 0x00, 0x00, 0x12, 0x00, 0x00, 0x00, 0x0F, 
0x00, 0x00, 0x00, 0x0E, 0x00, 0x00, 0x00, 0x12, 0x00, 0x00, 0x00, 0x00, 0x00, 0x00, 0x00, 0x00, 
0x00, 0x00, 0x00, 0x77, 0x00, 0x00, 0x00, 0x12, 0x00, 0x00, 0x00, 0x14, 0x00, 0x00, 0x00, 0x14, 
0x00, 0x00, 0x00, 0x12, 0x00, 0x00, 0x00, 0x00, 0x00, 0x00, 0x00, 0x00, 0x00, 0x00, 0x00, 0x78, 
0x00, 0x00, 0x00, 0x12, 0x00, 0x00, 0x00, 0x0F, 0x00, 0x00, 0x00, 0x0E, 0x00, 0x00, 0x00, 0x12, 
0x00, 0x00, 0x00, 0x00, 0x00, 0x00, 0x00, 0x00, 0x00, 0x00, 0x00, 0x79, 0x00, 0x00, 0x00, 0x19, 
0x00, 0x00, 0x00, 0x0F, 0x00, 0x00, 0x00, 0x0E, 0x00, 0x00, 0x00, 0x12, 0x00, 0x00, 0x00, 0x00, 
0x00, 0x00, 0x00, 0x00, 0x00, 0x00, 0x00, 0x7A, 0x00, 0x00, 0x00, 0x12, 0x00, 0x00, 0x00, 0x0D, 
0x00, 0x00, 0x00, 0x0E, 0x00, 0x00, 0x00, 0x12, 0x00, 0x00, 0x00, 0x01, 0x00, 0x00, 0x00, 0x00, 
0x00, 0x00, 0x00, 0x7B, 0x00, 0x00, 0x00, 0x20, 0x00, 0x00, 0x00, 0x09, 0x00, 0x00, 0x00, 0x0A, 
0x00, 0x00, 0x00, 0x1A, 0x00, 0x00, 0x00, 0x00, 0x00, 0x00, 0x00, 0x00, 0x00, 0x00, 0x00, 0x7C, 
0x00, 0x00, 0x00, 0x1D, 0x00, 0x00, 0x00, 0x04, 0x00, 0x00, 0x00, 0x08, 0x00, 0x00, 0x00, 0x18, 
0x00, 0x00, 0x00, 0x02, 0x00, 0x00, 0x00, 0x00, 0x00, 0x00, 0x00, 0x7D, 0x00, 0x00, 0x00, 0x20, 
0x00, 0x00, 0x00, 0x09, 0x00, 0x00, 0x00, 0x0A, 0x00, 0x00, 0x00, 0x1A, 0x00, 0x00, 0x00, 0x00, 
0x00, 0x00, 0x00, 0x00, 0x00, 0x00, 0x00, 0x7E, 0x00, 0x00, 0x00, 0x09, 0x00, 0x00, 0x00, 0x10, 
0x00, 0x00, 0x00, 0x12, 0x00, 0x00, 0x00, 0x0E, 0x00, 0x00, 0x00, 0x01, 0x00, 0x00, 0x00, 0x00, 
0x00, 0x00, 0x00, 0x80, 0x00, 0x00, 0x00, 0x18, 0x00, 0x00, 0x00, 0x11, 0x00, 0x00, 0x00, 0x12, 
0x00, 0x00, 0x00, 0x17, 0x00, 0x00, 0x00, 0x00, 0x00, 0x00, 0x00, 0x00, 0x00, 0x00, 0x00, 0x81, 
0x00, 0x00, 0x00, 0x01, 0x00, 0x00, 0x00, 0x01, 0x00, 0x00, 0x00, 0x20, 0x00, 0x00, 0x00, 0x40, 
0xFF, 0xFF, 0xFF, 0xE0, 0x00, 0x00, 0x00, 0x00, 0x00, 0x00, 0x00, 0x82, 0x00, 0x00, 0x00, 0x01, 
0x00, 0x00, 0x00, 0x01, 0x00, 0x00, 0x00, 0x20, 0x00, 0x00, 0x00, 0x40, 0xFF, 0xFF, 0xFF, 0xE0, 
0x00, 0x00, 0x00, 0x00, 0x00, 0x00, 0x00, 0x83, 0x00, 0x00, 0x00, 0x01, 0x00, 0x00, 0x00, 0x01, 
0x00, 0x00, 0x00, 0x20, 0x00, 0x00, 0x00, 0x40, 0xFF, 0xFF, 0xFF, 0xE0, 0x00, 0x00, 0x00, 0x00, 
0x00, 0x00, 0x00, 0x84, 0x00, 0x00, 0x00, 0x01, 0x00, 0x00, 0x00, 0x01, 0x00, 0x00, 0x00, 0x20, 
0x00, 0x00, 0x00, 0x40, 0xFF, 0xFF, 0xFF, 0xE0, 0x00, 0x00, 0x00, 0x00, 0x00, 0x00, 0x00, 0x85, 
0x00, 0x00, 0x00, 0x01, 0x00, 0x00, 0x00, 0x01, 0x00, 0x00, 0x00, 0x20, 0x00, 0x00, 0x00, 0x40, 
0xFF, 0xFF, 0xFF, 0xE0, 0x00, 0x00, 0x00, 0x00, 0x00, 0x00, 0x00, 0x86, 0x00, 0x00, 0x00, 0x01, 
0x00, 0x00, 0x00, 0x01, 0x00, 0x00, 0x00, 0x20, 0x00, 0x00, 0x00, 0x40, 0xFF, 0xFF, 0xFF, 0xE0, 
0x00, 0x00, 0x00, 0x00, 0x00, 0x00, 0x00, 0x87, 0x00, 0x00, 0x00, 0x01, 0x00, 0x00, 0x00, 0x01, 
0x00, 0x00, 0x00, 0x20, 0x00, 0x00, 0x00, 0x40, 0xFF, 0xFF, 0xFF, 0xE0, 0x00, 0x00, 0x00, 0x00, 
0x00, 0x00, 0x00, 0x88, 0x00, 0x00, 0x00, 0x01, 0x00, 0x00, 0x00, 0x01, 0x00, 0x00, 0x00, 0x20, 
0x00, 0x00, 0x00, 0x40, 0xFF, 0xFF, 0xFF, 0xE0, 0x00, 0x00, 0x00, 0x00, 0x00, 0x00, 0x00, 0x89, 
0x00, 0x00, 0x00, 0x01, 0x00, 0x00, 0x00, 0x01, 0x00, 0x00, 0x00, 0x20, 0x00, 0x00, 0x00, 0x40, 
0xFF, 0xFF, 0xFF, 0xE0, 0x00, 0x00, 0x00, 0x00, 0x00, 0x00, 0x00, 0x8A, 0x00, 0x00, 0x00, 0x01, 
0x00, 0x00, 0x00, 0x01, 0x00, 0x00, 0x00, 0x20, 0x00, 0x00, 0x00, 0x40, 0xFF, 0xFF, 0xFF, 0xE0, 
0x00, 0x00, 0x00, 0x00, 0x00, 0x00, 0x00, 0x8B, 0x00, 0x00, 0x00, 0x01, 0x00, 0x00, 0x00, 0x01, 
0x00, 0x00, 0x00, 0x20, 0x00, 0x00, 0x00, 0x40, 0xFF, 0xFF, 0xFF, 0xE0, 0x00, 0x00, 0x00, 0x00, 
0x00, 0x00, 0x00, 0x8C, 0x00, 0x00, 0x00, 0x01, 0x00, 0x00, 0x00, 0x01, 0x00, 0x00, 0x00, 0x20, 
0x00, 0x00, 0x00, 0x40, 0xFF, 0xFF, 0xFF, 0xE0, 0x00, 0x00, 0x00, 0x00, 0x00, 0x00, 0x00, 0x8D, 
0x00, 0x00, 0x00, 0x01, 0x00, 0x00, 0x00, 0x01, 0x00, 0x00, 0x00, 0x20, 0x00, 0x00, 0x00, 0x40, 
0xFF, 0xFF, 0xFF, 0xE0, 0x00, 0x00, 0x00, 0x00, 0x00, 0x00, 0x00, 0x8E, 0x00, 0x00, 0x00, 0x01, 
0x00, 0x00, 0x00, 0x01, 0x00, 0x00, 0x00, 0x20, 0x00, 0x00, 0x00, 0x40, 0xFF, 0xFF, 0xFF, 0xE0, 
0x00, 0x00, 0x00, 0x00, 0x00, 0x00, 0x00, 0x8F, 0x00, 0x00, 0x00, 0x01, 0x00, 0x00, 0x00, 0x01, 
0x00, 0x00, 0x00, 0x20, 0x00, 0x00, 0x00, 0x40, 0xFF, 0xFF, 0xFF, 0xE0, 0x00, 0x00, 0x00, 0x00, 
0x00, 0x00, 0x00, 0x90, 0x00, 0x00, 0x00, 0x01, 0x00, 0x00, 0x00, 0x01, 0x00, 0x00, 0x00, 0x20, 
0x00, 0x00, 0x00, 0x40, 0xFF, 0xFF, 0xFF, 0xE0, 0x00, 0x00, 0x00, 0x00, 0x00, 0x00, 0x00, 0x91, 
0x00, 0x00, 0x00, 0x01, 0x00, 0x00, 0x00, 0x01, 0x00, 0x00, 0x00, 0x20, 0x00, 0x00, 0x00, 0x40, 
0xFF, 0xFF, 0xFF, 0xE0, 0x00, 0x00, 0x00, 0x00, 0x00, 0x00, 0x00, 0x92, 0x00, 0x00, 0x00, 0x01, 
0x00, 0x00, 0x00, 0x01, 0x00, 0x00, 0x00, 0x20, 0x00, 0x00, 0x00, 0x40, 0xFF, 0xFF, 0xFF, 0xE0, 
0x00, 0x00, 0x00, 0x00, 0x00, 0x00, 0x00, 0x93, 0x00, 0x00, 0x00, 0x01, 0x00, 0x00, 0x00, 0x01, 
0x00, 0x00, 0x00, 0x20, 0x00, 0x00, 0x00, 0x40, 0xFF, 0xFF, 0xFF, 0xE0, 0x00, 0x00, 0x00, 0x00, 
0x00, 0x00, 0x00, 0x94, 0x00, 0x00, 0x00, 0x01, 0x00, 0x00, 0x00, 0x01, 0x00, 0x00, 0x00, 0x20, 
0x00, 0x00, 0x00, 0x40, 0xFF, 0xFF, 0xFF, 0xE0, 0x00, 0x00, 0x00, 0x00, 0x00, 0x00, 0x00, 0x95, 
0x00, 0x00, 0x00, 0x01, 0x00, 0x00, 0x00, 0x01, 0x00, 0x00, 0x00, 0x20, 0x00, 0x00, 0x00, 0x40, 
0xFF, 0xFF, 0xFF, 0xE0, 0x00, 0x00, 0x00, 0x00, 0x00, 0x00, 0x00, 0x96, 0x00, 0x00, 0x00, 0x01, 
0x00, 0x00, 0x00, 0x01, 0x00, 0x00, 0x00, 0x20, 0x00, 0x00, 0x00, 0x40, 0xFF, 0xFF, 0xFF, 0xE0, 
0x00, 0x00, 0x00, 0x00, 0x00, 0x00, 0x00, 0x97, 0x00, 0x00, 0x00, 0x01, 0x00, 0x00, 0x00, 0x01, 
0x00, 0x00, 0x00, 0x20, 0x00, 0x00, 0x00, 0x40, 0xFF, 0xFF, 0xFF, 0xE0, 0x00, 0x00, 0x00, 0x00, 
0x00, 0x00, 0x00, 0x98, 0x00, 0x00, 0x00, 0x01, 0x00, 0x00, 0x00, 0x01, 0x00, 0x00, 0x00, 0x20, 
0x00, 0x00, 0x00, 0x40, 0xFF, 0xFF, 0xFF, 0xE0, 0x00, 0x00, 0x00, 0x00, 0x00, 0x00, 0x00, 0x99, 
0x00, 0x00, 0x00, 0x01, 0x00, 0x00, 0x00, 0x01, 0x00, 0x00, 0x00, 0x20, 0x00, 0x00, 0x00, 0x40, 
0xFF, 0xFF, 0xFF, 0xE0, 0x00, 0x00, 0x00, 0x00, 0x00, 0x00, 0x00, 0x9A, 0x00, 0x00, 0x00, 0x01, 
0x00, 0x00, 0x00, 0x01, 0x00, 0x00, 0x00, 0x20, 0x00, 0x00, 0x00, 0x40, 0xFF, 0xFF, 0xFF, 0xE0, 
0x00, 0x00, 0x00, 0x00, 0x00, 0x00, 0x00, 0x9B, 0x00, 0x00, 0x00, 0x01, 0x00, 0x00, 0x00, 0x01, 
0x00, 0x00, 0x00, 0x20, 0x00, 0x00, 0x00, 0x40, 0xFF, 0xFF, 0xFF, 0xE0, 0x00, 0x00, 0x00, 0x00, 
0x00, 0x00, 0x00, 0x9C, 0x00, 0x00, 0x00, 0x01, 0x00, 0x00, 0x00, 0x01, 0x00, 0x00, 0x00, 0x20, 
0x00, 0x00, 0x00, 0x40, 0xFF, 0xFF, 0xFF, 0xE0, 0x00, 0x00, 0x00, 0x00, 0x00, 0x00, 0x00, 0x9D, 
0x00, 0x00, 0x00, 0x01, 0x00, 0x00, 0x00, 0x01, 0x00, 0x00, 0x00, 0x20, 0x00, 0x00, 0x00, 0x40, 
0xFF, 0xFF, 0xFF, 0xE0, 0x00, 0x00, 0x00, 0x00, 0x00, 0x00, 0x00, 0x9E, 0x00, 0x00, 0x00, 0x01, 
0x00, 0x00, 0x00, 0x01, 0x00, 0x00, 0x00, 0x20, 0x00, 0x00, 0x00, 0x40, 0xFF, 0xFF, 0xFF, 0xE0, 
0x00, 0x00, 0x00, 0x00, 0x00, 0x00, 0x00, 0x9F, 0x00, 0x00, 0x00, 0x01, 0x00, 0x00, 0x00, 0x01, 
0x00, 0x00, 0x00, 0x20, 0x00, 0x00, 0x00, 0x40, 0xFF, 0xFF, 0xFF, 0xE0, 0x00, 0x00, 0x00, 0x00, 
0x00, 0x00, 0x00, 0xA0, 0x00, 0x00, 0x00, 0x01, 0x00, 0x00, 0x00, 0x01, 0x00, 0x00, 0x00, 0x07, 
0x00, 0x00, 0x00, 0x40, 0xFF, 0xFF, 0xFF, 0xE0, 0x00, 0x00, 0x00, 0x00, 0x00, 0x00, 0x00, 0xA1, 
0x00, 0x00, 0x00, 0x18, 0x00, 0x00, 0x00, 0x06, 0x00, 0x00, 0x00, 0x09, 0x00, 0x00, 0x00, 0x12, 
0x00, 0x00, 0x00, 0x01, 0x00, 0x00, 0x00, 0x00, 0x00, 0x00, 0x00, 0xA2, 0x00, 0x00, 0x00, 0x19, 
0x00, 0x00, 0x00, 0x0E, 0x00, 0x00, 0x00, 0x10, 0x00, 0x00, 0x00, 0x15, 0x00, 0x00, 0x00, 0x01, 
0x00, 0x00, 0x00, 0x00, 0x00, 0x00, 0x00, 0xA3, 0x00, 0x00, 0x00, 0x18, 0x00, 0x00, 0x00, 0x0F, 
0x00, 0x00, 0x00, 0x11, 0x00, 0x00, 0x00, 0x18, 0x00, 0x00, 0x00, 0x01, 0x00, 0x00, 0x00, 0x00, 
0x00, 0x00, 0x00, 0xA4, 0x00, 0x00, 0x00, 0x16, 0x00, 0x00, 0x00, 0x15, 0x00, 0x00, 0x00, 0x16, 
0x00, 0x00, 0x00, 0x15, 0x00, 0x00, 0x00, 0x01, 0x00, 0x00, 0x00, 0x00, 0x00, 0x00, 0x00, 0xA5, 
0x00, 0x00, 0x00, 0x18, 0x00, 0x00, 0x00, 0x0F, 0x00, 0x00, 0x00, 0x0F, 0x00, 0x00, 0x00, 0x18, 
0x00, 0x00, 0x00, 0x00, 0x00, 0x00, 0x00, 0x00, 0x00, 0x00, 0x00, 0xA6, 0x00, 0x00, 0x00, 0x1D, 
0x00, 0x00, 0x00, 0x06, 0x00, 0x00, 0x00, 0x08, 0x00, 0x00, 0x00, 0x18, 0x00, 0x00, 0x00, 0x01, 
0x00, 0x00, 0x00, 0x00, 0x00, 0x00, 0x00, 0xA7, 0x00, 0x00, 0x00, 0x20, 0x00, 0x00, 0x00, 0x10, 
0x00, 0x00, 0x00, 0x12, 0x00, 0x00, 0x00, 0x18, 0x00, 0x00, 0x00, 0x01, 0x00, 0x00, 0x00, 0x00, 
0x00, 0x00, 0x00, 0xA8, 0x00, 0x00, 0x00, 0x05, 0x00, 0x00, 0x00, 0x0D, 0x00, 0x00, 0x00, 0x0F, 
0x00, 0x00, 0x00, 0x18, 0x00, 0x00, 0x00, 0x01, 0x00, 0x00, 0x00, 0x00, 0x00, 0x00, 0x00, 0xA9, 
0x00, 0x00, 0x00, 0x19, 0x00, 0x00, 0x00, 0x17, 0x00, 0x00, 0x00, 0x19, 0x00, 0x00, 0x00, 0x18, 
0x00, 0x00, 0x00, 0x01, 0x00, 0x00, 0x00, 0x00, 0x00, 0x00, 0x00, 0xAA, 0x00, 0x00, 0x00, 0x0E, 
0x00, 0x00, 0x00, 0x0A, 0x00, 0x00, 0x00, 0x0D, 0x00, 0x00, 0x00, 0x18, 0x00, 0x00, 0x00, 0x01, 
0x00, 0x00, 0x00, 0x00, 0x00, 0x00, 0x00, 0xAB, 0x00, 0x00, 0x00, 0x0E, 0x00, 0x00, 0x00, 0x0D, 
0x00, 0x00, 0x00, 0x0E, 0x00, 0x00, 0x00, 0x0F, 0x00, 0x00, 0x00, 0x00, 0x00, 0x00, 0x00, 0x00, 
0x00, 0x00, 0x00, 0xAC, 0x00, 0x00, 0x00, 0x08, 0x00, 0x00, 0x00, 0x0D, 0x00, 0x00, 0x00, 0x10, 
0x00, 0x00, 0x00, 0x0D, 0x00, 0x00, 0x00, 0x01, 0x00, 0x00, 0x00, 0x00, 0x00, 0x00, 0x00, 0xAD, 
0x00, 0x00, 0x00, 0x05, 0x00, 0x00, 0x00, 0x09, 0x00, 0x00, 0x00, 0x0C, 0x00, 0x00, 0x00, 0x0C, 
0x00, 0x00, 0x00, 0x01, 0x00, 0x00, 0x00, 0x00, 0x00, 0x00, 0x00, 0xAE, 0x00, 0x00, 0x00, 0x19, 
0x00, 0x00, 0x00, 0x17, 0x00, 0x00, 0x00, 0x19, 0x00, 0x00, 0x00, 0x18, 0x00, 0x00, 0x00, 0x01, 
0x00, 0x00, 0x00, 0x00, 0x00, 0x00, 0x00, 0xAF, 0x00, 0x00, 0x00, 0x04, 0x00, 0x00, 0x00, 0x0B, 
0x00, 0x00, 0x00, 0x0F, 0x00, 0x00, 0x00, 0x18, 0x00, 0x00, 0x00, 0x02, 0x00, 0x00, 0x00, 0x00, 
0x00, 0x00, 0x00, 0xB0, 0x00, 0x00, 0x00, 0x0A, 0x00, 0x00, 0x00, 0x0A, 0x00, 0x00, 0x00, 0x0C, 
0x00, 0x00, 0x00, 0x18, 0x00, 0x00, 0x00, 0x01, 0x00, 0x00, 0x00, 0x00, 0x00, 0x00, 0x00, 0xB1, 
0x00, 0x00, 0x00, 0x15, 0x00, 0x00, 0x00, 0x0D, 0x00, 0x00, 0x00, 0x0F, 0x00, 0x00, 0x00, 0x15, 
0x00, 0x00, 0x00, 0x01, 0x00, 0x00, 0x00, 0x00, 0x00, 0x00, 0x00, 0xB4, 0x00, 0x00, 0x00, 0x06, 
0x00, 0x00, 0x00, 0x09, 0x00, 0x00, 0x00, 0x0B, 0x00, 0x00, 0x00, 0x19, 0x00, 0x00, 0x00, 0x01, 
0x00, 0x00, 0x00, 0x00, 0x00, 0x00, 0x00, 0xB5, 0x00, 0x00, 0x00, 0x19, 0x00, 0x00, 0x00, 0x0F, 
0x00, 0x00, 0x00, 0x12, 0x00, 0x00, 0x00, 0x12, 0x00, 0x00, 0x00, 0x01, 0x00, 0x00, 0x00, 0x00, 
0x00, 0x00, 0x00, 0xB6, 0x00, 0x00, 0x00, 0x18, 0x00, 0x00, 0x00, 0x0C, 0x00, 0x00, 0x00, 0x0E, 
0x00, 0x00, 0x00, 0x18, 0x00, 0x00, 0x00, 0x01, 0x00, 0x00, 0x00, 0x00, 0x00, 0x00, 0x00, 0xB7, 
0x00, 0x00, 0x00, 0x06, 0x00, 0x00, 0x00, 0x07, 0x00, 0x00, 0x00, 0x09, 0x00, 0x00, 0x00, 0x0E, 
0x00, 0x00, 0x00, 0x01, 0x00, 0x00, 0x00, 0x00, 0x00, 0x00, 0x00, 0xB8, 0x00, 0x00, 0x00, 0x09, 
0x00, 0x00, 0x00, 0x07, 0x00, 0x00, 0x00, 0x08, 0x00, 0x00, 0x00, 0x01, 0x00, 0x00, 0x00, 0x01, 
0x00, 0x00, 0x00, 0x00, 0x00, 0x00, 0x00, 0xBA, 0x00, 0x00, 0x00, 0x0E, 0x00, 0x00, 0x00, 0x0B, 
0x00, 0x00, 0x00, 0x0D, 0x00, 0x00, 0x00, 0x18, 0x00, 0x00, 0x00, 0x01, 0x00, 0x00, 0x00, 0x00, 
0x00, 0x00, 0x00, 0xBB, 0x00, 0x00, 0x00, 0x0E, 0x00, 0x00, 0x00, 0x0D, 0x00, 0x00, 0x00, 0x0E, 
0x00, 0x00, 0x00, 0x0F, 0x00, 0x00, 0x00, 0x01, 0x00, 0x00, 0x00, 0x00, 0x00, 0x00, 0x00, 0xBF, 
0x00, 0x00, 0x00, 0x19, 0x00, 0x00, 0x00, 0x0E, 0x00, 0x00, 0x00, 0x0E, 0x00, 0x00, 0x00, 0x12, 
0x00, 0x00, 0x00, 0x00, 0x00, 0x00, 0x00, 0x00, 0x00, 0x00, 0x00, 0xC0, 0x00, 0x00, 0x00, 0x1E, 
0x00, 0x00, 0x00, 0x13, 0x00, 0x00, 0x00, 0x13, 0x00, 0x00, 0x00, 0x1E, 0x00, 0x00, 0x00, 0x00, 
0x00, 0x00, 0x00, 0x00, 0x00, 0x00, 0x00, 0xC1, 0x00, 0x00, 0x00, 0x1E, 0x00, 0x00, 0x00, 0x13, 
0x00, 0x00, 0x00, 0x13, 0x00, 0x00, 0x00, 0x1E, 0x00, 0x00, 0x00, 0x00, 0x00, 0x00, 0x00, 0x00, 
0x00, 0x00, 0x00, 0xC2, 0x00, 0x00, 0x00, 0x1E, 0x00, 0x00, 0x00, 0x13, 0x00, 0x00, 0x00, 0x13, 
0x00, 0x00, 0x00, 0x1E, 0x00, 0x00, 0x00, 0x00, 0x00, 0x00, 0x00, 0x00, 0x00, 0x00, 0x00, 0xC3, 
0x00, 0x00, 0x00, 0x1E, 0x00, 0x00, 0x00, 0x13, 0x00, 0x00, 0x00, 0x13, 0x00, 0x00, 0x00, 0x1E, 
0x00, 0x00, 0x00, 0x00, 0x00, 0x00, 0x00, 0x00, 0x00, 0x00, 0x00, 0xC4, 0x00, 0x00, 0x00, 0x1D, 
0x00, 0x00, 0x00, 0x13, 0x00, 0x00, 0x00, 0x13, 0x00, 0x00, 0x00, 0x1D, 0x00, 0x00, 0x00, 0x00, 
0x00, 0x00, 0x00, 0x00, 0x00, 0x00, 0x00, 0xC5, 0x00, 0x00, 0x00, 0x1F, 0x00, 0x00, 0x00, 0x13, 
0x00, 0x00, 0x00, 0x13, 0x00, 0x00, 0x00, 0x1F, 0x00, 0x00, 0x00, 0x00, 0x00, 0x00, 0x00, 0x00, 
0x00, 0x00, 0x00, 0xC6, 0x00, 0x00, 0x00, 0x18, 0x00, 0x00, 0x00, 0x1A, 0x00, 0x00, 0x00, 0x1A, 
0x00, 0x00, 0x00, 0x18, 0x00, 0x00, 0x00, 0x00, 0x00, 0x00, 0x00, 0x00, 0x00, 0x00, 0x00, 0xC7, 
0x00, 0x00, 0x00, 0x20, 0x00, 0x00, 0x00, 0x11, 0x00, 0x00, 0x00, 0x12, 0x00, 0x00, 0x00, 0x18, 
0x00, 0x00, 0x00, 0x01, 0x00, 0x00, 0x00, 0x00, 0x00, 0x00, 0x00, 0xC8, 0x00, 0x00, 0x00, 0x1E, 
0x00, 0x00, 0x00, 0x0F, 0x00, 0x00, 0x00, 0x10, 0x00, 0x00, 0x00, 0x1E, 0x00, 0x00, 0x00, 0x01, 
0x00, 0x00, 0x00, 0x00, 0x00, 0x00, 0x00, 0xC9, 0x00, 0x00, 0x00, 0x1E, 0x00, 0x00, 0x00, 0x0F, 
0x00, 0x00, 0x00, 0x10, 0x00, 0x00, 0x00, 0x1E, 0x00, 0x00, 0x00, 0x01, 0x00, 0x00, 0x00, 0x00, 
0x00, 0x00, 0x00, 0xCA, 0x00, 0x00, 0x00, 0x1E, 0x00, 0x00, 0x00, 0x0F, 0x00, 0x00, 0x00, 0x10, 
0x00, 0x00, 0x00, 0x1E, 0x00, 0x00, 0x00, 0x01, 0x00, 0x00, 0x00, 0x00, 0x00, 0x00, 0x00, 0xCB, 
0x00, 0x00, 0x00, 0x1D, 0x00, 0x00, 0x00, 0x0F, 0x00, 0x00, 0x00, 0x10, 0x00, 0x00, 0x00, 0x1D, 
0x00, 0x00, 0x00, 0x01, 0x00, 0x00, 0x00, 0x00, 0x00, 0x00, 0x00, 0xCC, 0x00, 0x00, 0x00, 0x1E, 
0x00, 0x00, 0x00, 0x09, 0x00, 0x00, 0x00, 0x09, 0x00, 0x00, 0x00, 0x1E, 0xFF, 0xFF, 0xFF, 0xFE, 
0x00, 0x00, 0x00, 0x00, 0x00, 0x00, 0x00, 0xCD, 0x00, 0x00, 0x00, 0x1E, 0x00, 0x00, 0x00, 0x0A, 
0x00, 0x00, 0x00, 0x09, 0x00, 0x00, 0x00, 0x1E, 0x00, 0x00, 0x00, 0x01, 0x00, 0x00, 0x00, 0x00, 
0x00, 0x00, 0x00, 0xCE, 0x00, 0x00, 0x00, 0x1E, 0x00, 0x00, 0x00, 0x0C, 0x00, 0x00, 0x00, 0x09, 
0x00, 0x00, 0x00, 0x1E, 0xFF, 0xFF, 0xFF, 0xFE, 0x00, 0x00, 0x00, 0x00, 0x00, 0x00, 0x00, 0xCF, 
0x00, 0x00, 0x00, 0x1D, 0x00, 0x00, 0x00, 0x0D, 0x00, 0x00, 0x00, 0x09, 0x00, 0x00, 0x00, 0x1D, 
0xFF, 0xFF, 0xFF, 0xFE, 0x00, 0x00, 0x00, 0x00, 0x00, 0x00, 0x00, 0xD1, 0x00, 0x00, 0x00, 0x1E, 
0x00, 0x00, 0x00, 0x11, 0x00, 0x00, 0x00, 0x14, 0x00, 0x00, 0x00, 0x1E, 0x00, 0x00, 0x00, 0x01, 
0x00, 0x00, 0x00, 0x00, 0x00, 0x00, 0x00, 0xD2, 0x00, 0x00, 0x00, 0x1F, 0x00, 0x00, 0x00, 0x12, 
0x00, 0x00, 0x00, 0x13, 0x00, 0x00, 0x00, 0x1E, 0x00, 0x00, 0x00, 0x01, 0x00, 0x00, 0x00, 0x00, 
0x00, 0x00, 0x00, 0xD3, 0x00, 0x00, 0x00, 0x1F, 0x00, 0x00, 0x00, 0x12, 0x00, 0x00, 0x00, 0x13, 
0x00, 0x00, 0x00, 0x1E, 0x00, 0x00, 0x00, 0x01, 0x00, 0x00, 0x00, 0x00, 0x00, 0x00, 0x00, 0xD4, 
0x00, 0x00, 0x00, 0x1F, 0x00, 0x00, 0x00, 0x12, 0x00, 0x00, 0x00, 0x13, 0x00, 0x00, 0x00, 0x1E, 
0x00, 0x00, 0x00, 0x01, 0x00, 0x00, 0x00, 0x00, 0x00, 0x00, 0x00, 0xD5, 0x00, 0x00, 0x00, 0x1F, 
0x00, 0x00, 0x00, 0x12, 0x00, 0x00, 0x00, 0x13, 0x00, 0x00, 0x00, 0x1E, 0x00, 0x00, 0x00, 0x01, 
0x00, 0x00, 0x00, 0x00, 0x00, 0x00, 0x00, 0xD6, 0x00, 0x00, 0x00, 0x1E, 0x00, 0x00, 0x00, 0x12, 
0x00, 0x00, 0x00, 0x13, 0x00, 0x00, 0x00, 0x1D, 0x00, 0x00, 0x00, 0x01, 0x00, 0x00, 0x00, 0x00, 
0x00, 0x00, 0x00, 0xD7, 0x00, 0x00, 0x00, 0x10, 0x00, 0x00, 0x00, 0x0F, 0x00, 0x00, 0x00, 0x0F, 
0x00, 0x00, 0x00, 0x13, 0x00, 0x00, 0x00, 0x00, 0x00, 0x00, 0x00, 0x00, 0x00, 0x00, 0x00, 0xD8, 
0x00, 0x00, 0x00, 0x1B, 0x00, 0x00, 0x00, 0x12, 0x00, 0x00, 0x00, 0x13, 0x00, 0x00, 0x00, 0x19, 
0x00, 0x00, 0x00, 0x01, 0x00, 0x00, 0x00, 0x00, 0x00, 0x00, 0x00, 0xD9, 0x00, 0x00, 0x00, 0x1F, 
0x00, 0x00, 0x00, 0x10, 0x00, 0x00, 0x00, 0x12, 0x00, 0x00, 0x00, 0x1E, 0x00, 0x00, 0x00, 0x01, 
0x00, 0x00, 0x00, 0x00, 0x00, 0x00, 0x00, 0xDA, 0x00, 0x00, 0x00, 0x1F, 0x00, 0x00, 0x00, 0x10, 
0x00, 0x00, 0x00, 0x12, 0x00, 0x00, 0x00, 0x1E, 0x00, 0x00, 0x00, 0x01, 0x00, 0x00, 0x00, 0x00, 
0x00, 0x00, 0x00, 0xDB, 0x00, 0x00, 0x00, 0x1F, 0x00, 0x00, 0x00, 0x10, 0x00, 0x00, 0x00, 0x12, 
0x00, 0x00, 0x00, 0x1E, 0x00, 0x00, 0x00, 0x01, 0x00, 0x00, 0x00, 0x00, 0x00, 0x00, 0x00, 0xDC, 
0x00, 0x00, 0x00, 0x1E, 0x00, 0x00, 0x00, 0x10, 0x00, 0x00, 0x00, 0x12, 0x00, 0x00, 0x00, 0x1D, 
0x00, 0x00, 0x00, 0x01, 0x00, 0x00, 0x00, 0x00, 0x00, 0x00, 0x00, 0xDD, 0x00, 0x00, 0x00, 0x1E, 
0x00, 0x00, 0x00, 0x12, 0x00, 0x00, 0x00, 0x11, 0x00, 0x00, 0x00, 0x1E, 0x00, 0x00, 0x00, 0x00, 
0x00, 0x00, 0x00, 0x00, 0x00, 0x00, 0x00, 0xDF, 0x00, 0x00, 0x00, 0x1A, 0x00, 0x00, 0x00, 0x10, 
0x00, 0x00, 0x00, 0x12, 0x00, 0x00, 0x00, 0x19, 0x00, 0x00, 0x00, 0x01, 0x00, 0x00, 0x00, 0x00, 
0x00, 0x00, 0x00, 0xE0, 0x00, 0x00, 0x00, 0x1A, 0x00, 0x00, 0x00, 0x0F, 0x00, 0x00, 0x00, 0x0F, 
0x00, 0x00, 0x00, 0x19, 0x00, 0x00, 0x00, 0x00, 0x00, 0x00, 0x00, 0x00, 0x00, 0x00, 0x00, 0xE1, 
0x00, 0x00, 0x00, 0x1A, 0x00, 0x00, 0x00, 0x0F, 0x00, 0x00, 0x00, 0x0F, 0x00, 0x00, 0x00, 0x19, 
0x00, 0x00, 0x00, 0x00, 0x00, 0x00, 0x00, 0x00, 0x00, 0x00, 0x00, 0xE2, 0x00, 0x00, 0x00, 0x1A, 
0x00, 0x00, 0x00, 0x0F, 0x00, 0x00, 0x00, 0x0F, 0x00, 0x00, 0x00, 0x19, 0x00, 0x00, 0x00, 0x00, 
0x00, 0x00, 0x00, 0x00, 0x00, 0x00, 0x00, 0xE3, 0x00, 0x00, 0x00, 0x1A, 0x00, 0x00, 0x00, 0x0F, 
0x00, 0x00, 0x00, 0x0F, 0x00, 0x00, 0x00, 0x19, 0x00, 0x00, 0x00, 0x00, 0x00, 0x00, 0x00, 0x00, 
0x00, 0x00, 0x00, 0xE4, 0x00, 0x00, 0x00, 0x19, 0x00, 0x00, 0x00, 0x0F, 0x00, 0x00, 0x00, 0x0F, 
0x00, 0x00, 0x00, 0x18, 0x00, 0x00, 0x00, 0x00, 0x00, 0x00, 0x00, 0x00, 0x00, 0x00, 0x00, 0xE5, 
0x00, 0x00, 0x00, 0x1B, 0x00, 0x00, 0x00, 0x0F, 0x00, 0x00, 0x00, 0x0F, 0x00, 0x00, 0x00, 0x1A, 
0x00, 0x00, 0x00, 0x00, 0x00, 0x00, 0x00, 0x00, 0x00, 0x00, 0x00, 0xE6, 0x00, 0x00, 0x00, 0x13, 
0x00, 0x00, 0x00, 0x17, 0x00, 0x00, 0x00, 0x17, 0x00, 0x00, 0x00, 0x12, 0x00, 0x00, 0x00, 0x00, 
0x00, 0x00, 0x00, 0x00, 0x00, 0x00, 0x00, 0xE7, 0x00, 0x00, 0x00, 0x1A, 0x00, 0x00, 0x00, 0x0E, 
0x00, 0x00, 0x00, 0x0F, 0x00, 0x00, 0x00, 0x12, 0x00, 0x00, 0x00, 0x00, 0x00, 0x00, 0x00, 0x00, 
0x00, 0x00, 0x00, 0xE8, 0x00, 0x00, 0x00, 0x1A, 0x00, 0x00, 0x00, 0x0E, 0x00, 0x00, 0x00, 0x0F, 
0x00, 0x00, 0x00, 0x19, 0x00, 0x00, 0x00, 0x01, 0x00, 0x00, 0x00, 0x00, 0x00, 0x00, 0x00, 0xE9, 
0x00, 0x00, 0x00, 0x1A, 0x00, 0x00, 0x00, 0x0E, 0x00, 0x00, 0x00, 0x0F, 0x00, 0x00, 0x00, 0x19, 
0x00, 0x00, 0x00, 0x01, 0x00, 0x00, 0x00, 0x00, 0x00, 0x00, 0x00, 0xEA, 0x00, 0x00, 0x00, 0x1A, 
0x00, 0x00, 0x00, 0x0E, 0x00, 0x00, 0x00, 0x0F, 0x00, 0x00, 0x00, 0x19, 0x00, 0x00, 0x00, 0x01, 
0x00, 0x00, 0x00, 0x00, 0x00, 0x00, 0x00, 0xEB, 0x00, 0x00, 0x00, 0x19, 0x00, 0x00, 0x00, 0x0E, 
0x00, 0x00, 0x00, 0x0F, 0x00, 0x00, 0x00, 0x18, 0x00, 0x00, 0x00, 0x01, 0x00, 0x00, 0x00, 0x00, 
0x00, 0x00, 0x00, 0xEC, 0x00, 0x00, 0x00, 0x19, 0x00, 0x00, 0x00, 0x09, 0x00, 0x00, 0x00, 0x08, 
0x00, 0x00, 0x00, 0x19, 0xFF, 0xFF, 0xFF, 0xFE, 0x00, 0x00, 0x00, 0x00, 0x00, 0x00, 0x00, 0xED, 
0x00, 0x00, 0x00, 0x19, 0x00, 0x00, 0x00, 0x0A, 0x00, 0x00, 0x00, 0x08, 0x00, 0x00, 0x00, 0x19, 
0x00, 0x00, 0x00, 0x01, 0x00, 0x00, 0x00, 0x00, 0x00, 0x00, 0x00, 0xEE, 0x00, 0x00, 0x00, 0x19, 
0x00, 0x00, 0x00, 0x0C, 0x00, 0x00, 0x00, 0x08, 0x00, 0x00, 0x00, 0x19, 0xFF, 0xFF, 0xFF, 0xFE, 
0x00, 0x00, 0x00, 0x00, 0x00, 0x00, 0x00, 0xEF, 0x00, 0x00, 0x00, 0x18, 0x00, 0x00, 0x00, 0x0D, 
0x00, 0x00, 0x00, 0x08, 0x00, 0x00, 0x00, 0x18, 0xFF, 0xFF, 0xFF, 0xFE, 0x00, 0x00, 0x00, 0x00, 
0x00, 0x00, 0x00, 0xF1, 0x00, 0x00, 0x00, 0x19, 0x00, 0x00, 0x00, 0x0E, 0x00, 0x00, 0x00, 0x10, 
0x00, 0x00, 0x00, 0x19, 0x00, 0x00, 0x00, 0x01, 0x00, 0x00, 0x00, 0x00, 0x00, 0x00, 0x00, 0xF2, 
0x00, 0x00, 0x00, 0x1A, 0x00, 0x00, 0x00, 0x0F, 0x00, 0x00, 0x00, 0x10, 0x00, 0x00, 0x00, 0x19, 
0x00, 0x00, 0x00, 0x00, 0x00, 0x00, 0x00, 0x00, 0x00, 0x00, 0x00, 0xF3, 0x00, 0x00, 0x00, 0x1A, 
0x00, 0x00, 0x00, 0x0F, 0x00, 0x00, 0x00, 0x10, 0x00, 0x00, 0x00, 0x19, 0x00, 0x00, 0x00, 0x00, 
0x00, 0x00, 0x00, 0x00, 0x00, 0x00, 0x00, 0xF4, 0x00, 0x00, 0x00, 0x1A, 0x00, 0x00, 0x00, 0x0F, 
0x00, 0x00, 0x00, 0x10, 0x00, 0x00, 0x00, 0x19, 0x00, 0x00, 0x00, 0x00, 0x00, 0x00, 0x00, 0x00, 
0x00, 0x00, 0x00, 0xF5, 0x00, 0x00, 0x00, 0x1A, 0x00, 0x00, 0x00, 0x0F, 0x00, 0x00, 0x00, 0x10, 
0x00, 0x00, 0x00, 0x19, 0x00, 0x00, 0x00, 0x00, 0x00, 0x00, 0x00, 0x00, 0x00, 0x00, 0x00, 0xF6, 
0x00, 0x00, 0x00, 0x19, 0x00, 0x00, 0x00, 0x0F, 0x00, 0x00, 0x00, 0x10, 0x00, 0x00, 0x00, 0x18, 
0x00, 0x00, 0x00, 0x00, 0x00, 0x00, 0x00, 0x00, 0x00, 0x00, 0x00, 0xF7, 0x00, 0x00, 0x00, 0x12, 
0x00, 0x00, 0x00, 0x0F, 0x00, 0x00, 0x00, 0x10, 0x00, 0x00, 0x00, 0x14, 0x00, 0x00, 0x00, 0x00, 
0x00, 0x00, 0x00, 0x00, 0x00, 0x00, 0x00, 0xF8, 0x00, 0x00, 0x00, 0x17, 0x00, 0x00, 0x00, 0x0F, 
0x00, 0x00, 0x00, 0x10, 0x00, 0x00, 0x00, 0x14, 0x00, 0x00, 0x00, 0x00, 0x00, 0x00, 0x00, 0x00, 
0x00, 0x00, 0x00, 0xF9, 0x00, 0x00, 0x00, 0x1A, 0x00, 0x00, 0x00, 0x0E, 0x00, 0x00, 0x00, 0x10, 
0x00, 0x00, 0x00, 0x19, 0x00, 0x00, 0x00, 0x01, 0x00, 0x00, 0x00, 0x00, 0x00, 0x00, 0x00, 0xFA, 
0x00, 0x00, 0x00, 0x1A, 0x00, 0x00, 0x00, 0x0E, 0x00, 0x00, 0x00, 0x10, 0x00, 0x00, 0x00, 0x19, 
0x00, 0x00, 0x00, 0x01, 0x00, 0x00, 0x00, 0x00, 0x00, 0x00, 0x00, 0xFB, 0x00, 0x00, 0x00, 0x1A, 
0x00, 0x00, 0x00, 0x0E, 0x00, 0x00, 0x00, 0x10, 0x00, 0x00, 0x00, 0x19, 0x00, 0x00, 0x00, 0x01, 
0x00, 0x00, 0x00, 0x00, 0x00, 0x00, 0x00, 0xFC, 0x00, 0x00, 0x00, 0x19, 0x00, 0x00, 0x00, 0x0E, 
0x00, 0x00, 0x00, 0x10, 0x00, 0x00, 0x00, 0x18, 0x00, 0x00, 0x00, 0x01, 0x00, 0x00, 0x00, 0x00, 
0x00, 0x00, 0x00, 0xFD, 0x00, 0x00, 0x00, 0x20, 0x00, 0x00, 0x00, 0x0F, 0x00, 0x00, 0x00, 0x0E, 
0x00, 0x00, 0x00, 0x19, 0x00, 0x00, 0x00, 0x00, 0x00, 0x00, 0x00, 0x00, 0x00, 0x00, 0x00, 0xFF, 
0x00, 0x00, 0x00, 0x1F, 0x00, 0x00, 0x00, 0x0F, 0x00, 0x00, 0x00, 0x0E, 0x00, 0x00, 0x00, 0x18, 
0x00, 0x00, 0x00, 0x00, 0x00, 0x00, 0x00, 0x00, 0x00, 0x00, 0x01, 0x02, 0x00, 0x00, 0x00, 0x1E, 
0x00, 0x00, 0x00, 0x13, 0x00, 0x00, 0x00, 0x13, 0x00, 0x00, 0x00, 0x1E, 0x00, 0x00, 0x00, 0x00, 
0x00, 0x00, 0x00, 0x00, 0x00, 0x00, 0x01, 0x03, 0x00, 0x00, 0x00, 0x1A, 0x00, 0x00, 0x00, 0x0F, 
0x00, 0x00, 0x00, 0x0F, 0x00, 0x00, 0x00, 0x19, 0x00, 0x00, 0x00, 0x00, 0x00, 0x00, 0x00, 0x00, 
0x00, 0x00, 0x01, 0x04, 0x00, 0x00, 0x00, 0x1F, 0x00, 0x00, 0x00, 0x13, 0x00, 0x00, 0x00, 0x13, 
0x00, 0x00, 0x00, 0x18, 0x00, 0x00, 0x00, 0x00, 0x00, 0x00, 0x00, 0x00, 0x00, 0x00, 0x01, 0x05, 
0x00, 0x00, 0x00, 0x19, 0x00, 0x00, 0x00, 0x0F, 0x00, 0x00, 0x00, 0x0F, 0x00, 0x00, 0x00, 0x12, 
0x00, 0x00, 0x00, 0x00, 0x00, 0x00, 0x00, 0x00, 0x00, 0x00, 0x01, 0x06, 0x00, 0x00, 0x00, 0x1F, 
0x00, 0x00, 0x00, 0x11, 0x00, 0x00, 0x00, 0x12, 0x00, 0x00, 0x00, 0x1E, 0x00, 0x00, 0x00, 0x01, 
0x00, 0x00, 0x00, 0x00, 0x00, 0x00, 0x01, 0x07, 0x00, 0x00, 0x00, 0x1A, 0x00, 0x00, 0x00, 0x0E, 
0x00, 0x00, 0x00, 0x0F, 0x00, 0x00, 0x00, 0x19, 0x00, 0x00, 0x00, 0x00, 0x00, 0x00, 0x00, 0x00, 
0x00, 0x00, 0x01, 0x0C, 0x00, 0x00, 0x00, 0x1F, 0x00, 0x00, 0x00, 0x11, 0x00, 0x00, 0x00, 0x12, 
0x00, 0x00, 0x00, 0x1E, 0x00, 0x00, 0x00, 0x01, 0x00, 0x00, 0x00, 0x00, 0x00, 0x00, 0x01, 0x0D, 
0x00, 0x00, 0x00, 0x1A, 0x00, 0x00, 0x00, 0x0E, 0x00, 0x00, 0x00, 0x0F, 0x00, 0x00, 0x00, 0x19, 
0x00, 0x00, 0x00, 0x00, 0x00, 0x00, 0x00, 0x00, 0x00, 0x00, 0x01, 0x0E, 0x00, 0x00, 0x00, 0x1E, 
0x00, 0x00, 0x00, 0x10, 0x00, 0x00, 0x00, 0x12, 0x00, 0x00, 0x00, 0x1E, 0x00, 0x00, 0x00, 0x01, 
0x00, 0x00, 0x00, 0x00, 0x00, 0x00, 0x01, 0x0F, 0x00, 0x00, 0x00, 0x1A, 0x00, 0x00, 0x00, 0x14, 
0x00, 0x00, 0x00, 0x12, 0x00, 0x00, 0x00, 0x19, 0x00, 0x00, 0x00, 0x00, 0x00, 0x00, 0x00, 0x00, 
0x00, 0x00, 0x01, 0x10, 0x00, 0x00, 0x00, 0x18, 0x00, 0x00, 0x00, 0x12, 0x00, 0x00, 0x00, 0x13, 
0x00, 0x00, 0x00, 0x18, 0x00, 0x00, 0x00, 0x00, 0x00, 0x00, 0x00, 0x00, 0x00, 0x00, 0x01, 0x11, 
0x00, 0x00, 0x00, 0x1A, 0x00, 0x00, 0x00, 0x11, 0x00, 0x00, 0x00, 0x12, 0x00, 0x00, 0x00, 0x19, 
0x00, 0x00, 0x00, 0x00, 0x00, 0x00, 0x00, 0x00, 0x00, 0x00, 0x01, 0x18, 0x00, 0x00, 0x00, 0x1F, 
0x00, 0x00, 0x00, 0x0F, 0x00, 0x00, 0x00, 0x10, 0x00, 0x00, 0x00, 0x18, 0x00, 0x00, 0x00, 0x01, 
0x00, 0x00, 0x00, 0x00, 0x00, 0x00, 0x01, 0x19, 0x00, 0x00, 0x00, 0x19, 0x00, 0x00, 0x00, 0x0E, 
0x00, 0x00, 0x00, 0x0F, 0x00, 0x00, 0x00, 0x12, 0x00, 0x00, 0x00, 0x01, 0x00, 0x00, 0x00, 0x00, 
0x00, 0x00, 0x01, 0x1A, 0x00, 0x00, 0x00, 0x1E, 0x00, 0x00, 0x00, 0x0F, 0x00, 0x00, 0x00, 0x10, 
0x00, 0x00, 0x00, 0x1E, 0x00, 0x00, 0x00, 0x01, 0x00, 0x00, 0x00, 0x00, 0x00, 0x00, 0x01, 0x1B, 
0x00, 0x00, 0x00, 0x1A, 0x00, 0x00, 0x00, 0x0E, 0x00, 0x00, 0x00, 0x0F, 0x00, 0x00, 0x00, 0x19, 
0x00, 0x00, 0x00, 0x01, 0x00, 0x00, 0x00, 0x00, 0x00, 0x00, 0x01, 0x31, 0x00, 0x00, 0x00, 0x12, 
0x00, 0x00, 0x00, 0x06, 0x00, 0x00, 0x00, 0x08, 0x00, 0x00, 0x00, 0x12, 0x00, 0x00, 0x00, 0x01, 
0x00, 0x00, 0x00, 0x00, 0x00, 0x00, 0x01, 0x39, 0x00, 0x00, 0x00, 0x1E, 0x00, 0x00, 0x00, 0x0E, 
0x00, 0x00, 0x00, 0x0F, 0x00, 0x00, 0x00, 0x1E, 0x00, 0x00, 0x00, 0x01, 0x00, 0x00, 0x00, 0x00, 
0x00, 0x00, 0x01, 0x3A, 0x00, 0x00, 0x00, 0x1F, 0x00, 0x00, 0x00, 0x0A, 0x00, 0x00, 0x00, 0x08, 
0x00, 0x00, 0x00, 0x1F, 0x00, 0x00, 0x00, 0x01, 0x00, 0x00, 0x00, 0x00, 0x00, 0x00, 0x01, 0x3D, 
0x00, 0x00, 0x00, 0x18, 0x00, 0x00, 0x00, 0x0E, 0x00, 0x00, 0x00, 0x0F, 0x00, 0x00, 0x00, 0x18, 
0x00, 0x00, 0x00, 0x01, 0x00, 0x00, 0x00, 0x00, 0x00, 0x00, 0x01, 0x3E, 0x00, 0x00, 0x00, 0x19, 
0x00, 0x00, 0x00, 0x0B, 0x00, 0x00, 0x00, 0x0A, 0x00, 0x00, 0x00, 0x19, 0x00, 0x00, 0x00, 0x01, 
0x00, 0x00, 0x00, 0x00, 0x00, 0x00, 0x01, 0x41, 0x00, 0x00, 0x00, 0x18, 0x00, 0x00, 0x00, 0x10, 
0x00, 0x00, 0x00, 0x10, 0x00, 0x00, 0x00, 0x18, 0x00, 0x00, 0x00, 0x00, 0x00, 0x00, 0x00, 0x00, 
0x00, 0x00, 0x01, 0x42, 0x00, 0x00, 0x00, 0x19, 0x00, 0x00, 0x00, 0x09, 0x00, 0x00, 0x00, 0x09, 
0x00, 0x00, 0x00, 0x19, 0x00, 0x00, 0x00, 0x00, 0x00, 0x00, 0x00, 0x00, 0x00, 0x00, 0x01, 0x43, 
0x00, 0x00, 0x00, 0x1E, 0x00, 0x00, 0x00, 0x11, 0x00, 0x00, 0x00, 0x14, 0x00, 0x00, 0x00, 0x1E, 
0x00, 0x00, 0x00, 0x01, 0x00, 0x00, 0x00, 0x00, 0x00, 0x00, 0x01, 0x44, 0x00, 0x00, 0x00, 0x19, 
0x00, 0x00, 0x00, 0x0E, 0x00, 0x00, 0x00, 0x10, 0x00, 0x00, 0x00, 0x19, 0x00, 0x00, 0x00, 0x01, 
0x00, 0x00, 0x00, 0x00, 0x00, 0x00, 0x01, 0x47, 0x00, 0x00, 0x00, 0x1E, 0x00, 0x00, 0x00, 0x11, 
0x00, 0x00, 0x00, 0x14, 0x00, 0x00, 0x00, 0x1E, 0x00, 0x00, 0x00, 0x01, 0x00, 0x00, 0x00, 0x00, 
0x00, 0x00, 0x01, 0x48, 0x00, 0x00, 0x00, 0x19, 0x00, 0x00, 0x00, 0x0E, 0x00, 0x00, 0x00, 0x10, 
0x00, 0x00, 0x00, 0x19, 0x00, 0x00, 0x00, 0x01, 0x00, 0x00, 0x00, 0x00, 0x00, 0x00, 0x01, 0x50, 
0x00, 0x00, 0x00, 0x1F, 0x00, 0x00, 0x00, 0x12, 0x00, 0x00, 0x00, 0x13, 0x00, 0x00, 0x00, 0x1E, 
0x00, 0x00, 0x00, 0x01, 0x00, 0x00, 0x00, 0x00, 0x00, 0x00, 0x01, 0x51, 0x00, 0x00, 0x00, 0x1A, 
0x00, 0x00, 0x00, 0x10, 0x00, 0x00, 0x00, 0x10, 0x00, 0x00, 0x00, 0x19, 0x00, 0x00, 0x00, 0x00, 
0x00, 0x00, 0x00, 0x00, 0x00, 0x00, 0x01, 0x52, 0x00, 0x00, 0x00, 0x19, 0x00, 0x00, 0x00, 0x19, 
0x00, 0x00, 0x00, 0x1B, 0x00, 0x00, 0x00, 0x18, 0x00, 0x00, 0x00, 0x01, 0x00, 0x00, 0x00, 0x00, 
0x00, 0x00, 0x01, 0x53, 0x00, 0x00, 0x00, 0x13, 0x00, 0x00, 0x00, 0x17, 0x00, 0x00, 0x00, 0x19, 
0x00, 0x00, 0x00, 0x12, 0x00, 0x00, 0x00, 0x01, 0x00, 0x00, 0x00, 0x00, 0x00, 0x00, 0x01, 0x54, 
0x00, 0x00, 0x00, 0x1E, 0x00, 0x00, 0x00, 0x11, 0x00, 0x00, 0x00, 0x12, 0x00, 0x00, 0x00, 0x1E, 
0x00, 0x00, 0x00, 0x01, 0x00, 0x00, 0x00, 0x00, 0x00, 0x00, 0x01, 0x55, 0x00, 0x00, 0x00, 0x19, 
0x00, 0x00, 0x00, 0x0B, 0x00, 0x00, 0x00, 0x0B, 0x00, 0x00, 0x00, 0x19, 0x00, 0x00, 0x00, 0x01, 
0x00, 0x00, 0x00, 0x00, 0x00, 0x00, 0x01, 0x58, 0x00, 0x00, 0x00, 0x1E, 0x00, 0x00, 0x00, 0x11, 
0x00, 0x00, 0x00, 0x12, 0x00, 0x00, 0x00, 0x1E, 0x00, 0x00, 0x00, 0x01, 0x00, 0x00, 0x00, 0x00, 
0x00, 0x00, 0x01, 0x59, 0x00, 0x00, 0x00, 0x19, 0x00, 0x00, 0x00, 0x0C, 0x00, 0x00, 0x00, 0x0B, 
0x00, 0x00, 0x00, 0x19, 0x00, 0x00, 0x00, 0x00, 0x00, 0x00, 0x00, 0x00, 0x00, 0x00, 0x01, 0x5A, 
0x00, 0x00, 0x00, 0x1F, 0x00, 0x00, 0x00, 0x10, 0x00, 0x00, 0x00, 0x11, 0x00, 0x00, 0x00, 0x1E, 
0x00, 0x00, 0x00, 0x01, 0x00, 0x00, 0x00, 0x00, 0x00, 0x00, 0x01, 0x5B, 0x00, 0x00, 0x00, 0x1A, 
0x00, 0x00, 0x00, 0x0E, 0x00, 0x00, 0x00, 0x0F, 0x00, 0x00, 0x00, 0x19, 0x00, 0x00, 0x00, 0x00, 
0x00, 0x00, 0x00, 0x00, 0x00, 0x00, 0x01, 0x5E, 0x00, 0x00, 0x00, 0x20, 0x00, 0x00, 0x00, 0x10, 
0x00, 0x00, 0x00, 0x11, 0x00, 0x00, 0x00, 0x18, 0x00, 0x00, 0x00, 0x01, 0x00, 0x00, 0x00, 0x00, 
0x00, 0x00, 0x01, 0x5F, 0x00, 0x00, 0x00, 0x1A, 0x00, 0x00, 0x00, 0x0E, 0x00, 0x00, 0x00, 0x0F, 
0x00, 0x00, 0x00, 0x12, 0x00, 0x00, 0x00, 0x00, 0x00, 0x00, 0x00, 0x00, 0x00, 0x00, 0x01, 0x60, 
0x00, 0x00, 0x00, 0x1F, 0x00, 0x00, 0x00, 0x10, 0x00, 0x00, 0x00, 0x11, 0x00, 0x00, 0x00, 0x1E, 
0x00, 0x00, 0x00, 0x01, 0x00, 0x00, 0x00, 0x00, 0x00, 0x00, 0x01, 0x61, 0x00, 0x00, 0x00, 0x1A, 
0x00, 0x00, 0x00, 0x0E, 0x00, 0x00, 0x00, 0x0F, 0x00, 0x00, 0x00, 0x19, 0x00, 0x00, 0x00, 0x00, 
0x00, 0x00, 0x00, 0x00, 0x00, 0x00, 0x01, 0x62, 0x00, 0x00, 0x00, 0x20, 0x00, 0x00, 0x00, 0x11, 
0x00, 0x00, 0x00, 0x11, 0x00, 0x00, 0x00, 0x18, 0x00, 0x00, 0x00, 0x00, 0x00, 0x00, 0x00, 0x00, 
0x00, 0x00, 0x01, 0x63, 0x00, 0x00, 0x00, 0x1E, 0x00, 0x00, 0x00, 0x0A, 0x00, 0x00, 0x00, 0x0A, 
0x00, 0x00, 0x00, 0x16, 0x00, 0x00, 0x00, 0x00, 0x00, 0x00, 0x00, 0x00, 0x00, 0x00, 0x01, 0x64, 
0x00, 0x00, 0x00, 0x1E, 0x00, 0x00, 0x00, 0x11, 0x00, 0x00, 0x00, 0x11, 0x00, 0x00, 0x00, 0x1E, 
0x00, 0x00, 0x00, 0x00, 0x00, 0x00, 0x00, 0x00, 0x00, 0x00, 0x01, 0x65, 0x00, 0x00, 0x00, 0x1C, 
0x00, 0x00, 0x00, 0x0D, 0x00, 0x00, 0x00, 0x0A, 0x00, 0x00, 0x00, 0x1B, 0x00, 0x00, 0x00, 0x00, 
0x00, 0x00, 0x00, 0x00, 0x00, 0x00, 0x01, 0x6E, 0x00, 0x00, 0x00, 0x20, 0x00, 0x00, 0x00, 0x10, 
0x00, 0x00, 0x00, 0x12, 0x00, 0x00, 0x00, 0x1F, 0x00, 0x00, 0x00, 0x01, 0x00, 0x00, 0x00, 0x00, 
0x00, 0x00, 0x01, 0x6F, 0x00, 0x00, 0x00, 0x1B, 0x00, 0x00, 0x00, 0x0E, 0x00, 0x00, 0x00, 0x10, 
0x00, 0x00, 0x00, 0x1A, 0x00, 0x00, 0x00, 0x01, 0x00, 0x00, 0x00, 0x00, 0x00, 0x00, 0x01, 0x70, 
0x00, 0x00, 0x00, 0x1F, 0x00, 0x00, 0x00, 0x10, 0x00, 0x00, 0x00, 0x12, 0x00, 0x00, 0x00, 0x1E, 
0x00, 0x00, 0x00, 0x01, 0x00, 0x00, 0x00, 0x00, 0x00, 0x00, 0x01, 0x71, 0x00, 0x00, 0x00, 0x1A, 
0x00, 0x00, 0x00, 0x0F, 0x00, 0x00, 0x00, 0x10, 0x00, 0x00, 0x00, 0x19, 0x00, 0x00, 0x00, 0x01, 
0x00, 0x00, 0x00, 0x00, 0x00, 0x00, 0x01, 0x78, 0x00, 0x00, 0x00, 0x1D, 0x00, 0x00, 0x00, 0x12, 
0x00, 0x00, 0x00, 0x11, 0x00, 0x00, 0x00, 0x1D, 0x00, 0x00, 0x00, 0x00, 0x00, 0x00, 0x00, 0x00, 
0x00, 0x00, 0x01, 0x79, 0x00, 0x00, 0x00, 0x1E, 0x00, 0x00, 0x00, 0x11, 0x00, 0x00, 0x00, 0x11, 
0x00, 0x00, 0x00, 0x1E, 0x00, 0x00, 0x00, 0x00, 0x00, 0x00, 0x00, 0x00, 0x00, 0x00, 0x01, 0x7A, 
0x00, 0x00, 0x00, 0x19, 0x00, 0x00, 0x00, 0x0D, 0x00, 0x00, 0x00, 0x0E, 0x00, 0x00, 0x00, 0x19, 
0x00, 0x00, 0x00, 0x01, 0x00, 0x00, 0x00, 0x00, 0x00, 0x00, 0x01, 0x7B, 0x00, 0x00, 0x00, 0x1E, 
0x00, 0x00, 0x00, 0x11, 0x00, 0x00, 0x00, 0x11, 0x00, 0x00, 0x00, 0x1E, 0x00, 0x00, 0x00, 0x00, 
0x00, 0x00, 0x00, 0x00, 0x00, 0x00, 0x01, 0x7C, 0x00, 0x00, 0x00, 0x19, 0x00, 0x00, 0x00, 0x0D, 
0x00, 0x00, 0x00, 0x0E, 0x00, 0x00, 0x00, 0x19, 0x00, 0x00, 0x00, 0x01, 0x00, 0x00, 0x00, 0x00, 
0x00, 0x00, 0x01, 0x7D, 0x00, 0x00, 0x00, 0x1E, 0x00, 0x00, 0x00, 0x11, 0x00, 0x00, 0x00, 0x11, 
0x00, 0x00, 0x00, 0x1E, 0x00, 0x00, 0x00, 0x00, 0x00, 0x00, 0x00, 0x00, 0x00, 0x00, 0x01, 0x7E, 
0x00, 0x00, 0x00, 0x19, 0x00, 0x00, 0x00, 0x0D, 0x00, 0x00, 0x00, 0x0E, 0x00, 0x00, 0x00, 0x19, 
0x00, 0x00, 0x00, 0x01, 0x00, 0x00, 0x00, 0x00, 0x00, 0x00, 0x01, 0x92, 0x00, 0x00, 0x00, 0x20, 
0x00, 0x00, 0x00, 0x0C, 0x00, 0x00, 0x00, 0x0B, 0x00, 0x00, 0x00, 0x19, 0xFF, 0xFF, 0xFF, 0xFF, 
0x00, 0x00, 0x00, 0x00, 0x00, 0x00, 0x02, 0xC6, 0x00, 0x00, 0x00, 0x06, 0x00, 0x00, 0x00, 0x0C, 
0x00, 0x00, 0x00, 0x0E, 0x00, 0x00, 0x00, 0x19, 0x00, 0x00, 0x00, 0x01, 0x00, 0x00, 0x00, 0x00, 
0x00, 0x00, 0x02, 0xC7, 0x00, 0x00, 0x00, 0x06, 0x00, 0x00, 0x00, 0x0C, 0x00, 0x00, 0x00, 0x0E, 
0x00, 0x00, 0x00, 0x19, 0x00, 0x00, 0x00, 0x01, 0x00, 0x00, 0x00, 0x00, 0x00, 0x00, 0x02, 0xD8, 
0x00, 0x00, 0x00, 0x06, 0x00, 0x00, 0x00, 0x0C, 0x00, 0x00, 0x00, 0x0E, 0x00, 0x00, 0x00, 0x19, 
0x00, 0x00, 0x00, 0x01, 0x00, 0x00, 0x00, 0x00, 0x00, 0x00, 0x02, 0xD9, 0x00, 0x00, 0x00, 0x05, 
0x00, 0x00, 0x00, 0x06, 0x00, 0x00, 0x00, 0x08, 0x00, 0x00, 0x00, 0x18, 0x00, 0x00, 0x00, 0x01, 
0x00, 0x00, 0x00, 0x00, 0x00, 0x00, 0x02, 0xDA, 0x00, 0x00, 0x00, 0x08, 0x00, 0x00, 0x00, 0x09, 
0x00, 0x00, 0x00, 0x0B, 0x00, 0x00, 0x00, 0x19, 0x00, 0x00, 0x00, 0x01, 0x00, 0x00, 0x00, 0x00, 
0x00, 0x00, 0x02, 0xDB, 0x00, 0x00, 0x00, 0x09, 0x00, 0x00, 0x00, 0x07, 0x00, 0x00, 0x00, 0x09, 
0x00, 0x00, 0x00, 0x02, 0x00, 0x00, 0x00, 0x00, 0x00, 0x00, 0x00, 0x00, 0x00, 0x00, 0x02, 0xDC, 
0x00, 0x00, 0x00, 0x06, 0x00, 0x00, 0x00, 0x0C, 0x00, 0x00, 0x00, 0x0E, 0x00, 0x00, 0x00, 0x19, 
0x00, 0x00, 0x00, 0x01, 0x00, 0x00, 0x00, 0x00, 0x00, 0x00, 0x02, 0xDD, 0x00, 0x00, 0x00, 0x06, 
0x00, 0x00, 0x00, 0x0D, 0x00, 0x00, 0x00, 0x0C, 0x00, 0x00, 0x00, 0x19, 0x00, 0x00, 0x00, 0x00, 
0x00, 0x00, 0x00, 0x00, 0x00, 0x00, 0x03, 0xA9, 0x00, 0x00, 0x00, 0x18, 0x00, 0x00, 0x00, 0x11, 
0x00, 0x00, 0x00, 0x13, 0x00, 0x00, 0x00, 0x18, 0x00, 0x00, 0x00, 0x01, 0x00, 0x00, 0x00, 0x00, 
0x00, 0x00, 0x03, 0xC0, 0x00, 0x00, 0x00, 0x13, 0x00, 0x00, 0x00, 0x12, 0x00, 0x00, 0x00, 0x12, 
0x00, 0x00, 0x00, 0x12, 0x00, 0x00, 0x00, 0x00, 0x00, 0x00, 0x00, 0x00, 0x00, 0x00, 0x20, 0x13, 
0x00, 0x00, 0x00, 0x05, 0x00, 0x00, 0x00, 0x0F, 0x00, 0x00, 0x00, 0x12, 0x00, 0x00, 0x00, 0x0E, 
0x00, 0x00, 0x00, 0x02, 0x00, 0x00, 0x00, 0x00, 0x00, 0x00, 0x20, 0x14, 0x00, 0x00, 0x00, 0x05, 
0x00, 0x00, 0x00, 0x14, 0x00, 0x00, 0x00, 0x15, 0x00, 0x00, 0x00, 0x0E, 0x00, 0x00, 0x00, 0x01, 
0x00, 0x00, 0x00, 0x00, 0x00, 0x00, 0x20, 0x18, 0x00, 0x00, 0x00, 0x09, 0x00, 0x00, 0x00, 0x06, 
0x00, 0x00, 0x00, 0x07, 0x00, 0x00, 0x00, 0x19, 0x00, 0x00, 0x00, 0x01, 0x00, 0x00, 0x00, 0x00, 
0x00, 0x00, 0x20, 0x19, 0x00, 0x00, 0x00, 0x0A, 0x00, 0x00, 0x00, 0x06, 0x00, 0x00, 0x00, 0x07, 
0x00, 0x00, 0x00, 0x19, 0x00, 0x00, 0x00, 0x00, 0x00, 0x00, 0x00, 0x00, 0x00, 0x00, 0x20, 0x1A, 
0x00, 0x00, 0x00, 0x09, 0x00, 0x00, 0x00, 0x06, 0x00, 0x00, 0x00, 0x08, 0x00, 0x00, 0x00, 0x04, 
0x00, 0x00, 0x00, 0x01, 0x00, 0x00, 0x00, 0x00, 0x00, 0x00, 0x20, 0x1C, 0x00, 0x00, 0x00, 0x09, 
0x00, 0x00, 0x00, 0x0B, 0x00, 0x00, 0x00, 0x0C, 0x00, 0x00, 0x00, 0x19, 0x00, 0x00, 0x00, 0x01, 
0x00, 0x00, 0x00, 0x00, 0x00, 0x00, 0x20, 0x1D, 0x00, 0x00, 0x00, 0x0A, 0x00, 0x00, 0x00, 0x0B, 
0x00, 0x00, 0x00, 0x0C, 0x00, 0x00, 0x00, 0x19, 0x00, 0x00, 0x00, 0x01, 0x00, 0x00, 0x00, 0x00, 
0x00, 0x00, 0x20, 0x1E, 0x00, 0x00, 0x00, 0x0B, 0x00, 0x00, 0x00, 0x0A, 0x00, 0x00, 0x00, 0x0C, 
0x00, 0x00, 0x00, 0x05, 0x00, 0x00, 0x00, 0x01, 0x00, 0x00, 0x00, 0x00, 0x00, 0x00, 0x20, 0x20, 
0x00, 0x00, 0x00, 0x18, 0x00, 0x00, 0x00, 0x0F, 0x00, 0x00, 0x00, 0x0F, 0x00, 0x00, 0x00, 0x18, 
0x00, 0x00, 0x00, 0x00, 0x00, 0x00, 0x00, 0x00, 0x00, 0x00, 0x20, 0x21, 0x00, 0x00, 0x00, 0x1F, 
0x00, 0x00, 0x00, 0x0E, 0x00, 0x00, 0x00, 0x10, 0x00, 0x00, 0x00, 0x18, 0x00, 0x00, 0x00, 0x01, 
0x00, 0x00, 0x00, 0x00, 0x00, 0x00, 0x20, 0x22, 0x00, 0x00, 0x00, 0x09, 0x00, 0x00, 0x00, 0x09, 
0x00, 0x00, 0x00, 0x0C, 0x00, 0x00, 0x00, 0x10, 0x00, 0x00, 0x00, 0x01, 0x00, 0x00, 0x00, 0x00, 
0x00, 0x00, 0x20, 0x26, 0x00, 0x00, 0x00, 0x07, 0x00, 0x00, 0x00, 0x14, 0x00, 0x00, 0x00, 0x15, 
0x00, 0x00, 0x00, 0x06, 0x00, 0x00, 0x00, 0x01, 0x00, 0x00, 0x00, 0x00, 0x00, 0x00, 0x20, 0x30, 
0x00, 0x00, 0x00, 0x19, 0x00, 0x00, 0x00, 0x19, 0x00, 0x00, 0x00, 0x1A, 0x00, 0x00, 0x00, 0x18, 
0x00, 0x00, 0x00, 0x01, 0x00, 0x00, 0x00, 0x00, 0x00, 0x00, 0x20, 0x39, 0x00, 0x00, 0x00, 0x0E, 
0x00, 0x00, 0x00, 0x08, 0x00, 0x00, 0x00, 0x09, 0x00, 0x00, 0x00, 0x0F, 0x00, 0x00, 0x00, 0x01, 
0x00, 0x00, 0x00, 0x00, 0x00, 0x00, 0x20, 0x3A, 0x00, 0x00, 0x00, 0x0E, 0x00, 0x00, 0x00, 0x07, 
0x00, 0x00, 0x00, 0x09, 0x00, 0x00, 0x00, 0x0F, 0x00, 0x00, 0x00, 0x01, 0x00, 0x00, 0x00, 0x00, 
0x00, 0x00, 0x20, 0x44, 0x00, 0x00, 0x00, 0x15, 0x00, 0x00, 0x00, 0x0D, 0x00, 0x00, 0x00, 0x0D, 
0x00, 0x00, 0x00, 0x16, 0x00, 0x00, 0x00, 0x00, 0x00, 0x00, 0x00, 0x00, 0x00, 0x00, 0x20, 0xAC, 
0x00, 0x00, 0x00, 0x19, 0x00, 0x00, 0x00, 0x0E, 0x00, 0x00, 0x00, 0x10, 0x00, 0x00, 0x00, 0x18, 
0x00, 0x00, 0x00, 0x01, 0x00, 0x00, 0x00, 0x00, 0x00, 0x00, 0x21, 0x22, 0x00, 0x00, 0x00, 0x0A, 
0x00, 0x00, 0x00, 0x0F, 0x00, 0x00, 0x00, 0x12, 0x00, 0x00, 0x00, 0x18, 0x00, 0x00, 0x00, 0x01, 
0x00, 0x00, 0x00, 0x00, 0x00, 0x00, 0x22, 0x02, 0x00, 0x00, 0x00, 0x1A, 0x00, 0x00, 0x00, 0x0F, 
0x00, 0x00, 0x00, 0x10, 0x00, 0x00, 0x00, 0x19, 0x00, 0x00, 0x00, 0x01, 0x00, 0x00, 0x00, 0x00, 
0x00, 0x00, 0x22, 0x06, 0x00, 0x00, 0x00, 0x18, 0x00, 0x00, 0x00, 0x15, 0x00, 0x00, 0x00, 0x14, 
0x00, 0x00, 0x00, 0x18, 0x00, 0x00, 0x00, 0x00, 0x00, 0x00, 0x00, 0x00, 0x00, 0x00, 0x22, 0x0F, 
0x00, 0x00, 0x00, 0x1C, 0x00, 0x00, 0x00, 0x10, 0x00, 0x00, 0x00, 0x14, 0x00, 0x00, 0x00, 0x18, 
0x00, 0x00, 0x00, 0x02, 0x00, 0x00, 0x00, 0x00, 0x00, 0x00, 0x22, 0x11, 0x00, 0x00, 0x00, 0x1D, 
0x00, 0x00, 0x00, 0x11, 0x00, 0x00, 0x00, 0x12, 0x00, 0x00, 0x00, 0x18, 0x00, 0x00, 0x00, 0x00, 
0x00, 0x00, 0x00, 0x00, 0x00, 0x00, 0x22, 0x1A, 0x00, 0x00, 0x00, 0x19, 0x00, 0x00, 0x00, 0x10, 
0x00, 0x00, 0x00, 0x10, 0x00, 0x00, 0x00, 0x18, 0x00, 0x00, 0x00, 0x00, 0x00, 0x00, 0x00, 0x00, 
0x00, 0x00, 0x22, 0x1E, 0x00, 0x00, 0x00, 0x13, 0x00, 0x00, 0x00, 0x1B, 0x00, 0x00, 0x00, 0x1D, 
0x00, 0x00, 0x00, 0x12, 0x00, 0x00, 0x00, 0x01, 0x00, 0x00, 0x00, 0x00, 0x00, 0x00, 0x22, 0x2B, 
0x00, 0x00, 0x00, 0x20, 0x00, 0x00, 0x00, 0x0B, 0x00, 0x00, 0x00, 0x09, 0x00, 0x00, 0x00, 0x19, 
0xFF, 0xFF, 0xFF, 0xFF, 0x00, 0x00, 0x00, 0x00, 0x00, 0x00, 0x22, 0x48, 0x00, 0x00, 0x00, 0x0E, 
0x00, 0x00, 0x00, 0x0E, 0x00, 0x00, 0x00, 0x10, 0x00, 0x00, 0x00, 0x11, 0x00, 0x00, 0x00, 0x01, 
0x00, 0x00, 0x00, 0x00, 0x00, 0x00, 0x22, 0x60, 0x00, 0x00, 0x00, 0x13, 0x00, 0x00, 0x00, 0x0E, 
0x00, 0x00, 0x00, 0x10, 0x00, 0x00, 0x00, 0x14, 0x00, 0x00, 0x00, 0x01, 0x00, 0x00, 0x00, 0x00, 
0x00, 0x00, 0x22, 0x64, 0x00, 0x00, 0x00, 0x12, 0x00, 0x00, 0x00, 0x0D, 0x00, 0x00, 0x00, 0x0E, 
0x00, 0x00, 0x00, 0x12, 0x00, 0x00, 0x00, 0x00, 0x00, 0x00, 0x00, 0x00, 0x00, 0x00, 0x22, 0x65, 
0x00, 0x00, 0x00, 0x13, 0x00, 0x00, 0x00, 0x0D, 0x00, 0x00, 0x00, 0x0F, 0x00, 0x00, 0x00, 0x12, 
0x00, 0x00, 0x00, 0x01, 0x00, 0x00, 0x00, 0x00, 0x00, 0x00, 0x25, 0xCA, 0x00, 0x00, 0x00, 0x18, 
0x00, 0x00, 0x00, 0x0E, 0x00, 0x00, 0x00, 0x0E, 0x00, 0x00, 0x00, 0x18, 0x00, 0x00, 0x00, 0x00, 
0x00, 0x00, 0x00, 0x00, 0x00, 0x00, 0xF8, 0xFF, 0x00, 0x00, 0x00, 0x1C, 0x00, 0x00, 0x00, 0x18, 
0x00, 0x00, 0x00, 0x19, 0x00, 0x00, 0x00, 0x1B, 0x00, 0x00, 0x00, 0x01, 0x00, 0x00, 0x00, 0x00, 
0x00, 0x00, 0xFB, 0x01, 0x00, 0x00, 0x00, 0x19, 0x00, 0x00, 0x00, 0x10, 0x00, 0x00, 0x00, 0x11, 
0x00, 0x00, 0x00, 0x19, 0x00, 0x00, 0x00, 0x00, 0x00, 0x00, 0x00, 0x00, 0x00, 0x00, 0xFB, 0x02, 
0x00, 0x00, 0x00, 0x19, 0x00, 0x00, 0x00, 0x10, 0x00, 0x00, 0x00, 0x12, 0x00, 0x00, 0x00, 0x19, 
0x00, 0x00, 0x00, 0x00, 0x00, 0x00, 0x00, 0x00, 0x02, 0x1F, 0x1F, 0x1F, 0x1F, 0x13, 0x37, 0xFF, 
0xFF, 0xFF, 0xFF, 0xC4, 0x33, 0xFF, 0xFF, 0xFF, 0xFF, 0xC0, 0x2A, 0xFF, 0xFF, 0xFF, 0xFF, 0xB8, 
0x22, 0xFF, 0xFF, 0xFF, 0xFF, 0xB0, 0x19, 0xFF, 0xFF, 0xFF, 0xFF, 0xA7, 0x11, 0xFF, 0xFF, 0xFF, 
0xFF, 0x9F, 0x08, 0xFF, 0xFF, 0xFF, 0xFF, 0x97, 0x01, 0xFE, 0xFF, 0xFF, 0xFF, 0x8F, 0x00, 0xF7, 
0xFF, 0xFF, 0xFF, 0x87, 0x00, 0xEF, 0xFF, 0xFF, 0xFF, 0x7F, 0x00, 0xE6, 0xFF, 0xFF, 0xFF, 0x76, 
0x00, 0xDE, 0xFF, 0xFF, 0xFF, 0x6E, 0x00, 0xD5, 0xFF, 0xFF, 0xFF, 0x66, 0x00, 0xCD, 0xFF, 0xFF, 
0xFF, 0x5E, 0x00, 0xC4, 0xFF, 0xFF, 0xFF, 0x56, 0x00, 0xBC, 0xFF, 0xFF, 0xFF, 0x4D, 0x00, 0x00, 
0x00, 0x00, 0x00, 0x00, 0x00, 0x00, 0x00, 0x00, 0x00, 0x00, 0x00, 0x3B, 0xAB, 0xD8, 0x7D, 0x0F, 
0x04, 0xE8, 0xFF, 0xFF, 0xFF, 0x7A, 0x38, 0xFF, 0xFF, 0xFF, 0xFF, 0xCD, 0x15, 0xFA, 0xFF, 0xFF, 
0xFF, 0x9C, 0x00, 0x86, 0xF7, 0xFF, 0xD9, 0x30, 0x00, 0x00, 0x11, 0x34, 0x00, 0x00, 0x0E, 0x61, 
0x61, 0x61, 0x1D, 0x05, 0x60, 0x61, 0x61, 0x24, 0x30, 0xFF, 0xFF, 0xFF, 0x57, 0x16, 0xFF, 0xFF, 
0xFF, 0x6B, 0x30, 0xFF, 0xFF, 0xFF, 0x57, 0x16, 0xFF, 0xFF, 0xFF, 0x6B, 0x30, 0xFF, 0xFF, 0xFF, 
0x4E, 0x16, 0xFF, 0xFF, 0xFF, 0x62, 0x30, 0xFF, 0xFF, 0xFF, 0x35, 0x16, 0xFF, 0xFF, 0xFF, 0x4A, 
0x30, 0xFF, 0xFF, 0xFF, 0x1D, 0x16, 0xFF, 0xFF, 0xFF, 0x32, 0x30, 0xFF, 0xFF, 0xFE, 0x05, 0x16, 
0xFF, 0xFF, 0xFF, 0x1A, 0x30, 0xFF, 0xFF, 0xEB, 0x00, 0x16, 0xFF, 0xFF, 0xFD, 0x03, 0x30, 0xFF, 
0xFF, 0xD3, 0x00, 0x16, 0xFF, 0xFF, 0xE9, 0x00, 0x17, 0x93, 0x93, 0x6E, 0x00, 0x09, 0x92, 0x93, 
0x7C, 0x00, 0x00, 0x00, 0x00, 0x00, 0x00, 0x00, 0x17, 0x1F, 0x1F, 0x06, 0x00, 0x1C, 0x1F, 0x1F, 
0x01, 0x00, 0x00, 0x00, 0x00, 0x00, 0x00, 0x00, 0x00, 0xD3, 0xFF, 0xFF, 0x4B, 0x05, 0xFB, 0xFF, 
0xFF, 0x22, 0x00, 0x00, 0x00, 0x00, 0x00, 0x00, 0x00, 0x01, 0xF6, 0xFF, 0xFF, 0x2A, 0x26, 0xFF, 
0xFF, 0xFC, 0x05, 0x00, 0x00, 0x00, 0x00, 0x00, 0x00, 0x00, 0x1E, 0xFF, 0xFF, 0xFD, 0x07, 0x4C, 
0xFF, 0xFF, 0xDC, 0x00, 0x00, 0x00, 0x00, 0x00, 0x00, 0x00, 0x00, 0x43, 0xFF, 0xFF, 0xDF, 0x00, 
0x71, 0xFF, 0xFF, 0xB6, 0x00, 0x00, 0x00, 0x00, 0x00, 0x00, 0x00, 0x00, 0x69, 0xFF, 0xFF, 0xBA, 
0x00, 0x97, 0xFF, 0xFF, 0x90, 0x00, 0x00, 0x00, 0x00, 0x00, 0x00, 0x00, 0x00, 0x8E, 0xFF, 0xFF, 
0x94, 0x00, 0xBC, 0xFF, 0xFF, 0x6B, 0x00, 0x00, 0x00, 0x00, 0x03, 0x9B, 0x9F, 0x9F, 0xFF, 0xFF, 
0xFF, 0xFF, 0x9F, 0xFF, 0xFF, 0xFF, 0xE4, 0x9F, 0x9B, 0x02, 0x00, 0x07, 0xFF, 0xFF, 0xFF, 0xFF, 
0xFF, 0xFF, 0xFF, 0xFF, 0xFF, 0xFF, 0xFF, 0xFF, 0xFF, 0xFF, 0x05, 0x00, 0x07, 0xFF, 0xFF, 0xFF, 
0xFF, 0xFF, 0xFF, 0xFF, 0xFF, 0xFF, 0xFF, 0xFF, 0xFF, 0xFF, 0xFF, 0x05, 0x00, 0x02, 0x6F, 0x72, 
0x98, 0xFF, 0xFF, 0xFF, 0x76, 0xC5, 0xFF, 0xFF, 0xFF, 0x72, 0x72, 0x6F, 0x01, 0x00, 0x00, 0x00, 
0x00, 0x4A, 0xFF, 0xFF, 0xD9, 0x00, 0x77, 0xFF, 0xFF, 0xAF, 0x00, 0x00, 0x00, 0x00, 0x00, 0x00, 
0x00, 0x00, 0x70, 0xFF, 0xFF, 0xB3, 0x00, 0x9D, 0xFF, 0xFF, 0x89, 0x00, 0x00, 0x00, 0x00, 0x00, 
0x00, 0x00, 0x00, 0x95, 0xFF, 0xFF, 0x8E, 0x00, 0xC2, 0xFF, 0xFF, 0x63, 0x00, 0x00, 0x00, 0x00, 
0x00, 0x78, 0x7C, 0x7C, 0xFF, 0xFF, 0xFF, 0xE5, 0x7C, 0xFF, 0xFF, 0xFF, 0xBA, 0x7C, 0x78, 0x01, 
0x00, 0x01, 0xFF, 0xFF, 0xFF, 0xFF, 0xFF, 0xFF, 0xFF, 0xFF, 0xFF, 0xFF, 0xFF, 0xFF, 0xFF, 0xFF, 
0x03, 0x00, 0x01, 0xFF, 0xFF, 0xFF, 0xFF, 0xFF, 0xFF, 0xFF, 0xFF, 0xFF, 0xFF, 0xFF, 0xFF, 0xFF, 
0xFF, 0x03, 0x00, 0x00, 0x93, 0x97, 0xC4, 0xFF, 0xFF, 0xFF, 0x99, 0xF0, 0xFF, 0xFF, 0xFF, 0x97, 
0x97, 0x94, 0x01, 0x00, 0x00, 0x00, 0x00, 0x51, 0xFF, 0xFF, 0xD2, 0x00, 0x7D, 0xFF, 0xFF, 0xA7, 
0x00, 0x00, 0x00, 0x00, 0x00, 0x00, 0x00, 0x00, 0x77, 0xFF, 0xFF, 0xAD, 0x00, 0xA3, 0xFF, 0xFF, 
0x82, 0x00, 0x00, 0x00, 0x00, 0x00, 0x00, 0x00, 0x00, 0x9C, 0xFF, 0xFF, 0x87, 0x00, 0xC8, 0xFF, 
0xFF, 0x5C, 0x00, 0x00, 0x00, 0x00, 0x00, 0x00, 0x00, 0x00, 0xC2, 0xFF, 0xFF, 0x62, 0x00, 0xED, 
0xFF, 0xFF, 0x36, 0x00, 0x00, 0x00, 0x00, 0x00, 0x00, 0x00, 0x00, 0xE7, 0xFF, 0xFF, 0x3C, 0x13, 
0xFF, 0xFF, 0xFF, 0x11, 0x00, 0x00, 0x00, 0x00, 0x00, 0x00, 0x00, 0x06, 0xFC, 0xFF, 0xFF, 0x17, 
0x2D, 0xFF, 0xFF, 0xEB, 0x00, 0x00, 0x00, 0x00, 0x00, 0x00, 0x00, 0x00, 0x00, 0x00, 0x00, 0x00, 
0x91, 0xBF, 0xAF, 0x00, 0x00, 0x00, 0x00, 0x00, 0x00, 0x00, 0x00, 0x00, 0x00, 0x00, 0xC7, 0xFF, 
0xEF, 0x00, 0x00, 0x00, 0x00, 0x00, 0x00, 0x00, 0x00, 0x00, 0x00, 0x00, 0xC7, 0xFF, 0xEF, 0x00, 
0x00, 0x00, 0x00, 0x00, 0x00, 0x00, 0x00, 0x00, 0x00, 0x0B, 0xFF, 0xFF, 0xFF, 0x16, 0x00, 0x00, 
0x00, 0x00, 0x00, 0x00, 0x00, 0x3A, 0xC9, 0xFB, 0xFF, 0xFF, 0xFF, 0xFF, 0xB7, 0x17, 0x00, 0x00, 
0x00, 0x00, 0x39, 0xF2, 0xFF, 0xFF, 0xFF, 0xFF, 0xFF, 0xFF, 0xFF, 0xE9, 0x2B, 0x00, 0x00, 0x24, 
0xF1, 0xFF, 0xFF, 0xFF, 0xFF, 0xFF, 0xFF, 0xFF, 0xFF, 0xFF, 0xBA, 0x00, 0x00, 0x6E, 0xFF, 0xFF, 
0xFF, 0xFF, 0xEA, 0xB3, 0xFC, 0xFF, 0xFF, 0xFF, 0xFF, 0x45, 0x00, 0xAA, 0xFF, 0xFF, 0xFF, 0xFD, 
0x2F, 0x00, 0x77, 0xFF, 0xFF, 0xFF, 0xFF, 0x8A, 0x00, 0xE5, 0xFF, 0xFF, 0xFF, 0xDA, 0x00, 0x00, 
0x13, 0xFE, 0xFF, 0xFF, 0xFF, 0xAE, 0x00, 0xEF, 0xFF, 0xFF, 0xFF, 0xD9, 0x00, 0x00, 0x00, 0xED, 
0xFF, 0xFF, 0xFF, 0xD1, 0x00, 0xBA, 0xFF, 0xFF, 0xFF, 0xFC, 0x2D, 0x00, 0x00, 0x40, 0x49, 0x49, 
0x49, 0x38, 0x00, 0x83, 0xFF, 0xFF, 0xFF, 0xFF, 0xD9, 0x2A, 0x00, 0x00, 0x00, 0x00, 0x00, 0x00, 
0x00, 0x40, 0xFF, 0xFF, 0xFF, 0xFF, 0xFF, 0xF6, 0x79, 0x08, 0x00, 0x00, 0x00, 0x00, 0x00, 0x00, 
0x78, 0xFF, 0xFF, 0xFF, 0xFF, 0xFF, 0xFF, 0xDF, 0x56, 0x00, 0x00, 0x00, 0x00, 0x00, 0x00, 0x8A, 
0xFF, 0xFF, 0xFF, 0xFF, 0xFF, 0xFF, 0xFF, 0x8E, 0x00, 0x00, 0x00, 0x00, 0x00, 0x00, 0x40, 0xCC, 
0xFF, 0xFF, 0xFF, 0xFF, 0xFF, 0xFF, 0x75, 0x00, 0x00, 0x00, 0x00, 0x00, 0x00, 0x01, 0x5D, 0xEA, 
0xFF, 0xFF, 0xFF, 0xFF, 0xFE, 0x2C, 0x00, 0x00, 0x00, 0x00, 0x00, 0x00, 0x00, 0x16, 0xCE, 0xFF, 
0xFF, 0xFF, 0xFF, 0x67, 0x59, 0x85, 0x85, 0x85, 0x85, 0x05, 0x00, 0x00, 0x33, 0xFF, 0xFF, 0xFF, 
0xFF, 0x9E, 0xA1, 0xFF, 0xFF, 0xFF, 0xFF, 0x1F, 0x00, 0x00, 0x02, 0xFF, 0xFF, 0xFF, 0xFF, 0xD1, 
0x76, 0xFF, 0xFF, 0xFF, 0xFF, 0x4E, 0x00, 0x00, 0x0A, 0xFE, 0xFF, 0xFF, 0xFF, 0xCC, 0x4C, 0xFF, 
0xFF, 0xFF, 0xFF, 0xC8, 0x0B, 0x00, 0x76, 0xFF, 0xFF, 0xFF, 0xFF, 0xB0, 0x16, 0xF3, 0xFF, 0xFF, 
0xFF, 0xFF, 0xE4, 0xD3, 0xFF, 0xFF, 0xFF, 0xFF, 0xFF, 0x67, 0x00, 0x65, 0xFF, 0xFF, 0xFF, 0xFF, 
0xFF, 0xFF, 0xFF, 0xFF, 0xFF, 0xFF, 0xDA, 0x0E, 0x00, 0x00, 0xA9, 0xFF, 0xFF, 0xFF, 0xFF, 0xFF, 
0xFF, 0xFF, 0xFF, 0xD4, 0x18, 0x00, 0x00, 0x00, 0x00, 0x50, 0xDA, 0xFF, 0xFF, 0xFF, 0xFF, 0xDE, 
0xA2, 0x13, 0x00, 0x00, 0x00, 0x00, 0x00, 0x00, 0x00, 0x31, 0xFF, 0xFF, 0xB1, 0x00, 0x00, 0x00, 
0x00, 0x00, 0x00, 0x00, 0x00, 0x00, 0x00, 0x1B, 0xFF, 0xFF, 0x9A, 0x00, 0x00, 0x00, 0x00, 0x00, 
0x00, 0x00, 0x00, 0x00, 0x00, 0x1B, 0xFF, 0xFF, 0x9A, 0x00, 0x00, 0x00, 0x00, 0x00, 0x00, 0x00, 
0x00, 0x00, 0x00, 0x06, 0x5E, 0x5E, 0x34, 0x00, 0x00, 0x00, 0x00, 0x00, 0x00, 0x00, 0x00, 0x27, 
0x67, 0x4C, 0x0D, 0x00, 0x00, 0x00, 0x00, 0x00, 0x00, 0x00, 0x00, 0x00, 0x00, 0x00, 0x00, 0x00, 
0x1D, 0xDA, 0xFF, 0xFF, 0xFF, 0xFB, 0x8E, 0x00, 0x00, 0x00, 0x00, 0x00, 0x00, 0x00, 0x00, 0x00, 
0x00, 0x00, 0x0A, 0xCF, 0xFF, 0xFF, 0xFF, 0xFF, 0xFF, 0xFF, 0x6C, 0x00, 0x00, 0x00, 0x04, 0x00, 
0x00, 0x00, 0x00, 0x00, 0x00, 0x4E, 0xFF, 0xFF, 0xFF, 0xBF, 0xE5, 0xFF, 0xFF, 0xDF, 0x00, 0x00, 
0x00, 0xA3, 0xC5, 0x35, 0x00, 0x00, 0x00, 0x00, 0x82, 0xFF, 0xFF, 0xCF, 0x01, 0x43, 0xFF, 0xFF, 
0xFF, 0x12, 0x00, 0x2C, 0xFD, 0xFF, 0xF9, 0x0E, 0x00, 0x00, 0x00, 0xA7, 0xFF, 0xFF, 0x9E, 0x00, 
0x0D, 0xFF, 0xFF, 0xFF, 0x36, 0x00, 0xB0, 0xFF, 0xFF, 0x99, 0x00, 0x00, 0x00, 0x00, 0xA4, 0xFF, 
0xFF, 0x98, 0x00, 0x0C, 0xFF, 0xFF, 0xFF, 0x37, 0x37, 0xFF, 0xFF, 0xF7, 0x1B, 0x00, 0x00, 0x00, 
0x00, 0x85, 0xFF, 0xFF, 0xCC, 0x00, 0x3C, 0xFF, 0xFF, 0xFF, 0x15, 0xBC, 0xFF, 0xFF, 0x8C, 0x00, 
0x00, 0x00, 0x00, 0x00, 0x50, 0xFF, 0xFF, 0xFF, 0xB5, 0xDE, 0xFF, 0xFF, 0xE1, 0x43, 0xFF, 0xFF, 
0xF2, 0x14, 0x00, 0x00, 0x00, 0x00, 0x00, 0x0C, 0xD5, 0xFF, 0xFF, 0xFF, 0xFF, 0xFF, 0xFF, 0x75, 
0xC8, 0xFF, 0xFF, 0x80, 0x00, 0x00, 0x00, 0x00, 0x00, 0x00, 0x00, 0x21, 0xE3, 0xFF, 0xFF, 0xFF, 
0xFE, 0x9C, 0x50, 0xFF, 0xFF, 0xEB, 0x0D, 0x00, 0x00, 0x00, 0x00, 0x00, 0x00, 0x00, 0x00, 0x01, 
0x33, 0x73, 0x5B, 0x17, 0x02, 0xD3, 0xFF, 0xFF, 0x73, 0x00, 0x00, 0x00, 0x00, 0x00, 0x00, 0x00, 
0x00, 0x00, 0x00, 0x00, 0x00, 0x00, 0x00, 0x5C, 0xFF, 0xFF, 0xE4, 0x08, 0x00, 0x00, 0x00, 0x00, 
0x00, 0x00, 0x00, 0x00, 0x00, 0x00, 0x00, 0x00, 0x00, 0x05, 0xDD, 0xFF, 0xFF, 0x67, 0x13, 0x57, 
0x97, 0x7C, 0x37, 0x03, 0x00, 0x00, 0x00, 0x00, 0x00, 0x00, 0x00, 0x00, 0x68, 0xFF, 0xFF, 0xDB, 
0x3A, 0xF6, 0xFF, 0xFF, 0xFF, 0xFF, 0xB9, 0x03, 0x00, 0x00, 0x00, 0x00, 0x00, 0x00, 0x09, 0xE5, 
0xFF, 0xFF, 0x70, 0xE6, 0xFF, 0xFF, 0xFF, 0xFF, 0xFF, 0xFF, 0x8A, 0x00, 0x00, 0x00, 0x00, 0x00, 
0x00, 0x75, 0xFF, 0xFF, 0xD1, 0x5D, 0xFF, 0xFF, 0xFF, 0x90, 0xCC, 0xFF, 0xFF, 0xE6, 0x00, 0x00, 
0x00, 0x00, 0x00, 0x0E, 0xEC, 0xFF, 0xFF, 0x4E, 0x90, 0xFF, 0xFF, 0xBC, 0x00, 0x32, 0xFF, 0xFF, 
0xFF, 0x19, 0x00, 0x00, 0x00, 0x00, 0x81, 0xFF, 0xFF, 0xC7, 0x00, 0xAE, 0xFF, 0xFF, 0x98, 0x00, 
0x0B, 0xFF, 0xFF, 0xFF, 0x35, 0x00, 0x00, 0x00, 0x15, 0xF2, 0xFF, 0xFF, 0x41, 0x00, 0xA6, 0xFF, 
0xFF, 0x9D, 0x00, 0x0F, 0xFF, 0xFF, 0xFF, 0x32, 0x00, 0x00, 0x00, 0x89, 0xFF, 0xFF, 0xBB, 0x00, 
0x00, 0x80, 0xFF, 0xFF, 0xE0, 0x09, 0x44, 0xFF, 0xFF, 0xFD, 0x0B, 0x00, 0x00, 0x00, 0x33, 0xC6, 
0xFF, 0x35, 0x00, 0x00, 0x4B, 0xFF, 0xFF, 0xFF, 0xE1, 0xF1, 0xFF, 0xFF, 0xD6, 0x00, 0x00, 0x00, 
0x00, 0x00, 0x01, 0x36, 0x00, 0x00, 0x00, 0x04, 0xBB, 0xFF, 0xFF, 0xFF, 0xFF, 0xFF, 0xFE, 0x50, 
0x00, 0x00, 0x00, 0x00, 0x00, 0x00, 0x00, 0x00, 0x00, 0x00, 0x00, 0x10, 0xB7, 0xF9, 0xFF, 0xFF, 
0xE6, 0x6E, 0x00, 0x00, 0x00, 0x00, 0x00, 0x00, 0x00, 0x00, 0x00, 0x00, 0x00, 0x00, 0x00, 0x00, 
0x0B, 0x44, 0x2C, 0x00, 0x00, 0x00, 0x00, 0x00, 0x00, 0x00, 0x00, 0x00, 0x00, 0x10, 0x4F, 0x64, 
0x23, 0x00, 0x00, 0x00, 0x00, 0x00, 0x00, 0x00, 0x00, 0x00, 0x00, 0x00, 0x00, 0x00, 0x22, 0xC8, 
0xFC, 0xFF, 0xFF, 0xFF, 0xDE, 0x48, 0x00, 0x00, 0x00, 0x00, 0x00, 0x00, 0x00, 0x00, 0x00, 0x00, 
0x16, 0xDB, 0xFF, 0xFF, 0xFF, 0xFF, 0xFF, 0xFF, 0xF5, 0x3A, 0x00, 0x00, 0x00, 0x00, 0x00, 0x00, 
0x00, 0x00, 0x00, 0xB9, 0xFF, 0xFF, 0xFF, 0xFF, 0xFF, 0xFF, 0xFF, 0xFF, 0xE5, 0x00, 0x00, 0x00, 
0x00, 0x00, 0x00, 0x00, 0x00, 0x06, 0xF8, 0xFF, 0xFF, 0xFF, 0xE3, 0xDB, 0xFF, 0xFF, 0xFF, 0xFF, 
0x27, 0x00, 0x00, 0x00, 0x00, 0x00, 0x00, 0x00, 0x36, 0xFF, 0xFF, 0xFF, 0xFF, 0x28, 0x03, 0xD0, 
0xFF, 0xFF, 0xFF, 0x64, 0x00, 0x00, 0x00, 0x00, 0x00, 0x00, 0x00, 0x67, 0xFF, 0xFF, 0xFF, 0xED, 
0x00, 0x00, 0x99, 0xFF, 0xFF, 0xFF, 0x6E, 0x00, 0x00, 0x00, 0x00, 0x00, 0x00, 0x00, 0x55, 0xFF, 
0xFF, 0xFF, 0xFF, 0x15, 0x05, 0xD0, 0xFF, 0xFF, 0xFF, 0x46, 0x00, 0x00, 0x00, 0x00, 0x00, 0x00, 
0x00, 0x28, 0xFF, 0xFF, 0xFF, 0xFF, 0x88, 0x9E, 0xFF, 0xFF, 0xFF, 0xEF, 0x0F, 0x00, 0x00, 0x00, 
0x00, 0x00, 0x00, 0x00, 0x02, 0xDB, 0xFF, 0xFF, 0xFF, 0xFF, 0xFF, 0xFF, 0xFF, 0xFF, 0x77, 0x00, 
0x00, 0x00, 0x00, 0x00, 0x00, 0x00, 0x00, 0x00, 0x60, 0xFF, 0xFF, 0xFF, 0xFF, 0xFF, 0xFF, 0xFF, 
0xA2, 0x02, 0x00, 0x00, 0x00, 0x00, 0x00, 0x00, 0x00, 0x00, 0x00, 0x04, 0xFF, 0xFF, 0xFF, 0xFF, 
0xFF, 0xFF, 0x93, 0x02, 0x00, 0x00, 0x00, 0x00, 0x00, 0x00, 0x00, 0x00, 0x00, 0x00, 0x85, 0xFF, 
0xFF, 0xFF, 0xFF, 0xFF, 0xFF, 0x39, 0x00, 0x18, 0x86, 0x86, 0x86, 0x75, 0x00, 0x00, 0x00, 0x00, 
0x7C, 0xFF, 0xFF, 0xFF, 0xFF, 0xFF, 0xFF, 0xFF, 0xDE, 0x0E, 0x49, 0xFF, 0xFF, 0xFF, 0xE1, 0x00, 
0x00, 0x00, 0x31, 0xFA, 0xFF, 0xFF, 0xFF, 0xFF, 0xFF, 0xFF, 0xFF, 0xFF, 0xA2, 0x6D, 0xFF, 0xFF, 
0xFF, 0xCA, 0x00, 0x00, 0x00, 0xA9, 0xFF, 0xFF, 0xFF, 0xFF, 0x63, 0xFA, 0xFF, 0xFF, 0xFF, 0xFF, 
0xEF, 0xFF, 0xFF, 0xFF, 0xB3, 0x00, 0x00, 0x00, 0xDB, 0xFF, 0xFF, 0xFF, 0xDA, 0x00, 0x7A, 0xFF, 
0xFF, 0xFF, 0xFF, 0xFF, 0xFF, 0xFF, 0xFF, 0x89, 0x00, 0x00, 0x07, 0xFE, 0xFF, 0xFF, 0xFF, 0xC9, 
0x00, 0x02, 0xC3, 0xFF, 0xFF, 0xFF, 0xFF, 0xFF, 0xFF, 0xFF, 0x34, 0x00, 0x00, 0x00, 0xE6, 0xFF, 
0xFF, 0xFF, 0xF2, 0x03, 0x00, 0x20, 0xF1, 0xFF, 0xFF, 0xFF, 0xFF, 0xFF, 0xDE, 0x00, 0x00, 0x00, 
0x00, 0xAB, 0xFF, 0xFF, 0xFF, 0xFF, 0x80, 0x00, 0x05, 0xB2, 0xFF, 0xFF, 0xFF, 0xFF, 0xFF, 0x97, 
0x00, 0x00, 0x00, 0x00, 0x6F, 0xFF, 0xFF, 0xFF, 0xFF, 0xFF, 0xDD, 0xF1, 0xFF, 0xFF, 0xFF, 0xFF, 
0xFF, 0xFF, 0xDD, 0x0D, 0x00, 0x00, 0x00, 0x19, 0xDF, 0xFF, 0xFF, 0xFF, 0xFF, 0xFF, 0xFF, 0xFF, 
0xFF, 0xFF, 0xFF, 0xFF, 0xFF, 0xFF, 0xA0, 0x00, 0x00, 0x00, 0x00, 0x22, 0xE4, 0xFF, 0xFF, 0xFF, 
0xFF, 0xFF, 0xFF, 0xFF, 0xFF, 0xFF, 0xFF, 0xFF, 0xFF, 0xFF, 0x57, 0x00, 0x00, 0x00, 0x00, 0x27, 
0xB8, 0xFD, 0xFF, 0xFF, 0xFF, 0xF5, 0xC1, 0x35, 0x89, 0xFF, 0xFF, 0xFF, 0xFF, 0xEF, 0x09, 0x00, 
0x00, 0x00, 0x00, 0x00, 0x17, 0x3B, 0x4E, 0x2A, 0x03, 0x00, 0x00, 0x00, 0x00, 0x00, 0x00, 0x00, 
0x00, 0x00, 0x0D, 0x5F, 0x5F, 0x5F, 0x29, 0x30, 0xFF, 0xFF, 0xFF, 0x7C, 0x30, 0xFF, 0xFF, 0xFF, 
0x7C, 0x30, 0xFF, 0xFF, 0xFF, 0x78, 0x30, 0xFF, 0xFF, 0xFF, 0x65, 0x2F, 0xFF, 0xFF, 0xFF, 0x53, 
0x2F, 0xFF, 0xFF, 0xFF, 0x40, 0x2F, 0xFF, 0xFF, 0xFF, 0x2D, 0x2E, 0xFF, 0xFF, 0xFF, 0x1A, 0x1C, 
0x9A, 0x9A, 0x9A, 0x06, 0x00, 0x00, 0x00, 0x00, 0x00, 0x00, 0x09, 0x80, 0x00, 0x00, 0x00, 0x00, 
0x00, 0x00, 0x19, 0xCA, 0xFF, 0x34, 0x00, 0x00, 0x00, 0x00, 0x10, 0xE0, 0xFF, 0xFF, 0x88, 0x00, 
0x00, 0x00, 0x00, 0x9E, 0xFF, 0xFF, 0xFF, 0x61, 0x00, 0x00, 0x00, 0x45, 0xFF, 0xFF, 0xFF, 0x9D, 
0x00, 0x00, 0x00, 0x07, 0xDF, 0xFF, 0xFF, 0xF2, 0x0F, 0x00, 0x00, 0x00, 0x51, 0xFF, 0xFF, 0xFF, 
0x8E, 0x00, 0x00, 0x00, 0x00, 0xAA, 0xFF, 0xFF, 0xFD, 0x1E, 0x00, 0x00, 0x00, 0x0C, 0xF6, 0xFF, 
0xFF, 0xD1, 0x00, 0x00, 0x00, 0x00, 0x5B, 0xFF, 0xFF, 0xFF, 0x96, 0x00, 0x00, 0x00, 0x00, 0xA8, 
0xFF, 0xFF, 0xFF, 0x5A, 0x00, 0x00, 0x00, 0x00, 0xC8, 0xFF, 0xFF, 0xFF, 0x21, 0x00, 0x00, 0x00, 
0x00, 0xE3, 0xFF, 0xFF, 0xFF, 0x08, 0x00, 0x00, 0x00, 0x02, 0xFB, 0xFF, 0xFF, 0xF7, 0x00, 0x00, 
0x00, 0x00, 0x18, 0xFF, 0xFF, 0xFF, 0xE6, 0x00, 0x00, 0x00, 0x00, 0x33, 0xFF, 0xFF, 0xFF, 0xD5, 
0x00, 0x00, 0x00, 0x00, 0x46, 0xFF, 0xFF, 0xFF, 0xC6, 0x00, 0x00, 0x00, 0x00, 0x3E, 0xFF, 0xFF, 
0xFF, 0xCD, 0x00, 0x00, 0x00, 0x00, 0x25, 0xFF, 0xFF, 0xFF, 0xDE, 0x00, 0x00, 0x00, 0x00, 0x0B, 
0xFF, 0xFF, 0xFF, 0xEF, 0x00, 0x00, 0x00, 0x00, 0x00, 0xF0, 0xFF, 0xFF, 0xFE, 0x02, 0x00, 0x00, 
0x00, 0x00, 0xD5, 0xFF, 0xFF, 0xFF, 0x11, 0x00, 0x00, 0x00, 0x00, 0xBA, 0xFF, 0xFF, 0xFF, 0x3D, 
0x00, 0x00, 0x00, 0x00, 0x86, 0xFF, 0xFF, 0xFF, 0x79, 0x00, 0x00, 0x00, 0x00, 0x2E, 0xFF, 0xFF, 
0xFF, 0xB4, 0x00, 0x00, 0x00, 0x00, 0x00, 0xD5, 0xFF, 0xFF, 0xEE, 0x03, 0x00, 0x00, 0x00, 0x00, 
0x7C, 0xFF, 0xFF, 0xFF, 0x55, 0x00, 0x00, 0x00, 0x00, 0x24, 0xFE, 0xFF, 0xFF, 0xC8, 0x00, 0x00, 
0x00, 0x00, 0x00, 0x96, 0xFF, 0xFF, 0xFF, 0x44, 0x00, 0x00, 0x00, 0x00, 0x0D, 0xE2, 0xFF, 0xFF, 
0xE6, 0x17, 0x00, 0x00, 0x00, 0x00, 0x49, 0xFF, 0xFF, 0xFF, 0x95, 0x00, 0x00, 0x00, 0x00, 0x00, 
0x77, 0xFE, 0xFF, 0x60, 0x00, 0x00, 0x00, 0x00, 0x00, 0x00, 0x52, 0xEE, 0x0F, 0x00, 0x00, 0x00, 
0x00, 0x00, 0x00, 0x00, 0x0D, 0x00, 0x00, 0x60, 0x2C, 0x00, 0x00, 0x00, 0x00, 0x00, 0x00, 0x01, 
0xE0, 0xF2, 0x4D, 0x00, 0x00, 0x00, 0x00, 0x00, 0x37, 0xFF, 0xFF, 0xFD, 0x59, 0x00, 0x00, 0x00, 
0x00, 0x1C, 0xED, 0xFF, 0xFF, 0xEE, 0x19, 0x00, 0x00, 0x00, 0x00, 0x4B, 0xFF, 0xFF, 0xFF, 0xB1, 
0x00, 0x00, 0x00, 0x00, 0x00, 0xB5, 0xFF, 0xFF, 0xFF, 0x59, 0x00, 0x00, 0x00, 0x00, 0x41, 0xFF, 
0xFF, 0xFF, 0xCC, 0x00, 0x00, 0x00, 0x00, 0x00, 0xCF, 0xFF, 0xFF, 0xFF, 0x28, 0x00, 0x00, 0x00, 
0x00, 0x83, 0xFF, 0xFF, 0xFF, 0x83, 0x00, 0x00, 0x00, 0x00, 0x47, 0xFF, 0xFF, 0xFF, 0xDE, 0x00, 
0x00, 0x00, 0x00, 0x0D, 0xFC, 0xFF, 0xFF, 0xFF, 0x32, 0x00, 0x00, 0x00, 0x00, 0xD1, 0xFF, 0xFF, 
0xFF, 0x57, 0x00, 0x00, 0x00, 0x00, 0xB7, 0xFF, 0xFF, 0xFF, 0x72, 0x00, 0x00, 0x00, 0x00, 0xA5, 
0xFF, 0xFF, 0xFF, 0x8E, 0x00, 0x00, 0x00, 0x00, 0x94, 0xFF, 0xFF, 0xFF, 0xAA, 0x00, 0x00, 0x00, 
0x00, 0x82, 0xFF, 0xFF, 0xFF, 0xC6, 0x00, 0x00, 0x00, 0x00, 0x72, 0xFF, 0xFF, 0xFF, 0xD8, 0x00, 
0x00, 0x00, 0x00, 0x7A, 0xFF, 0xFF, 0xFF, 0xD4, 0x00, 0x00, 0x00, 0x00, 0x8B, 0xFF, 0xFF, 0xFF, 
0xB8, 0x00, 0x00, 0x00, 0x00, 0x9C, 0xFF, 0xFF, 0xFF, 0x9C, 0x00, 0x00, 0x00, 0x00, 0xAE, 0xFF, 
0xFF, 0xFF, 0x80, 0x00, 0x00, 0x00, 0x00, 0xC0, 0xFF, 0xFF, 0xFF, 0x64, 0x00, 0x00, 0x00, 0x00, 
0xEB, 0xFF, 0xFF, 0xFF, 0x48, 0x00, 0x00, 0x00, 0x27, 0xFF, 0xFF, 0xFF, 0xF9, 0x11, 0x00, 0x00, 
0x00, 0x62, 0xFF, 0xFF, 0xFF, 0xAF, 0x00, 0x00, 0x00, 0x00, 0x9F, 0xFF, 0xFF, 0xFF, 0x54, 0x00, 
0x00, 0x00, 0x0F, 0xF2, 0xFF, 0xFF, 0xF0, 0x08, 0x00, 0x00, 0x00, 0x74, 0xFF, 0xFF, 0xFF, 0x9A, 
0x00, 0x00, 0x00, 0x0C, 0xE3, 0xFF, 0xFF, 0xED, 0x17, 0x00, 0x00, 0x00, 0xA8, 0xFF, 0xFF, 0xFF, 
0x5B, 0x00, 0x00, 0x00, 0x41, 0xFF, 0xFF, 0xFF, 0xB1, 0x00, 0x00, 0x00, 0x00, 0x12, 0xFA, 0xFF, 
0xC1, 0x13, 0x00, 0x00, 0x00, 0x00, 0x00, 0xB4, 0x9A, 0x05, 0x00, 0x00, 0x00, 0x00, 0x00, 0x00, 
0x0D, 0x00, 0x00, 0x00, 0x00, 0x00, 0x00, 0x00, 0x00, 0x00, 0x00, 0x00, 0x00, 0x03, 0x20, 0x20, 
0x1F, 0x00, 0x00, 0x00, 0x00, 0x00, 0x00, 0x00, 0x00, 0x00, 0x00, 0x00, 0x3E, 0xFF, 0xFF, 0xFF, 
0x1D, 0x00, 0x00, 0x00, 0x00, 0x00, 0x00, 0x00, 0x00, 0x00, 0x00, 0x34, 0xFF, 0xFF, 0xFF, 0x12, 
0x00, 0x00, 0x00, 0x00, 0x00, 0x00, 0x00, 0x00, 0x00, 0x00, 0x26, 0xFF, 0xFF, 0xFF, 0x04, 0x00, 
0x00, 0x00, 0x00, 0x00, 0x00, 0x8A, 0x3D, 0x00, 0x00, 0x18, 0xFF, 0xFF, 0xF4, 0x00, 0x00, 0x00, 
0x35, 0x4F, 0x00, 0x34, 0xFF, 0xFF, 0xD5, 0x6E, 0x1B, 0xFF, 0xFF, 0xE5, 0x0D, 0x67, 0xCE, 0xFF, 
0xE3, 0x01, 0x88, 0xFF, 0xFF, 0xFF, 0xFF, 0xF7, 0xFF, 0xFF, 0xFF, 0xF3, 0xFF, 0xFF, 0xFF, 0xFF, 
0x39, 0x80, 0xE9, 0xFF, 0xFF, 0xFF, 0xFF, 0xFF, 0xFF, 0xFF, 0xFF, 0xFF, 0xFF, 0xFF, 0xF8, 0x63, 
0x00, 0x01, 0x34, 0x7D, 0xCA, 0xFF, 0xFF, 0xFF, 0xFF, 0xFF, 0xD9, 0x92, 0x4B, 0x0B, 0x00, 0x00, 
0x00, 0x00, 0x00, 0x8D, 0xFF, 0xFF, 0xFF, 0xFF, 0xF7, 0x24, 0x00, 0x00, 0x00, 0x00, 0x00, 0x00, 
0x00, 0x5B, 0xFF, 0xFF, 0xFF, 0xFF, 0xFF, 0xFF, 0xD3, 0x0B, 0x00, 0x00, 0x00, 0x00, 0x00, 0x31, 
0xF6, 0xFF, 0xFF, 0xCA, 0x4B, 0xFF, 0xFF, 0xFF, 0xA6, 0x00, 0x00, 0x00, 0x00, 0x11, 0xE0, 0xFF, 
0xFF, 0xFA, 0x2E, 0x00, 0xA8, 0xFF, 0xFF, 0xFF, 0x6F, 0x00, 0x00, 0x00, 0x10, 0xB3, 0xFF, 0xFF, 
0x84, 0x00, 0x00, 0x18, 0xF0, 0xFF, 0xFB, 0x6D, 0x00, 0x00, 0x00, 0x00, 0x00, 0x61, 0xC2, 0x07, 
0x00, 0x00, 0x00, 0x69, 0xDB, 0x35, 0x00, 0x00, 0x00, 0x00, 0x00, 0x00, 0x00, 0x00, 0x00, 0x00, 
0x00, 0x00, 0x01, 0x04, 0x00, 0x00, 0x00, 0x00, 0x00, 0x00, 0x00, 0x00, 0x00, 0x1F, 0x37, 0x37, 
0x37, 0x2B, 0x00, 0x00, 0x00, 0x00, 0x00, 0x00, 0x00, 0x00, 0x00, 0x00, 0xA6, 0xFF, 0xFF, 0xFF, 
0xDC, 0x00, 0x00, 0x00, 0x00, 0x00, 0x00, 0x00, 0x00, 0x00, 0x00, 0xA6, 0xFF, 0xFF, 0xFF, 0xDC, 
0x00, 0x00, 0x00, 0x00, 0x00, 0x00, 0x00, 0x00, 0x00, 0x00, 0xA6, 0xFF, 0xFF, 0xFF, 0xDC, 0x00, 
0x00, 0x00, 0x00, 0x00, 0x00, 0x00, 0x00, 0x00, 0x00, 0xA6, 0xFF, 0xFF, 0xFF, 0xDC, 0x00, 0x00, 
0x00, 0x00, 0x00, 0x00, 0x00, 0x00, 0x00, 0x00, 0xA6, 0xFF, 0xFF, 0xFF, 0xDC, 0x00, 0x00, 0x00, 
0x00, 0x00, 0x01, 0x20, 0x20, 0x20, 0x20, 0xC7, 0xFF, 0xFF, 0xFF, 0xFD, 0x20, 0x20, 0x20, 0x20, 
0x05, 0x28, 0xFF, 0xFF, 0xFF, 0xFF, 0xFF, 0xFF, 0xFF, 0xFF, 0xFF, 0xFF, 0xFF, 0xFF, 0xFF, 0x4D, 
0x29, 0xFF, 0xFF, 0xFF, 0xFF, 0xFF, 0xFF, 0xFF, 0xFF, 0xFF, 0xFF, 0xFF, 0xFF, 0xFF, 0x4E, 0x29, 
0xFF, 0xFF, 0xFF, 0xFF, 0xFF, 0xFF, 0xFF, 0xFF, 0xFF, 0xFF, 0xFF, 0xFF, 0xFF, 0x4E, 0x29, 0xFF, 
0xFF, 0xFF, 0xFF, 0xFF, 0xFF, 0xFF, 0xFF, 0xFF, 0xFF, 0xFF, 0xFF, 0xFF, 0x4E, 0x08, 0x51, 0x51, 
0x51, 0x51, 0xF7, 0xFF, 0xFF, 0xFF, 0xFF, 0x51, 0x51, 0x51, 0x51, 0x14, 0x00, 0x00, 0x00, 0x00, 
0x00, 0xA6, 0xFF, 0xFF, 0xFF, 0xDC, 0x00, 0x00, 0x00, 0x00, 0x00, 0x00, 0x00, 0x00, 0x00, 0x00, 
0xA6, 0xFF, 0xFF, 0xFF, 0xDC, 0x00, 0x00, 0x00, 0x00, 0x00, 0x00, 0x00, 0x00, 0x00, 0x00, 0xA6, 
0xFF, 0xFF, 0xFF, 0xDC, 0x00, 0x00, 0x00, 0x00, 0x00, 0x00, 0x00, 0x00, 0x00, 0x00, 0xA6, 0xFF, 
0xFF, 0xFF, 0xDC, 0x00, 0x00, 0x00, 0x00, 0x00, 0x00, 0x00, 0x00, 0x00, 0x00, 0xA6, 0xFF, 0xFF, 
0xFF, 0xDC, 0x00, 0x00, 0x00, 0x00, 0x00, 0x00, 0x00, 0x00, 0x00, 0x00, 0x73, 0xB7, 0xB7, 0xB7, 
0x9A, 0x00, 0x00, 0x00, 0x00, 0x00, 0x00, 0x00, 0x31, 0x36, 0x36, 0x36, 0x02, 0x00, 0x00, 0xFB, 
0xFF, 0xFF, 0xFF, 0x2D, 0x00, 0x00, 0xFB, 0xFF, 0xFF, 0xFF, 0x2E, 0x00, 0x00, 0xFB, 0xFF, 0xFF, 
0xFF, 0x2D, 0x00, 0x09, 0xFF, 0xFF, 0xFF, 0xFF, 0x24, 0x00, 0x28, 0xFF, 0xFF, 0xFF, 0xFE, 0x07, 
0x00, 0x65, 0xFF, 0xFF, 0xFF, 0xC7, 0x00, 0x00, 0xCA, 0xFF, 0xFF, 0xFF, 0x67, 0x00, 0x4B, 0xFF, 
0xFF, 0xFF, 0xC1, 0x03, 0x00, 0x69, 0xF8, 0xFF, 0xEA, 0x1A, 0x00, 0x00, 0x00, 0x1D, 0x95, 0x44, 
0x00, 0x00, 0x00, 0x41, 0xF1, 0xF1, 0xF1, 0xF1, 0xF1, 0xF1, 0xF1, 0xA1, 0x4A, 0xFF, 0xFF, 0xFF, 
0xFF, 0xFF, 0xFF, 0xFF, 0xAF, 0x4A, 0xFF, 0xFF, 0xFF, 0xFF, 0xFF, 0xFF, 0xFF, 0xAF, 0x48, 0xFF, 
0xFF, 0xFF, 0xFF, 0xFF, 0xFF, 0xFF, 0xAD, 0x02, 0x10, 0x10, 0x10, 0x10, 0x10, 0x10, 0x10, 0x08, 
0x00, 0x00, 0x00, 0x03, 0x00, 0x00, 0x00, 0x00, 0x3E, 0xB6, 0xFA, 0xBC, 0x47, 0x00, 0x00, 0xD8, 
0xFF, 0xFF, 0xFF, 0xE4, 0x03, 0x21, 0xFF, 0xFF, 0xFF, 0xFF, 0xFF, 0x38, 0x04, 0xE5, 0xFF, 0xFF, 
0xFF, 0xEF, 0x09, 0x00, 0x59, 0xDC, 0xFF, 0xE1, 0x63, 0x00, 0x00, 0x00, 0x00, 0x1B, 0x01, 0x00, 
0x00, 0x00, 0x00, 0x00, 0x00, 0x00, 0x00, 0x00, 0x0A, 0x1F, 0x1F, 0x1F, 0x03, 0x00, 0x00, 0x00, 
0x00, 0x00, 0x00, 0x00, 0x7D, 0xFF, 0xFF, 0xFF, 0x28, 0x00, 0x00, 0x00, 0x00, 0x00, 0x00, 0x00, 
0xC4, 0xFF, 0xFF, 0xE6, 0x00, 0x00, 0x00, 0x00, 0x00, 0x00, 0x00, 0x10, 0xFB, 0xFF, 0xFF, 0xA0, 
0x00, 0x00, 0x00, 0x00, 0x00, 0x00, 0x00, 0x52, 0xFF, 0xFF, 0xFF, 0x59, 0x00, 0x00, 0x00, 0x00, 
0x00, 0x00, 0x00, 0x9A, 0xFF, 0xFF, 0xFD, 0x14, 0x00, 0x00, 0x00, 0x00, 0x00, 0x00, 0x00, 0xE1, 
0xFF, 0xFF, 0xCB, 0x00, 0x00, 0x00, 0x00, 0x00, 0x00, 0x00, 0x28, 0xFF, 0xFF, 0xFF, 0x84, 0x00, 
0x00, 0x00, 0x00, 0x00, 0x00, 0x00, 0x6F, 0xFF, 0xFF, 0xFF, 0x3D, 0x00, 0x00, 0x00, 0x00, 0x00, 
0x00, 0x00, 0xB7, 0xFF, 0xFF, 0xF1, 0x04, 0x00, 0x00, 0x00, 0x00, 0x00, 0x00, 0x08, 0xF6, 0xFF, 
0xFF, 0xAF, 0x00, 0x00, 0x00, 0x00, 0x00, 0x00, 0x00, 0x45, 0xFF, 0xFF, 0xFF, 0x68, 0x00, 0x00, 
0x00, 0x00, 0x00, 0x00, 0x00, 0x8C, 0xFF, 0xFF, 0xFF, 0x21, 0x00, 0x00, 0x00, 0x00, 0x00, 0x00, 
0x00, 0xD4, 0xFF, 0xFF, 0xDA, 0x00, 0x00, 0x00, 0x00, 0x00, 0x00, 0x00, 0x1C, 0xFF, 0xFF, 0xFF, 
0x93, 0x00, 0x00, 0x00, 0x00, 0x00, 0x00, 0x00, 0x62, 0xFF, 0xFF, 0xFF, 0x4C, 0x00, 0x00, 0x00, 
0x00, 0x00, 0x00, 0x00, 0xA9, 0xFF, 0xFF, 0xF9, 0x0B, 0x00, 0x00, 0x00, 0x00, 0x00, 0x00, 0x03, 
0xEE, 0xFF, 0xFF, 0xBD, 0x00, 0x00, 0x00, 0x00, 0x00, 0x00, 0x00, 0x38, 0xFF, 0xFF, 0xFF, 0x76, 
0x00, 0x00, 0x00, 0x00, 0x00, 0x00, 0x00, 0x7F, 0xFF, 0xFF, 0xFF, 0x2F, 0x00, 0x00, 0x00, 0x00, 
0x00, 0x00, 0x00, 0xC6, 0xFF, 0xFF, 0xE7, 0x01, 0x00, 0x00, 0x00, 0x00, 0x00, 0x00, 0x11, 0xFC, 
0xFF, 0xFF, 0xA1, 0x00, 0x00, 0x00, 0x00, 0x00, 0x00, 0x00, 0x55, 0xFF, 0xFF, 0xFF, 0x5A, 0x00, 
0x00, 0x00, 0x00, 0x00, 0x00, 0x00, 0x9C, 0xFF, 0xFF, 0xFE, 0x15, 0x00, 0x00, 0x00, 0x00, 0x00, 
0x00, 0x00, 0xE3, 0xFF, 0xFF, 0xCC, 0x00, 0x00, 0x00, 0x00, 0x00, 0x00, 0x00, 0x19, 0xF3, 0xF3, 
0xF3, 0x80, 0x00, 0x00, 0x00, 0x00, 0x00, 0x00, 0x00, 0x00, 0x00, 0x00, 0x00, 0x00, 0x24, 0x59, 
0x64, 0x3C, 0x0E, 0x00, 0x00, 0x00, 0x00, 0x00, 0x00, 0x00, 0x47, 0xE9, 0xFF, 0xFF, 0xFF, 0xFF, 
0xF2, 0x73, 0x04, 0x00, 0x00, 0x00, 0x00, 0x6E, 0xFC, 0xFF, 0xFF, 0xFF, 0xFF, 0xFF, 0xFF, 0xFF, 
0xA1, 0x00, 0x00, 0x00, 0x26, 0xFE, 0xFF, 0xFF, 0xFF, 0xFF, 0xFF, 0xFF, 0xFF, 0xFF, 0xFF, 0x5E, 
0x00, 0x00, 0x98, 0xFF, 0xFF, 0xFF, 0xFF, 0xD6, 0xC3, 0xFF, 0xFF, 0xFF, 0xFF, 0xDB, 0x00, 0x14, 
0xF6, 0xFF, 0xFF, 0xFF, 0xD5, 0x0A, 0x00, 0xAD, 0xFF, 0xFF, 0xFF, 0xFF, 0x30, 0x47, 0xFF, 0xFF, 
0xFF, 0xFF, 0x75, 0x00, 0x00, 0x42, 0xFF, 0xFF, 0xFF, 0xFF, 0x7F, 0x64, 0xFF, 0xFF, 0xFF, 0xFF, 
0x38, 0x00, 0x00, 0x0F, 0xFF, 0xFF, 0xFF, 0xFF, 0xA1, 0x80, 0xFF, 0xFF, 0xFF, 0xFF, 0x24, 0x00, 
0x00, 0x00, 0xF4, 0xFF, 0xFF, 0xFF, 0xB7, 0x9C, 0xFF, 0xFF, 0xFF, 0xFF, 0x15, 0x00, 0x00, 0x00, 
0xE8, 0xFF, 0xFF, 0xFF, 0xCD, 0xB1, 0xFF, 0xFF, 0xFF, 0xFF, 0x0E, 0x00, 0x00, 0x00, 0xE1, 0xFF, 
0xFF, 0xFF, 0xD9, 0xB2, 0xFF, 0xFF, 0xFF, 0xFF, 0x0E, 0x00, 0x00, 0x00, 0xE1, 0xFF, 0xFF, 0xFF, 
0xDE, 0xB2, 0xFF, 0xFF, 0xFF, 0xFF, 0x0E, 0x00, 0x00, 0x00, 0xE1, 0xFF, 0xFF, 0xFF, 0xDE, 0xB2, 
0xFF, 0xFF, 0xFF, 0xFF, 0x0E, 0x00, 0x00, 0x00, 0xE1, 0xFF, 0xFF, 0xFF, 0xDE, 0xB0, 0xFF, 0xFF, 
0xFF, 0xFF, 0x0E, 0x00, 0x00, 0x00, 0xE6, 0xFF, 0xFF, 0xFF, 0xDB, 0x9D, 0xFF, 0xFF, 0xFF, 0xFF, 
0x16, 0x00, 0x00, 0x00, 0xEC, 0xFF, 0xFF, 0xFF, 0xC4, 0x87, 0xFF, 0xFF, 0xFF, 0xFF, 0x23, 0x00, 
0x00, 0x00, 0xFB, 0xFF, 0xFF, 0xFF, 0xA8, 0x71, 0xFF, 0xFF, 0xFF, 0xFF, 0x44, 0x00, 0x00, 0x14, 
0xFF, 0xFF, 0xFF, 0xFF, 0x8C, 0x49, 0xFF, 0xFF, 0xFF, 0xFF, 0x7C, 0x00, 0x00, 0x51, 0xFF, 0xFF, 
0xFF, 0xFF, 0x70, 0x06, 0xF0, 0xFF, 0xFF, 0xFF, 0xE2, 0x12, 0x04, 0xC4, 0xFF, 0xFF, 0xFF, 0xFE, 
0x28, 0x00, 0xA2, 0xFF, 0xFF, 0xFF, 0xFF, 0xE9, 0xEC, 0xFF, 0xFF, 0xFF, 0xFF, 0xB4, 0x00, 0x00, 
0x23, 0xF1, 0xFF, 0xFF, 0xFF, 0xFF, 0xFF, 0xFF, 0xFF, 0xFF, 0xFF, 0x42, 0x00, 0x00, 0x00, 0x56, 
0xFD, 0xFF, 0xFF, 0xFF, 0xFF, 0xFF, 0xFF, 0xFD, 0x74, 0x00, 0x00, 0x00, 0x00, 0x00, 0x34, 0xC8, 
0xFF, 0xFF, 0xFF, 0xFE, 0xD8, 0x4D, 0x00, 0x00, 0x00, 0x00, 0x00, 0x00, 0x00, 0x00, 0x13, 0x3D, 
0x42, 0x10, 0x00, 0x00, 0x00, 0x00, 0x00, 0x00, 0x00, 0x00, 0x00, 0x00, 0x00, 0x00, 0x00, 0x1B, 
0x0B, 0x00, 0x00, 0x00, 0x00, 0x00, 0x04, 0x53, 0xBC, 0xFE, 0x61, 0x00, 0x00, 0x00, 0x1C, 0x82, 
0xE6, 0xFF, 0xFF, 0xFF, 0x61, 0x01, 0x47, 0xB0, 0xFC, 0xFF, 0xFF, 0xFF, 0xFF, 0xFF, 0x61, 0xA7, 
0xFF, 0xFF, 0xFF, 0xFF, 0xFF, 0xFF, 0xFF, 0xFF, 0x61, 0xB6, 0xFF, 0xFF, 0xFF, 0xFF, 0xFF, 0xFF, 
0xFF, 0xFF, 0x61, 0xB6, 0xFF, 0xFF, 0xFF, 0xF6, 0xFF, 0xFF, 0xFF, 0xFF, 0x61, 0xB6, 0xE7, 0x89, 
0x27, 0x61, 0xFF, 0xFF, 0xFF, 0xFF, 0x61, 0x1E, 0x04, 0x00, 0x00, 0x61, 0xFF, 0xFF, 0xFF, 0xFF, 
0x61, 0x00, 0x00, 0x00, 0x00, 0x61, 0xFF, 0xFF, 0xFF, 0xFF, 0x61, 0x00, 0x00, 0x00, 0x00, 0x61, 
0xFF, 0xFF, 0xFF, 0xFF, 0x61, 0x00, 0x00, 0x00, 0x00, 0x61, 0xFF, 0xFF, 0xFF, 0xFF, 0x61, 0x00, 
0x00, 0x00, 0x00, 0x61, 0xFF, 0xFF, 0xFF, 0xFF, 0x61, 0x00, 0x00, 0x00, 0x00, 0x61, 0xFF, 0xFF, 
0xFF, 0xFF, 0x61, 0x00, 0x00, 0x00, 0x00, 0x61, 0xFF, 0xFF, 0xFF, 0xFF, 0x61, 0x00, 0x00, 0x00, 
0x00, 0x61, 0xFF, 0xFF, 0xFF, 0xFF, 0x61, 0x00, 0x00, 0x00, 0x00, 0x61, 0xFF, 0xFF, 0xFF, 0xFF, 
0x61, 0x00, 0x00, 0x00, 0x00, 0x61, 0xFF, 0xFF, 0xFF, 0xFF, 0x61, 0x00, 0x00, 0x00, 0x00, 0x61, 
0xFF, 0xFF, 0xFF, 0xFF, 0x61, 0x00, 0x00, 0x00, 0x00, 0x61, 0xFF, 0xFF, 0xFF, 0xFF, 0x61, 0x00, 
0x00, 0x00, 0x00, 0x61, 0xFF, 0xFF, 0xFF, 0xFF, 0x61, 0x00, 0x00, 0x00, 0x00, 0x61, 0xFF, 0xFF, 
0xFF, 0xFF, 0x61, 0x00, 0x00, 0x00, 0x00, 0x61, 0xFF, 0xFF, 0xFF, 0xFF, 0x61, 0x00, 0x00, 0x00, 
0x00, 0x5D, 0xFF, 0xFF, 0xFF, 0xFF, 0x5D, 0x00, 0x00, 0x00, 0x00, 0x00, 0x14, 0x47, 0x67, 0x5D, 
0x25, 0x00, 0x00, 0x00, 0x00, 0x00, 0x00, 0x00, 0x00, 0x00, 0x08, 0x97, 0xF7, 0xFF, 0xFF, 0xFF, 
0xFF, 0xEB, 0xA8, 0x0D, 0x00, 0x00, 0x00, 0x00, 0x00, 0x02, 0xAC, 0xFF, 0xFF, 0xFF, 0xFF, 0xFF, 
0xFF, 0xFF, 0xFF, 0xC1, 0x0A, 0x00, 0x00, 0x00, 0x00, 0x8D, 0xFF, 0xFF, 0xFF, 0xFF, 0xFF, 0xFF, 
0xFF, 0xFF, 0xFF, 0xFF, 0xB1, 0x00, 0x00, 0x00, 0x49, 0xFF, 0xFF, 0xFF, 0xFF, 0xFF, 0xCD, 0xD7, 
0xFF, 0xFF, 0xFF, 0xFF, 0xFB, 0x09, 0x00, 0x00, 0xA7, 0xFF, 0xFF, 0xFF, 0xFF, 0x80, 0x00, 0x03, 
0xCE, 0xFF, 0xFF, 0xFF, 0xFF, 0x3B, 0x00, 0x00, 0xE6, 0xFF, 0xFF, 0xFF, 0xF4, 0x09, 0x00, 0x00, 
0x67, 0xFF, 0xFF, 0xFF, 0xFF, 0x71, 0x00, 0x04, 0xFD, 0xFF, 0xFF, 0xFF, 0xD0, 0x00, 0x00, 0x00, 
0x4A, 0xFF, 0xFF, 0xFF, 0xFF, 0x86, 0x00, 0x01, 0x60, 0x64, 0x64, 0x64, 0x48, 0x00, 0x00, 0x00, 
0x62, 0xFF, 0xFF, 0xFF, 0xFF, 0x65, 0x00, 0x00, 0x00, 0x00, 0x00, 0x00, 0x00, 0x00, 0x00, 0x00, 
0xB6, 0xFF, 0xFF, 0xFF, 0xFF, 0x3D, 0x00, 0x00, 0x00, 0x00, 0x00, 0x00, 0x00, 0x00, 0x00, 0x2B, 
0xFE, 0xFF, 0xFF, 0xFF, 0xE0, 0x02, 0x00, 0x00, 0x00, 0x00, 0x00, 0x00, 0x00, 0x00, 0x02, 0xC5, 
0xFF, 0xFF, 0xFF, 0xFF, 0x79, 0x00, 0x00, 0x00, 0x00, 0x00, 0x00, 0x00, 0x00, 0x00, 0x6D, 0xFF, 
0xFF, 0xFF, 0xFF, 0xDD, 0x09, 0x00, 0x00, 0x00, 0x00, 0x00, 0x00, 0x00, 0x00, 0x35, 0xF8, 0xFF, 
0xFF, 0xFF, 0xFF, 0x46, 0x00, 0x00, 0x00, 0x00, 0x00, 0x00, 0x00, 0x00, 0x15, 0xE2, 0xFF, 0xFF, 
0xFF, 0xFF, 0x8B, 0x00, 0x00, 0x00, 0x00, 0x00, 0x00, 0x00, 0x00, 0x03, 0xBD, 0xFF, 0xFF, 0xFF, 
0xFF, 0xBD, 0x03, 0x00, 0x00, 0x00, 0x00, 0x00, 0x00, 0x00, 0x00, 0x89, 0xFF, 0xFF, 0xFF, 0xFF, 
0xE9, 0x16, 0x00, 0x00, 0x00, 0x00, 0x00, 0x00, 0x00, 0x00, 0x53, 0xFF, 0xFF, 0xFF, 0xFF, 0xFF, 
0x4C, 0x00, 0x00, 0x00, 0x00, 0x00, 0x00, 0x00, 0x00, 0x28, 0xF2, 0xFF, 0xFF, 0xFF, 0xFF, 0x98, 
0x00, 0x00, 0x00, 0x00, 0x00, 0x00, 0x00, 0x00, 0x0D, 0xD7, 0xFF, 0xFF, 0xFF, 0xFF, 0xDC, 0x0D, 
0x02, 0x02, 0x02, 0x02, 0x02, 0x02, 0x00, 0x00, 0x96, 0xFF, 0xFF, 0xFF, 0xFF, 0xFF, 0xFF, 0xFF, 
0xFF, 0xFF, 0xFF, 0xFF, 0xFF, 0xFE, 0x10, 0x00, 0xB2, 0xFF, 0xFF, 0xFF, 0xFF, 0xFF, 0xFF, 0xFF, 
0xFF, 0xFF, 0xFF, 0xFF, 0xFF, 0xFF, 0x13, 0x00, 0xB2, 0xFF, 0xFF, 0xFF, 0xFF, 0xFF, 0xFF, 0xFF, 
0xFF, 0xFF, 0xFF, 0xFF, 0xFF, 0xFF, 0x13, 0x00, 0xAD, 0xFF, 0xFF, 0xFF, 0xFF, 0xFF, 0xFF, 0xFF, 
0xFF, 0xFF, 0xFF, 0xFF, 0xFF, 0xFE, 0x10, 0x00, 0x00, 0x00, 0x00, 0x00, 0x05, 0x37, 0x6A, 0x4D, 
0x18, 0x00, 0x00, 0x00, 0x00, 0x00, 0x00, 0x00, 0x00, 0x1C, 0xB8, 0xF5, 0xFF, 0xFF, 0xFF, 0xFF, 
0xE2, 0x80, 0x00, 0x00, 0x00, 0x00, 0x00, 0x24, 0xE0, 0xFF, 0xFF, 0xFF, 0xFF, 0xFF, 0xFF, 0xFF, 
0xFF, 0x9B, 0x02, 0x00, 0x00, 0x18, 0xE7, 0xFF, 0xFF, 0xFF, 0xFF, 0xFF, 0xFF, 0xFF, 0xFF, 0xFF, 
0xFF, 0x99, 0x00, 0x00, 0x7F, 0xFF, 0xFF, 0xFF, 0xFF, 0xFA, 0xB9, 0xDB, 0xFF, 0xFF, 0xFF, 0xFF, 
0xFA, 0x16, 0x00, 0xC4, 0xFF, 0xFF, 0xFF, 0xFF, 0x5E, 0x00, 0x04, 0xCB, 0xFF, 0xFF, 0xFF, 0xFF, 
0x56, 0x00, 0xDF, 0xFF, 0xFF, 0xFF, 0xF4, 0x03, 0x00, 0x00, 0x66, 0xFF, 0xFF, 0xFF, 0xFF, 0x71, 
0x00, 0x18, 0x1F, 0x1F, 0x1F, 0x1B, 0x00, 0x00, 0x00, 0x53, 0xFF, 0xFF, 0xFF, 0xFF, 0x78, 0x00, 
0x00, 0x00, 0x00, 0x00, 0x00, 0x00, 0x00, 0x00, 0x7A, 0xFF, 0xFF, 0xFF, 0xFF, 0x4A, 0x00, 0x00, 
0x00, 0x00, 0x00, 0x00, 0x00, 0x00, 0x22, 0xEC, 0xFF, 0xFF, 0xFF, 0xF6, 0x14, 0x00, 0x00, 0x00, 
0x00, 0x00, 0x8F, 0xC2, 0xD0, 0xFE, 0xFF, 0xFF, 0xFF, 0xFF, 0x72, 0x00, 0x00, 0x00, 0x00, 0x00, 
0x00, 0xFF, 0xFF, 0xFF, 0xFF, 0xFF, 0xFF, 0xFF, 0x98, 0x02, 0x00, 0x00, 0x00, 0x00, 0x00, 0x00, 
0xFF, 0xFF, 0xFF, 0xFF, 0xFF, 0xFF, 0xFF, 0x70, 0x03, 0x00, 0x00, 0x00, 0x00, 0x00, 0x00, 0xCE, 
0xFF, 0xFF, 0xFF, 0xFF, 0xFF, 0xFF, 0xFF, 0x8B, 0x00, 0x00, 0x00, 0x00, 0x00, 0x00, 0x1A, 0x28, 
0x34, 0x72, 0xF8, 0xFF, 0xFF, 0xFF, 0xFC, 0x30, 0x00, 0x00, 0x00, 0x00, 0x00, 0x00, 0x00, 0x00, 
0x00, 0x6A, 0xFF, 0xFF, 0xFF, 0xFF, 0x82, 0x00, 0x00, 0x00, 0x00, 0x00, 0x00, 0x00, 0x00, 0x00, 
0x23, 0xFF, 0xFF, 0xFF, 0xFF, 0xAB, 0x09, 0x9C, 0x9D, 0x9D, 0x9D, 0x6B, 0x00, 0x00, 0x00, 0x0D, 
0xFF, 0xFF, 0xFF, 0xFF, 0xC5, 0x04, 0xF7, 0xFF, 0xFF, 0xFF, 0xD9, 0x00, 0x00, 0x00, 0x38, 0xFF, 
0xFF, 0xFF, 0xFF, 0x9F, 0x00, 0xCB, 0xFF, 0xFF, 0xFF, 0xFF, 0x6A, 0x00, 0x08, 0xC6, 0xFF, 0xFF, 
0xFF, 0xFF, 0x70, 0x00, 0x94, 0xFF, 0xFF, 0xFF, 0xFF, 0xFF, 0xDD, 0xF3, 0xFF, 0xFF, 0xFF, 0xFF, 
0xFD, 0x2F, 0x00, 0x14, 0xE5, 0xFF, 0xFF, 0xFF, 0xFF, 0xFF, 0xFF, 0xFF, 0xFF, 0xFF, 0xFF, 0x87, 
0x00, 0x00, 0x00, 0x42, 0xF4, 0xFF, 0xFF, 0xFF, 0xFF, 0xFF, 0xFF, 0xFF, 0xFF, 0xB6, 0x05, 0x00, 
0x00, 0x00, 0x00, 0x1A, 0xA0, 0xFA, 0xFF, 0xFF, 0xFF, 0xFE, 0xD6, 0x51, 0x00, 0x00, 0x00, 0x00, 
0x00, 0x00, 0x00, 0x00, 0x05, 0x29, 0x4B, 0x33, 0x0B, 0x00, 0x00, 0x00, 0x00, 0x00, 0x00, 0x00, 
0x00, 0x00, 0x00, 0x00, 0x00, 0x00, 0x19, 0x3E, 0x3E, 0x3E, 0x25, 0x06, 0x00, 0x00, 0x00, 0x00, 
0x00, 0x00, 0x00, 0x00, 0x00, 0x00, 0xFF, 0xFF, 0xFF, 0xFF, 0xFF, 0x52, 0x00, 0x00, 0x00, 0x00, 
0x00, 0x00, 0x00, 0x00, 0x00, 0x4F, 0xFF, 0xFF, 0xFF, 0xFF, 0xFF, 0x52, 0x00, 0x00, 0x00, 0x00, 
0x00, 0x00, 0x00, 0x00, 0x01, 0xD1, 0xFF, 0xFF, 0xFF, 0xFF, 0xFF, 0x52, 0x00, 0x00, 0x00, 0x00, 
0x00, 0x00, 0x00, 0x00, 0x57, 0xFF, 0xFF, 0xFF, 0xFF, 0xFF, 0xFF, 0x52, 0x00, 0x00, 0x00, 0x00, 
0x00, 0x00, 0x00, 0x03, 0xD8, 0xFF, 0xFF, 0xFF, 0xFF, 0xFF, 0xFF, 0x52, 0x00, 0x00, 0x00, 0x00, 
0x00, 0x00, 0x00, 0x5F, 0xFF, 0xFF, 0xFF, 0xFF, 0xFF, 0xFF, 0xFF, 0x52, 0x00, 0x00, 0x00, 0x00, 
0x00, 0x00, 0x05, 0xDE, 0xFF, 0xFF, 0xFF, 0xFF, 0xFF, 0xFF, 0xFF, 0x52, 0x00, 0x00, 0x00, 0x00, 
0x00, 0x00, 0x67, 0xFF, 0xFF, 0xFF, 0xFF, 0xFF, 0xFF, 0xFF, 0xFF, 0x52, 0x00, 0x00, 0x00, 0x00, 
0x00, 0x08, 0xE3, 0xFF, 0xFF, 0xFC, 0x91, 0xFF, 0xFF, 0xFF, 0xFF, 0x52, 0x00, 0x00, 0x00, 0x00, 
0x00, 0x70, 0xFF, 0xFF, 0xFF, 0xAB, 0x6F, 0xFF, 0xFF, 0xFF, 0xFF, 0x52, 0x00, 0x00, 0x00, 0x00, 
0x0B, 0xE9, 0xFF, 0xFF, 0xFF, 0x38, 0x6F, 0xFF, 0xFF, 0xFF, 0xFF, 0x52, 0x00, 0x00, 0x00, 0x00, 
0x78, 0xFF, 0xFF, 0xFF, 0xC5, 0x00, 0x6F, 0xFF, 0xFF, 0xFF, 0xFF, 0x52, 0x00, 0x00, 0x00, 0x0F, 
0xED, 0xFF, 0xFF, 0xFF, 0x51, 0x00, 0x6F, 0xFF, 0xFF, 0xFF, 0xFF, 0x52, 0x00, 0x00, 0x00, 0x80, 
0xFF, 0xFF, 0xFF, 0xDC, 0x02, 0x00, 0x6F, 0xFF, 0xFF, 0xFF, 0xFF, 0x52, 0x00, 0x00, 0x11, 0xF1, 
0xFF, 0xFF, 0xFF, 0xFF, 0xF0, 0xF0, 0xFF, 0xFF, 0xFF, 0xFF, 0xFF, 0xFF, 0xF0, 0x3A, 0x2D, 0xFF, 
0xFF, 0xFF, 0xFF, 0xFF, 0xFF, 0xFF, 0xFF, 0xFF, 0xFF, 0xFF, 0xFF, 0xFF, 0xFF, 0x43, 0x1C, 0xFF, 
0xFF, 0xFF, 0xFF, 0xFF, 0xFF, 0xFF, 0xFF, 0xFF, 0xFF, 0xFF, 0xFF, 0xFF, 0xFF, 0x43, 0x0B, 0xFF, 
0xFF, 0xFF, 0xFF, 0xFF, 0xFF, 0xFF, 0xFF, 0xFF, 0xFF, 0xFF, 0xFF, 0xFF, 0xFF, 0x41, 0x00, 0x12, 
0x12, 0x12, 0x12, 0x12, 0x12, 0x12, 0x82, 0xFF, 0xFF, 0xFF, 0xFF, 0x65, 0x12, 0x02, 0x00, 0x00, 
0x00, 0x00, 0x00, 0x00, 0x00, 0x00, 0x6F, 0xFF, 0xFF, 0xFF, 0xFF, 0x52, 0x00, 0x00, 0x00, 0x00, 
0x00, 0x00, 0x00, 0x00, 0x00, 0x00, 0x6F, 0xFF, 0xFF, 0xFF, 0xFF, 0x52, 0x00, 0x00, 0x00, 0x00, 
0x00, 0x00, 0x00, 0x00, 0x00, 0x00, 0x6F, 0xFF, 0xFF, 0xFF, 0xFF, 0x52, 0x00, 0x00, 0x00, 0x00, 
0x00, 0x00, 0x00, 0x00, 0x00, 0x00, 0x6B, 0xFF, 0xFF, 0xFF, 0xFF, 0x4E, 0x00, 0x00, 0x00, 0x02, 
0x1F, 0x1F, 0x1F, 0x1F, 0x1F, 0x1F, 0x1F, 0x1F, 0x1F, 0x1F, 0x1F, 0x04, 0x00, 0x26, 0xFF, 0xFF, 
0xFF, 0xFF, 0xFF, 0xFF, 0xFF, 0xFF, 0xFF, 0xFF, 0xFF, 0x42, 0x00, 0x3F, 0xFF, 0xFF, 0xFF, 0xFF, 
0xFF, 0xFF, 0xFF, 0xFF, 0xFF, 0xFF, 0xFF, 0x43, 0x00, 0x58, 0xFF, 0xFF, 0xFF, 0xFF, 0xFF, 0xFF, 
0xFF, 0xFF, 0xFF, 0xFF, 0xFF, 0x43, 0x00, 0x71, 0xFF, 0xFF, 0xFF, 0xFF, 0xFF, 0xFF, 0xFF, 0xFF, 
0xFF, 0xFF, 0xFF, 0x3F, 0x00, 0x8B, 0xFF, 0xFF, 0xFF, 0xD5, 0x01, 0x01, 0x01, 0x01, 0x01, 0x01, 
0x01, 0x00, 0x00, 0xA4, 0xFF, 0xFF, 0xFF, 0xBF, 0x00, 0x00, 0x00, 0x00, 0x00, 0x00, 0x00, 0x00, 
0x00, 0xBD, 0xFF, 0xFF, 0xFF, 0xA8, 0x00, 0x00, 0x00, 0x00, 0x00, 0x00, 0x00, 0x00, 0x00, 0xD6, 
0xFF, 0xFF, 0xFF, 0x92, 0x17, 0x46, 0x3E, 0x0C, 0x00, 0x00, 0x00, 0x00, 0x00, 0xF0, 0xFF, 0xFF, 
0xFF, 0xFF, 0xFF, 0xFF, 0xFF, 0xFD, 0xC9, 0x26, 0x00, 0x00, 0x09, 0xFF, 0xFF, 0xFF, 0xFF, 0xFF, 
0xFF, 0xFF, 0xFF, 0xFF, 0xFF, 0xEF, 0x3E, 0x00, 0x22, 0xFF, 0xFF, 0xFF, 0xFF, 0xFF, 0xFF, 0xFF, 
0xFF, 0xFF, 0xFF, 0xFF, 0xD4, 0x01, 0x2E, 0xF6, 0xFF, 0xFF, 0xFF, 0xDA, 0x93, 0xB1, 0xFF, 0xFF, 
0xFF, 0xFF, 0xFF, 0x4F, 0x00, 0x07, 0x3E, 0x7E, 0x91, 0x0A, 0x00, 0x00, 0x87, 0xFF, 0xFF, 0xFF, 
0xFF, 0xA3, 0x00, 0x00, 0x00, 0x00, 0x00, 0x00, 0x00, 0x00, 0x14, 0xFB, 0xFF, 0xFF, 0xFF, 0xC2, 
0x00, 0x00, 0x00, 0x00, 0x00, 0x00, 0x00, 0x00, 0x00, 0xDF, 0xFF, 0xFF, 0xFF, 0xE1, 0x00, 0x00, 
0x00, 0x00, 0x00, 0x00, 0x00, 0x00, 0x00, 0xD3, 0xFF, 0xFF, 0xFF, 0xF6, 0x6D, 0xB2, 0xB2, 0xB2, 
0xB2, 0x13, 0x00, 0x00, 0x00, 0xE4, 0xFF, 0xFF, 0xFF, 0xDC, 0x82, 0xFF, 0xFF, 0xFF, 0xFF, 0x4E, 
0x00, 0x00, 0x1E, 0xFF, 0xFF, 0xFF, 0xFF, 0xB9, 0x4D, 0xFF, 0xFF, 0xFF, 0xFF, 0xCF, 0x09, 0x00, 
0x9D, 0xFF, 0xFF, 0xFF, 0xFF, 0x8C, 0x14, 0xF2, 0xFF, 0xFF, 0xFF, 0xFF, 0xEF, 0xE2, 0xFF, 0xFF, 
0xFF, 0xFF, 0xFA, 0x1F, 0x00, 0x5F, 0xFF, 0xFF, 0xFF, 0xFF, 0xFF, 0xFF, 0xFF, 0xFF, 0xFF, 0xFF, 
0x97, 0x00, 0x00, 0x00, 0x93, 0xFF, 0xFF, 0xFF, 0xFF, 0xFF, 0xFF, 0xFF, 0xFF, 0xAD, 0x0C, 0x00, 
0x00, 0x00, 0x00, 0x41, 0xD1, 0xFE, 0xFF, 0xFF, 0xFE, 0xDA, 0x78, 0x01, 0x00, 0x00, 0x00, 0x00, 
0x00, 0x00, 0x00, 0x0E, 0x3B, 0x43, 0x11, 0x00, 0x00, 0x00, 0x00, 0x00, 0x00, 0x00, 0x00, 0x00, 
0x00, 0x00, 0x00, 0x07, 0x31, 0x4A, 0x59, 0x0E, 0x00, 0x00, 0x00, 0x00, 0x00, 0x00, 0x00, 0x00, 
0x1D, 0x9F, 0xF0, 0xFF, 0xFF, 0xFF, 0x33, 0x00, 0x00, 0x00, 0x00, 0x00, 0x00, 0x00, 0x37, 0xE7, 
0xFF, 0xFF, 0xFF, 0xFF, 0xFF, 0x33, 0x00, 0x00, 0x00, 0x00, 0x00, 0x00, 0x5A, 0xF7, 0xFF, 0xFF, 
0xFF, 0xFF, 0xFF, 0xFF, 0x33, 0x00, 0x00, 0x00, 0x00, 0x00, 0x3E, 0xFF, 0xFF, 0xFF, 0xFF, 0xFF, 
0xFF, 0xFB, 0xD1, 0x20, 0x00, 0x00, 0x00, 0x00, 0x00, 0xBA, 0xFF, 0xFF, 0xFF, 0xFF, 0xE1, 0x43, 
0x08, 0x00, 0x00, 0x00, 0x00, 0x00, 0x00, 0x35, 0xFF, 0xFF, 0xFF, 0xFF, 0xC8, 0x14, 0x00, 0x00, 
0x00, 0x00, 0x00, 0x00, 0x00, 0x00, 0xAF, 0xFF, 0xFF, 0xFF, 0xFF, 0x34, 0x00, 0x00, 0x00, 0x00, 
0x00, 0x00, 0x00, 0x00, 0x07, 0xFD, 0xFF, 0xFF, 0xFF, 0xBB, 0x24, 0x62, 0x91, 0x69, 0x28, 0x00, 
0x00, 0x00, 0x00, 0x25, 0xFF, 0xFF, 0xFF, 0xFF, 0xE2, 0xFD, 0xFF, 0xFF, 0xFF, 0xFF, 0xA5, 0x03, 
0x00, 0x00, 0x46, 0xFF, 0xFF, 0xFF, 0xFF, 0xFF, 0xFF, 0xFF, 0xFF, 0xFF, 0xFF, 0xFF, 0xA5, 0x00, 
0x00, 0x67, 0xFF, 0xFF, 0xFF, 0xFF, 0xFF, 0xFF, 0xFF, 0xFF, 0xFF, 0xFF, 0xFF, 0xFF, 0x33, 0x00, 
0x87, 0xFF, 0xFF, 0xFF, 0xFF, 0xFF, 0xBB, 0x91, 0xF1, 0xFF, 0xFF, 0xFF, 0xFF, 0x9C, 0x00, 0x9C, 
0xFF, 0xFF, 0xFF, 0xFF, 0xC7, 0x00, 0x00, 0x49, 0xFF, 0xFF, 0xFF, 0xFF, 0xEA, 0x00, 0x9C, 0xFF, 
0xFF, 0xFF, 0xFF, 0x46, 0x00, 0x00, 0x00, 0xD5, 0xFF, 0xFF, 0xFF, 0xFF, 0x08, 0x93, 0xFF, 0xFF, 
0xFF, 0xFF, 0x26, 0x00, 0x00, 0x00, 0xA1, 0xFF, 0xFF, 0xFF, 0xFF, 0x23, 0x73, 0xFF, 0xFF, 0xFF, 
0xFF, 0x38, 0x00, 0x00, 0x00, 0x92, 0xFF, 0xFF, 0xFF, 0xFF, 0x30, 0x52, 0xFF, 0xFF, 0xFF, 0xFF, 
0x51, 0x00, 0x00, 0x00, 0xA9, 0xFF, 0xFF, 0xFF, 0xFF, 0x0F, 0x31, 0xFF, 0xFF, 0xFF, 0xFF, 0x9A, 
0x00, 0x00, 0x05, 0xEB, 0xFF, 0xFF, 0xFF, 0xE8, 0x00, 0x02, 0xD9, 0xFF, 0xFF, 0xFF, 0xF4, 0x2F, 
0x00, 0x83, 0xFF, 0xFF, 0xFF, 0xFF, 0xB8, 0x00, 0x00, 0x62, 0xFF, 0xFF, 0xFF, 0xFF, 0xF9, 0xE1, 
0xFF, 0xFF, 0xFF, 0xFF, 0xFF, 0x40, 0x00, 0x00, 0x05, 0xDE, 0xFF, 0xFF, 0xFF, 0xFF, 0xFF, 0xFF, 
0xFF, 0xFF, 0xFF, 0xB7, 0x00, 0x00, 0x00, 0x00, 0x1E, 0xD4, 0xFF, 0xFF, 0xFF, 0xFF, 0xFF, 0xFF, 
0xFF, 0xC4, 0x18, 0x00, 0x00, 0x00, 0x00, 0x00, 0x0F, 0xA3, 0xEA, 0xFF, 0xFF, 0xFF, 0xE5, 0x8D, 
0x05, 0x00, 0x00, 0x00, 0x00, 0x00, 0x00, 0x00, 0x00, 0x00, 0x26, 0x49, 0x1C, 0x00, 0x00, 0x00, 
0x00, 0x00, 0x00, 0x00, 0x1E, 0x1F, 0x1F, 0x1F, 0x1F, 0x1F, 0x1F, 0x1F, 0x1F, 0x1F, 0x1F, 0x1F, 
0x1F, 0x1B, 0x1D, 0xFF, 0xFF, 0xFF, 0xFF, 0xFF, 0xFF, 0xFF, 0xFF, 0xFF, 0xFF, 0xFF, 0xFF, 0xFF, 
0xFF, 0x1D, 0xFF, 0xFF, 0xFF, 0xFF, 0xFF, 0xFF, 0xFF, 0xFF, 0xFF, 0xFF, 0xFF, 0xFF, 0xFF, 0xFF, 
0x1D, 0xFF, 0xFF, 0xFF, 0xFF, 0xFF, 0xFF, 0xFF, 0xFF, 0xFF, 0xFF, 0xFF, 0xFF, 0xFF, 0xFD, 0x16, 
0xE3, 0xE3, 0xE3, 0xE3, 0xE3, 0xE3, 0xE3, 0xE3, 0xEB, 0xFF, 0xFF, 0xFF, 0xFF, 0xBC, 0x00, 0x00, 
0x00, 0x00, 0x00, 0x00, 0x00, 0x00, 0x00, 0x55, 0xFF, 0xFF, 0xFF, 0xFF, 0x61, 0x00, 0x00, 0x00, 
0x00, 0x00, 0x00, 0x00, 0x00, 0x00, 0xB6, 0xFF, 0xFF, 0xFF, 0xF7, 0x0E, 0x00, 0x00, 0x00, 0x00, 
0x00, 0x00, 0x00, 0x00, 0x1A, 0xFC, 0xFF, 0xFF, 0xFF, 0xAB, 0x00, 0x00, 0x00, 0x00, 0x00, 0x00, 
0x00, 0x00, 0x00, 0x77, 0xFF, 0xFF, 0xFF, 0xFF, 0x50, 0x00, 0x00, 0x00, 0x00, 0x00, 0x00, 0x00, 
0x00, 0x00, 0xD7, 0xFF, 0xFF, 0xFF, 0xEE, 0x06, 0x00, 0x00, 0x00, 0x00, 0x00, 0x00, 0x00, 0x00, 
0x39, 0xFF, 0xFF, 0xFF, 0xFF, 0x9A, 0x00, 0x00, 0x00, 0x00, 0x00, 0x00, 0x00, 0x00, 0x00, 0x99, 
0xFF, 0xFF, 0xFF, 0xFF, 0x3F, 0x00, 0x00, 0x00, 0x00, 0x00, 0x00, 0x00, 0x00, 0x09, 0xF1, 0xFF, 
0xFF, 0xFF, 0xE3, 0x01, 0x00, 0x00, 0x00, 0x00, 0x00, 0x00, 0x00, 0x00, 0x5B, 0xFF, 0xFF, 0xFF, 
0xFF, 0x8A, 0x00, 0x00, 0x00, 0x00, 0x00, 0x00, 0x00, 0x00, 0x00, 0xBC, 0xFF, 0xFF, 0xFF, 0xFF, 
0x2F, 0x00, 0x00, 0x00, 0x00, 0x00, 0x00, 0x00, 0x00, 0x1F, 0xFE, 0xFF, 0xFF, 0xFF, 0xD4, 0x00, 
0x00, 0x00, 0x00, 0x00, 0x00, 0x00, 0x00, 0x00, 0x7D, 0xFF, 0xFF, 0xFF, 0xFF, 0x79, 0x00, 0x00, 
0x00, 0x00, 0x00, 0x00, 0x00, 0x00, 0x01, 0xDD, 0xFF, 0xFF, 0xFF, 0xFE, 0x1F, 0x00, 0x00, 0x00, 
0x00, 0x00, 0x00, 0x00, 0x00, 0x3F, 0xFF, 0xFF, 0xFF, 0xFF, 0xC3, 0x00, 0x00, 0x00, 0x00, 0x00, 
0x00, 0x00, 0x00, 0x00, 0x9F, 0xFF, 0xFF, 0xFF, 0xFF, 0x68, 0x00, 0x00, 0x00, 0x00, 0x00, 0x00, 
0x00, 0x00, 0x0C, 0xF4, 0xFF, 0xFF, 0xFF, 0xFA, 0x13, 0x00, 0x00, 0x00, 0x00, 0x00, 0x00, 0x00, 
0x00, 0x61, 0xFF, 0xFF, 0xFF, 0xFF, 0xB3, 0x00, 0x00, 0x00, 0x00, 0x00, 0x00, 0x00, 0x00, 0x00, 
0xC2, 0xFF, 0xFF, 0xFF, 0xFF, 0x58, 0x00, 0x00, 0x00, 0x00, 0x00, 0x00, 0x00, 0x00, 0x14, 0xFF, 
0xFF, 0xFF, 0xFF, 0xF3, 0x0A, 0x00, 0x00, 0x00, 0x00, 0x00, 0x00, 0x00, 0x00, 0x00, 0x00, 0x00, 
0x1E, 0x59, 0x62, 0x2A, 0x01, 0x00, 0x00, 0x00, 0x00, 0x00, 0x00, 0x00, 0x77, 0xE3, 0xFF, 0xFF, 
0xFF, 0xFF, 0xED, 0x98, 0x04, 0x00, 0x00, 0x00, 0x00, 0x81, 0xFF, 0xFF, 0xFF, 0xFF, 0xFF, 0xFF, 
0xFF, 0xFF, 0xAB, 0x04, 0x00, 0x00, 0x66, 0xFF, 0xFF, 0xFF, 0xFF, 0xFF, 0xFF, 0xFF, 0xFF, 0xFF, 
0xFF, 0x93, 0x00, 0x00, 0xB4, 0xFF, 0xFF, 0xFF, 0xFF, 0xDB, 0xCD, 0xFF, 0xFF, 0xFF, 0xFF, 0xDF, 
0x00, 0x01, 0xED, 0xFF, 0xFF, 0xFF, 0xE8, 0x0E, 0x01, 0xC7, 0xFF, 0xFF, 0xFF, 0xFF, 0x19, 0x28, 
0xFF, 0xFF, 0xFF, 0xFF, 0xA2, 0x00, 0x00, 0x74, 0xFF, 0xFF, 0xFF, 0xFF, 0x51, 0x30, 0xFF, 0xFF, 
0xFF, 0xFF, 0x92, 0x00, 0x00, 0x6D, 0xFF, 0xFF, 0xFF, 0xFF, 0x52, 0x02, 0xEF, 0xFF, 0xFF, 0xFF, 
0xB2, 0x00, 0x00, 0x84, 0xFF, 0xFF, 0xFF, 0xFF, 0x1C, 0x00, 0xB0, 0xFF, 0xFF, 0xFF, 0xFC, 0x39, 
0x1A, 0xE8, 0xFF, 0xFF, 0xFF, 0xDB, 0x00, 0x00, 0x4B, 0xFB, 0xFF, 0xFF, 0xFF, 0xFF, 0xFF, 0xFF, 
0xFF, 0xFF, 0xFF, 0x72, 0x00, 0x00, 0x00, 0x4F, 0xFF, 0xFF, 0xFF, 0xFF, 0xFF, 0xFF, 0xFF, 0xFF, 
0x77, 0x00, 0x00, 0x00, 0x00, 0x64, 0xFF, 0xFF, 0xFF, 0xFF, 0xFF, 0xFF, 0xFF, 0xFF, 0x5D, 0x00, 
0x00, 0x00, 0x4A, 0xFF, 0xFF, 0xFF, 0xFF, 0xFF, 0xFF, 0xFF, 0xFF, 0xFF, 0xFE, 0x69, 0x00, 0x0F, 
0xE6, 0xFF, 0xFF, 0xFF, 0xFA, 0x6E, 0x60, 0xEA, 0xFF, 0xFF, 0xFF, 0xFF, 0x27, 0x4A, 0xFF, 0xFF, 
0xFF, 0xFF, 0x86, 0x00, 0x00, 0x5C, 0xFF, 0xFF, 0xFF, 0xFF, 0x87, 0x79, 0xFF, 0xFF, 0xFF, 0xFF, 
0x42, 0x00, 0x00, 0x19, 0xFF, 0xFF, 0xFF, 0xFF, 0xB1, 0x9F, 0xFF, 0xFF, 0xFF, 0xFF, 0x32, 0x00, 
0x00, 0x08, 0xFF, 0xFF, 0xFF, 0xFF, 0xC0, 0x8E, 0xFF, 0xFF, 0xFF, 0xFF, 0x58, 0x00, 0x00, 0x2D, 
0xFF, 0xFF, 0xFF, 0xFF, 0xB7, 0x70, 0xFF, 0xFF, 0xFF, 0xFF, 0xD4, 0x09, 0x01, 0xAB, 0xFF, 0xFF, 
0xFF, 0xFF, 0x99, 0x21, 0xFE, 0xFF, 0xFF, 0xFF, 0xFF, 0xF1, 0xEF, 0xFF, 0xFF, 0xFF, 0xFF, 0xFF, 
0x4A, 0x00, 0x98, 0xFF, 0xFF, 0xFF, 0xFF, 0xFF, 0xFF, 0xFF, 0xFF, 0xFF, 0xFF, 0xC3, 0x03, 0x00, 
0x01, 0x92, 0xFF, 0xFF, 0xFF, 0xFF, 0xFF, 0xFF, 0xFF, 0xFF, 0xBA, 0x0A, 0x00, 0x00, 0x00, 0x00, 
0x71, 0xC7, 0xF8, 0xFF, 0xFF, 0xFD, 0xD3, 0x8F, 0x07, 0x00, 0x00, 0x00, 0x00, 0x00, 0x00, 0x00, 
0x06, 0x38, 0x41, 0x0E, 0x00, 0x00, 0x00, 0x00, 0x00, 0x00, 0x00, 0x00, 0x00, 0x00, 0x24, 0x5E, 
0x5C, 0x1E, 0x00, 0x00, 0x00, 0x00, 0x00, 0x00, 0x00, 0x00, 0x55, 0xE8, 0xFF, 0xFF, 0xFF, 0xFF, 
0xDE, 0x3C, 0x00, 0x00, 0x00, 0x00, 0x00, 0x7D, 0xFE, 0xFF, 0xFF, 0xFF, 0xFF, 0xFF, 0xFF, 0xF6, 
0x4D, 0x00, 0x00, 0x00, 0x4A, 0xFF, 0xFF, 0xFF, 0xFF, 0xFF, 0xFF, 0xFF, 0xFF, 0xFF, 0xFB, 0x1E, 
0x00, 0x00, 0xCC, 0xFF, 0xFF, 0xFF, 0xFF, 0xD5, 0xDA, 0xFF, 0xFF, 0xFF, 0xFF, 0x8D, 0x00, 0x45, 
0xFF, 0xFF, 0xFF, 0xFF, 0xCB, 0x04, 0x0D, 0xDB, 0xFF, 0xFF, 0xFF, 0xF2, 0x0E, 0x76, 0xFF, 0xFF, 
0xFF, 0xFF, 0x58, 0x00, 0x00, 0x73, 0xFF, 0xFF, 0xFF, 0xFF, 0x4D, 0x9B, 0xFF, 0xFF, 0xFF, 0xFF, 
0x19, 0x00, 0x00, 0x31, 0xFF, 0xFF, 0xFF, 0xFF, 0x6B, 0xBE, 0xFF, 0xFF, 0xFF, 0xFF, 0x03, 0x00, 
0x00, 0x1A, 0xFF, 0xFF, 0xFF, 0xFF, 0x8A, 0xB6, 0xFF, 0xFF, 0xFF, 0xFF, 0x0C, 0x00, 0x00, 0x09, 
0xFF, 0xFF, 0xFF, 0xFF, 0xA9, 0x97, 0xFF, 0xFF, 0xFF, 0xFF, 0x35, 0x00, 0x00, 0x08, 0xFF, 0xFF, 
0xFF, 0xFF, 0xB4, 0x79, 0xFF, 0xFF, 0xFF, 0xFF, 0x8F, 0x00, 0x00, 0x58, 0xFF, 0xFF, 0xFF, 0xFF, 
0xB4, 0x33, 0xFF, 0xFF, 0xFF, 0xFF, 0xFD, 0x7C, 0x67, 0xF8, 0xFF, 0xFF, 0xFF, 0xFF, 0xA3, 0x00, 
0xC3, 0xFF, 0xFF, 0xFF, 0xFF, 0xFF, 0xFF, 0xFF, 0xFF, 0xFF, 0xFF, 0xFF, 0x8B, 0x00, 0x41, 0xF8, 
0xFF, 0xFF, 0xFF, 0xFF, 0xFF, 0xFF, 0xFF, 0xFF, 0xFF, 0xFF, 0x73, 0x00, 0x00, 0x40, 0xF1, 0xFF, 
0xFF, 0xFF, 0xFF, 0xFF, 0xFF, 0xFF, 0xFF, 0xFF, 0x5B, 0x00, 0x00, 0x00, 0x13, 0x52, 0x8E, 0x8D, 
0x49, 0x7E, 0xFF, 0xFF, 0xFF, 0xFF, 0x20, 0x00, 0x00, 0x00, 0x00, 0x00, 0x00, 0x00, 0x08, 0xE7, 
0xFF, 0xFF, 0xFF, 0xC7, 0x00, 0x00, 0x00, 0x00, 0x00, 0x00, 0x00, 0x04, 0x93, 0xFF, 0xFF, 0xFF, 
0xFF, 0x6F, 0x00, 0x00, 0x00, 0x00, 0x00, 0x1E, 0x4A, 0xC6, 0xFF, 0xFF, 0xFF, 0xFF, 0xEC, 0x16, 
0x00, 0x00, 0x00, 0x00, 0xCE, 0xFF, 0xFF, 0xFF, 0xFF, 0xFF, 0xFF, 0xFE, 0x4A, 0x00, 0x00, 0x00, 
0x00, 0x00, 0xE0, 0xFF, 0xFF, 0xFF, 0xFF, 0xFF, 0xFF, 0x85, 0x00, 0x00, 0x00, 0x00, 0x00, 0x00, 
0xE0, 0xFF, 0xFF, 0xFF, 0xFF, 0xEA, 0x62, 0x01, 0x00, 0x00, 0x00, 0x00, 0x00, 0x00, 0xE0, 0xFF, 
0xF4, 0xCD, 0x8D, 0x11, 0x00, 0x00, 0x00, 0x00, 0x00, 0x00, 0x00, 0x00, 0x34, 0x1F, 0x01, 0x00, 
0x00, 0x00, 0x00, 0x00, 0x00, 0x00, 0x00, 0x00, 0x20, 0x86, 0xCD, 0x8C, 0x26, 0x00, 0x00, 0xC5, 
0xFF, 0xFF, 0xFF, 0xD4, 0x00, 0x19, 0xFF, 0xFF, 0xFF, 0xFF, 0xFF, 0x32, 0x0A, 0xF0, 0xFF, 0xFF, 
0xFF, 0xF8, 0x13, 0x00, 0x7C, 0xF9, 0xFF, 0xFB, 0x89, 0x00, 0x00, 0x00, 0x12, 0x52, 0x16, 0x00, 
0x00, 0x00, 0x00, 0x00, 0x00, 0x00, 0x00, 0x00, 0x00, 0x00, 0x00, 0x00, 0x00, 0x00, 0x00, 0x00, 
0x00, 0x00, 0x00, 0x00, 0x00, 0x00, 0x00, 0x00, 0x00, 0x00, 0x00, 0x00, 0x00, 0x00, 0x00, 0x00, 
0x00, 0x00, 0x00, 0x00, 0x00, 0x00, 0x00, 0x00, 0x00, 0x00, 0x00, 0x00, 0x00, 0x00, 0x03, 0x00, 
0x00, 0x00, 0x00, 0x39, 0xB3, 0xFA, 0xBF, 0x4B, 0x00, 0x00, 0xD0, 0xFF, 0xFF, 0xFF, 0xEA, 0x06, 
0x18, 0xFF, 0xFF, 0xFF, 0xFF, 0xFF, 0x40, 0x01, 0xDE, 0xFF, 0xFF, 0xFF, 0xF3, 0x0C, 0x00, 0x52, 
0xD8, 0xFF, 0xE2, 0x68, 0x00, 0x00, 0x00, 0x00, 0x19, 0x02, 0x00, 0x00, 0x00, 0x00, 0x39, 0x9E, 
0xC8, 0x74, 0x12, 0x00, 0x00, 0x0F, 0xF5, 0xFF, 0xFF, 0xFF, 0x95, 0x00, 0x00, 0x59, 0xFF, 0xFF, 
0xFF, 0xFF, 0xF0, 0x01, 0x00, 0x3B, 0xFF, 0xFF, 0xFF, 0xFF, 0xCB, 0x00, 0x00, 0x00, 0xB5, 0xFF, 
0xFF, 0xF1, 0x54, 0x00, 0x00, 0x00, 0x00, 0x24, 0x4E, 0x09, 0x00, 0x00, 0x00, 0x00, 0x00, 0x00, 
0x00, 0x00, 0x00, 0x00, 0x00, 0x00, 0x00, 0x00, 0x00, 0x00, 0x00, 0x00, 0x00, 0x00, 0x00, 0x00, 
0x00, 0x00, 0x00, 0x00, 0x00, 0x00, 0x00, 0x00, 0x00, 0x00, 0x00, 0x00, 0x00, 0x00, 0x00, 0x00, 
0x00, 0x00, 0x00, 0x00, 0x00, 0x00, 0x00, 0x00, 0x00, 0x00, 0x00, 0x00, 0x00, 0x00, 0x00, 0x00, 
0x00, 0x00, 0x00, 0x00, 0x00, 0x00, 0x1D, 0x37, 0x37, 0x37, 0x1A, 0x00, 0x00, 0x00, 0x9B, 0xFF, 
0xFF, 0xFF, 0x8F, 0x00, 0x00, 0x00, 0x9B, 0xFF, 0xFF, 0xFF, 0x8F, 0x00, 0x00, 0x00, 0x9B, 0xFF, 
0xFF, 0xFF, 0x8F, 0x00, 0x00, 0x00, 0xA9, 0xFF, 0xFF, 0xFF, 0x85, 0x00, 0x00, 0x00, 0xC8, 0xFF, 
0xFF, 0xFF, 0x67, 0x00, 0x00, 0x0F, 0xF6, 0xFF, 0xFF, 0xFF, 0x28, 0x00, 0x00, 0x6B, 0xFF, 0xFF, 
0xFF, 0xC8, 0x00, 0x00, 0x07, 0xE2, 0xFF, 0xFF, 0xF6, 0x2E, 0x00, 0x00, 0x22, 0xDE, 0xFF, 0xFF, 
0x63, 0x00, 0x00, 0x00, 0x00, 0x05, 0x68, 0x87, 0x00, 0x00, 0x00, 0x00, 0x00, 0x00, 0x00, 0x00, 
0x00, 0x00, 0x00, 0x00, 0x00, 0x00, 0x00, 0x49, 0x45, 0x00, 0x00, 0x00, 0x00, 0x00, 0x00, 0x00, 
0x00, 0x00, 0x48, 0xC8, 0xFF, 0x82, 0x00, 0x00, 0x00, 0x00, 0x00, 0x00, 0x00, 0x47, 0xC7, 0xFF, 
0xFF, 0xFF, 0x82, 0x00, 0x00, 0x00, 0x00, 0x00, 0x46, 0xC6, 0xFF, 0xFF, 0xFF, 0xFF, 0xFF, 0x82, 
0x00, 0x00, 0x00, 0x45, 0xC6, 0xFF, 0xFF, 0xFF, 0xFF, 0xFF, 0xFF, 0xFF, 0x82, 0x00, 0x45, 0xC5, 
0xFF, 0xFF, 0xFF, 0xFF, 0xFF, 0xFF, 0xFF, 0xF5, 0x95, 0x20, 0x43, 0xFF, 0xFF, 0xFF, 0xFF, 0xFF, 
0xFF, 0xFF, 0xE8, 0x7C, 0x13, 0x00, 0x00, 0x73, 0xFF, 0xFF, 0xFF, 0xFF, 0xFF, 0xD4, 0x62, 0x07, 
0x00, 0x00, 0x00, 0x00, 0x73, 0xFF, 0xFF, 0xFF, 0xFF, 0xFF, 0x8C, 0x1E, 0x00, 0x00, 0x00, 0x00, 
0x00, 0x54, 0xFF, 0xFF, 0xFF, 0xFF, 0xFF, 0xFF, 0xFC, 0xA9, 0x38, 0x00, 0x00, 0x00, 0x0C, 0x83, 
0xF1, 0xFF, 0xFF, 0xFF, 0xFF, 0xFF, 0xFF, 0xFF, 0xC7, 0x56, 0x03, 0x00, 0x00, 0x12, 0x84, 0xF2, 
0xFF, 0xFF, 0xFF, 0xFF, 0xFF, 0xFF, 0xFF, 0x7F, 0x00, 0x00, 0x00, 0x00, 0x12, 0x85, 0xF2, 0xFF, 
0xFF, 0xFF, 0xFF, 0xFF, 0x82, 0x00, 0x00, 0x00, 0x00, 0x00, 0x00, 0x13, 0x86, 0xF3, 0xFF, 0xFF, 
0xFF, 0x82, 0x00, 0x00, 0x00, 0x00, 0x00, 0x00, 0x00, 0x00, 0x13, 0x87, 0xF3, 0xFF, 0x82, 0x00, 
0x00, 0x00, 0x00, 0x00, 0x00, 0x00, 0x00, 0x00, 0x00, 0x14, 0x88, 0x65, 0x0E, 0xB4, 0xB5, 0xB5, 
0xB5, 0xB5, 0xB5, 0xB5, 0xB5, 0xB5, 0xB5, 0xB5, 0xB5, 0x17, 0x18, 0xFF, 0xFF, 0xFF, 0xFF, 0xFF, 
0xFF, 0xFF, 0xFF, 0xFF, 0xFF, 0xFF, 0xFF, 0x26, 0x18, 0xFF, 0xFF, 0xFF, 0xFF, 0xFF, 0xFF, 0xFF, 
0xFF, 0xFF, 0xFF, 0xFF, 0xFF, 0x26, 0x18, 0xFF, 0xFF, 0xFF, 0xFF, 0xFF, 0xFF, 0xFF, 0xFF, 0xFF, 
0xFF, 0xFF, 0xFF, 0x26, 0x04, 0x53, 0x54, 0x54, 0x54, 0x54, 0x54, 0x54, 0x54, 0x54, 0x54, 0x54, 
0x54, 0x08, 0x00, 0x00, 0x00, 0x00, 0x00, 0x00, 0x00, 0x00, 0x00, 0x00, 0x00, 0x00, 0x00, 0x00, 
0x00, 0x00, 0x00, 0x00, 0x00, 0x00, 0x00, 0x00, 0x00, 0x00, 0x00, 0x00, 0x00, 0x00, 0x14, 0xF3, 
0xF4, 0xF4, 0xF4, 0xF4, 0xF4, 0xF4, 0xF4, 0xF4, 0xF4, 0xF4, 0xF4, 0x20, 0x18, 0xFF, 0xFF, 0xFF, 
0xFF, 0xFF, 0xFF, 0xFF, 0xFF, 0xFF, 0xFF, 0xFF, 0xFF, 0x26, 0x18, 0xFF, 0xFF, 0xFF, 0xFF, 0xFF, 
0xFF, 0xFF, 0xFF, 0xFF, 0xFF, 0xFF, 0xFF, 0x26, 0x18, 0xFF, 0xFF, 0xFF, 0xFF, 0xFF, 0xFF, 0xFF, 
0xFF, 0xFF, 0xFF, 0xFF, 0xFF, 0x26, 0x00, 0x1C, 0x1D, 0x1D, 0x1D, 0x1D, 0x1D, 0x1D, 0x1D, 0x1D, 
0x1D, 0x1D, 0x1D, 0x00, 0x21, 0x67, 0x06, 0x00, 0x00, 0x00, 0x00, 0x00, 0x00, 0x00, 0x00, 0x00, 
0x00, 0x44, 0xFF, 0xE2, 0x6A, 0x07, 0x00, 0x00, 0x00, 0x00, 0x00, 0x00, 0x00, 0x00, 0x44, 0xFF, 
0xFF, 0xFF, 0xE4, 0x6C, 0x08, 0x00, 0x00, 0x00, 0x00, 0x00, 0x00, 0x44, 0xFF, 0xFF, 0xFF, 0xFF, 
0xFF, 0xE5, 0x6E, 0x08, 0x00, 0x00, 0x00, 0x00, 0x44, 0xFF, 0xFF, 0xFF, 0xFF, 0xFF, 0xFF, 0xFF, 
0xE7, 0x70, 0x09, 0x00, 0x00, 0x0B, 0x70, 0xDE, 0xFF, 0xFF, 0xFF, 0xFF, 0xFF, 0xFF, 0xFF, 0xE8, 
0x72, 0x0A, 0x00, 0x00, 0x02, 0x50, 0xC0, 0xFF, 0xFF, 0xFF, 0xFF, 0xFF, 0xFF, 0xFF, 0xC8, 0x00, 
0x00, 0x00, 0x00, 0x00, 0x31, 0xA0, 0xFC, 0xFF, 0xFF, 0xFF, 0xFF, 0xFF, 0x00, 0x00, 0x00, 0x00, 
0x00, 0x0D, 0x70, 0xF6, 0xFF, 0xFF, 0xFF, 0xFF, 0xFF, 0x00, 0x00, 0x00, 0x1E, 0x8C, 0xF0, 0xFF, 
0xFF, 0xFF, 0xFF, 0xFF, 0xFF, 0xF6, 0x00, 0x35, 0xA7, 0xFB, 0xFF, 0xFF, 0xFF, 0xFF, 0xFF, 0xFF, 
0xFF, 0xB6, 0x31, 0x3F, 0xFF, 0xFF, 0xFF, 0xFF, 0xFF, 0xFF, 0xFF, 0xFF, 0xB2, 0x35, 0x00, 0x00, 
0x44, 0xFF, 0xFF, 0xFF, 0xFF, 0xFF, 0xFE, 0xAF, 0x32, 0x00, 0x00, 0x00, 0x00, 0x44, 0xFF, 0xFF, 
0xFF, 0xFE, 0xAC, 0x2F, 0x00, 0x00, 0x00, 0x00, 0x00, 0x00, 0x44, 0xFF, 0xFD, 0xA9, 0x2C, 0x00, 
0x00, 0x00, 0x00, 0x00, 0x00, 0x00, 0x00, 0x32, 0xA4, 0x29, 0x00, 0x00, 0x00, 0x00, 0x00, 0x00, 
0x00, 0x00, 0x00, 0x00, 0x00, 0x00, 0x00, 0x00, 0x01, 0x27, 0x5D, 0x5C, 0x25, 0x00, 0x00, 0x00, 
0x00, 0x00, 0x00, 0x00, 0x02, 0x8E, 0xEE, 0xFF, 0xFF, 0xFF, 0xFF, 0xED, 0x99, 0x04, 0x00, 0x00, 
0x00, 0x04, 0xA6, 0xFF, 0xFF, 0xFF, 0xFF, 0xFF, 0xFF, 0xFF, 0xFF, 0xAD, 0x05, 0x00, 0x00, 0x8A, 
0xFF, 0xFF, 0xFF, 0xFF, 0xFF, 0xFF, 0xFF, 0xFF, 0xFF, 0xFF, 0x8A, 0x00, 0x00, 0xD2, 0xFF, 0xFF, 
0xFF, 0xFF, 0xDF, 0xDB, 0xFF, 0xFF, 0xFF, 0xFF, 0xCF, 0x00, 0x10, 0xFD, 0xFF, 0xFF, 0xFF, 0xD9, 
0x0C, 0x08, 0xDA, 0xFF, 0xFF, 0xFF, 0xFC, 0x0B, 0x49, 0xFF, 0xFF, 0xFF, 0xFF, 0x87, 0x00, 0x00, 
0x95, 0xFF, 0xFF, 0xFF, 0xFF, 0x3D, 0x13, 0x47, 0x47, 0x47, 0x47, 0x1D, 0x00, 0x00, 0x99, 0xFF, 
0xFF, 0xFF, 0xFF, 0x35, 0x00, 0x00, 0x00, 0x00, 0x00, 0x00, 0x00, 0x06, 0xDE, 0xFF, 0xFF, 0xFF, 
0xFB, 0x07, 0x00, 0x00, 0x00, 0x00, 0x00, 0x00, 0x00, 0x80, 0xFF, 0xFF, 0xFF, 0xFF, 0xC0, 0x00, 
0x00, 0x00, 0x00, 0x00, 0x00, 0x00, 0x4D, 0xFE, 0xFF, 0xFF, 0xFF, 0xFC, 0x30, 0x00, 0x00, 0x00, 
0x00, 0x00, 0x00, 0x1D, 0xEE, 0xFF, 0xFF, 0xFF, 0xFF, 0x82, 0x00, 0x00, 0x00, 0x00, 0x00, 0x00, 
0x00, 0xAE, 0xFF, 0xFF, 0xFF, 0xFF, 0xAA, 0x01, 0x00, 0x00, 0x00, 0x00, 0x00, 0x00, 0x0E, 0xF8, 
0xFF, 0xFF, 0xFF, 0xDB, 0x09, 0x00, 0x00, 0x00, 0x00, 0x00, 0x00, 0x00, 0x45, 0xFF, 0xFF, 0xFF, 
0xFF, 0x51, 0x00, 0x00, 0x00, 0x00, 0x00, 0x00, 0x00, 0x00, 0x59, 0xFF, 0xFF, 0xFF, 0xFB, 0x04, 
0x00, 0x00, 0x00, 0x00, 0x00, 0x00, 0x00, 0x00, 0x61, 0xFE, 0xFE, 0xFE, 0xD8, 0x00, 0x00, 0x00, 
0x00, 0x00, 0x00, 0x00, 0x00, 0x00, 0x00, 0x00, 0x00, 0x00, 0x00, 0x00, 0x00, 0x00, 0x00, 0x00, 
0x00, 0x00, 0x00, 0x00, 0x00, 0x00, 0x00, 0x00, 0x00, 0x00, 0x00, 0x00, 0x00, 0x00, 0x00, 0x00, 
0x00, 0x00, 0x12, 0x8E, 0xEA, 0xC3, 0x4F, 0x00, 0x00, 0x00, 0x00, 0x00, 0x00, 0x00, 0x00, 0x00, 
0x7A, 0xFF, 0xFF, 0xFF, 0xF1, 0x09, 0x00, 0x00, 0x00, 0x00, 0x00, 0x00, 0x00, 0x00, 0xC0, 0xFF, 
0xFF, 0xFF, 0xFF, 0x48, 0x00, 0x00, 0x00, 0x00, 0x00, 0x00, 0x00, 0x00, 0x8E, 0xFF, 0xFF, 0xFF, 
0xFA, 0x14, 0x00, 0x00, 0x00, 0x00, 0x00, 0x00, 0x00, 0x00, 0x24, 0xC3, 0xFF, 0xEE, 0x7A, 0x00, 
0x00, 0x00, 0x00, 0x00, 0x00, 0x00, 0x00, 0x00, 0x00, 0x00, 0x1F, 0x08, 0x00, 0x00, 0x00, 0x00, 
0x00, 0x00, 0x00, 0x00, 0x00, 0x00, 0x00, 0x00, 0x00, 0x00, 0x00, 0x18, 0x48, 0x76, 0x6E, 0x42, 
0x16, 0x00, 0x00, 0x00, 0x00, 0x00, 0x00, 0x00, 0x00, 0x00, 0x00, 0x00, 0x00, 0x00, 0x00, 0x08, 
0x89, 0xE7, 0xFF, 0xFF, 0xFF, 0xFF, 0xFF, 0xFF, 0xE7, 0x69, 0x01, 0x00, 0x00, 0x00, 0x00, 0x00, 
0x00, 0x00, 0x00, 0x00, 0x00, 0x3D, 0xD9, 0xFF, 0xFF, 0xFF, 0xFF, 0xFF, 0xFF, 0xFF, 0xFF, 0xFF, 
0xFF, 0xC7, 0x2D, 0x00, 0x00, 0x00, 0x00, 0x00, 0x00, 0x00, 0x00, 0x6B, 0xFE, 0xFF, 0xFF, 0xFF, 
0xEE, 0xBB, 0x89, 0x92, 0xBE, 0xED, 0xFF, 0xFF, 0xFF, 0xF2, 0x24, 0x00, 0x00, 0x00, 0x00, 0x00, 
0x00, 0x36, 0xFA, 0xFF, 0xFF, 0xFA, 0x76, 0x01, 0x00, 0x00, 0x00, 0x00, 0x08, 0x8B, 0xFD, 0xFF, 
0xFF, 0xCC, 0x06, 0x00, 0x00, 0x00, 0x00, 0x11, 0xDF, 0xFF, 0xFF, 0xE4, 0x36, 0x00, 0x00, 0x00, 
0x00, 0x00, 0x00, 0x00, 0x00, 0x3D, 0xF9, 0xFF, 0xFF, 0x8E, 0x00, 0x00, 0x00, 0x00, 0xA3, 0xFF, 
0xFF, 0xFF, 0x43, 0x00, 0x00, 0x00, 0x00, 0x00, 0x00, 0x00, 0x00, 0x00, 0x00, 0x7E, 0xFF, 0xFF, 
0xF8, 0x0E, 0x00, 0x00, 0x14, 0xF9, 0xFF, 0xFF, 0x99, 0x00, 0x00, 0x00, 0x10, 0x80, 0xBC, 0xD4, 
0xB1, 0x68, 0x07, 0x00, 0x05, 0xD5, 0xFF, 0xFF, 0x5C, 0x00, 0x00, 0x6F, 0xFF, 0xFF, 0xF3, 0x0E, 
0x00, 0x00, 0x34, 0xE0, 0xFF, 0xFF, 0xFF, 0xFF, 0xFF, 0xF6, 0x37, 0x00, 0x77, 0xFF, 0xFF, 0xB0, 
0x00, 0x00, 0xD0, 0xFF, 0xFF, 0xA7, 0x00, 0x00, 0x13, 0xE4, 0xFF, 0xFF, 0xFF, 0xFF, 0xFF, 0xFF, 
0xFF, 0xCC, 0x00, 0x32, 0xFF, 0xFF, 0xF7, 0x09, 0x2B, 0xFF, 0xFF, 0xFF, 0x52, 0x00, 0x00, 0xA7, 
0xFF, 0xFF, 0xFF, 0xAF, 0x6A, 0xFF, 0xFF, 0xFF, 0x6B, 0x00, 0x02, 0xEC, 0xFF, 0xFF, 0x20, 0x58, 
0xFF, 0xFF, 0xF5, 0x09, 0x00, 0x1B, 0xFC, 0xFF, 0xFF, 0xB3, 0x01, 0x0E, 0xFF, 0xFF, 0xFF, 0x57, 
0x00, 0x00, 0xCA, 0xFF, 0xFF, 0x31, 0x7B, 0xFF, 0xFF, 0xD1, 0x00, 0x00, 0x7C, 0xFF, 0xFF, 0xFF, 
0x39, 0x00, 0x21, 0xFF, 0xFF, 0xFF, 0x44, 0x00, 0x00, 0xBE, 0xFF, 0xFF, 0x41, 0x9F, 0xFF, 0xFF, 
0xB2, 0x00, 0x00, 0xC3, 0xFF, 0xFF, 0xE6, 0x01, 0x00, 0x35, 0xFF, 0xFF, 0xFF, 0x31, 0x00, 0x00, 
0xB3, 0xFF, 0xFF, 0x52, 0xC2, 0xFF, 0xFF, 0x94, 0x00, 0x01, 0xF1, 0xFF, 0xFF, 0xBB, 0x00, 0x00, 
0x48, 0xFF, 0xFF, 0xFF, 0x1E, 0x00, 0x00, 0xAE, 0xFF, 0xFF, 0x53, 0xDE, 0xFF, 0xFF, 0x78, 0x00, 
0x21, 0xFF, 0xFF, 0xFF, 0x9A, 0x00, 0x00, 0x5C, 0xFF, 0xFF, 0xFF, 0x0B, 0x00, 0x00, 0xC2, 0xFF, 
0xFF, 0x42, 0xD5, 0xFF, 0xFF, 0x7B, 0x00, 0x31, 0xFF, 0xFF, 0xFF, 0x82, 0x00, 0x00, 0x91, 0xFF, 
0xFF, 0xF7, 0x00, 0x00, 0x00, 0xDE, 0xFF, 0xFF, 0x22, 0xC5, 0xFF, 0xFF, 0x87, 0x00, 0x29, 0xFF, 
0xFF, 0xFF, 0x83, 0x00, 0x00, 0xFF, 0xFF, 0xFF, 0xE4, 0x00, 0x00, 0x1C, 0xFF, 0xFF, 0xFB, 0x04, 
0xB4, 0xFF, 0xFF, 0x94, 0x00, 0x21, 0xFF, 0xFF, 0xFF, 0xAB, 0x00, 0x01, 0xFF, 0xFF, 0xFF, 0xD7, 
0x00, 0x00, 0x6B, 0xFF, 0xFF, 0xB2, 0x00, 0xA4, 0xFF, 0xFF, 0xA8, 0x00, 0x09, 0xF4, 0xFF, 0xFF, 
0xF5, 0x2B, 0x6B, 0xFF, 0xFF, 0xFF, 0xEF, 0x05, 0x12, 0xE9, 0xFF, 0xFF, 0x52, 0x00, 0x92, 0xFF, 
0xFF, 0xE7, 0x01, 0x00, 0xAA, 0xFF, 0xFF, 0xFF, 0xFF, 0xFF, 0xFF, 0xFF, 0xFF, 0xFF, 0xD3, 0xE9, 
0xFF, 0xFF, 0xE0, 0x06, 0x00, 0x55, 0xFF, 0xFF, 0xFF, 0x31, 0x00, 0x3C, 0xFA, 0xFF, 0xFF, 0xFF, 
0xFF, 0xEE, 0xF4, 0xFF, 0xFF, 0xFF, 0xFF, 0xFF, 0xED, 0x29, 0x00, 0x00, 0x0B, 0xF6, 0xFF, 0xFF, 
0x7D, 0x00, 0x00, 0x59, 0xEF, 0xFF, 0xFF, 0xDB, 0x32, 0x2A, 0xDF, 0xFF, 0xFF, 0xFB, 0xC1, 0x39, 
0x00, 0x00, 0x00, 0x00, 0xAF, 0xFF, 0xFF, 0xF1, 0x1D, 0x00, 0x00, 0x04, 0x30, 0x2E, 0x03, 0x00, 
0x00, 0x04, 0x31, 0x49, 0x0E, 0x00, 0x00, 0x00, 0x00, 0x00, 0x00, 0x5A, 0xFF, 0xFF, 0xFF, 0xBB, 
0x01, 0x00, 0x00, 0x00, 0x00, 0x00, 0x00, 0x00, 0x00, 0x00, 0x00, 0x00, 0x00, 0x00, 0x00, 0x00, 
0x00, 0x00, 0x02, 0xBB, 0xFF, 0xFF, 0xFF, 0xAE, 0x1A, 0x00, 0x00, 0x00, 0x00, 0x00, 0x00, 0x00, 
0x09, 0x00, 0x00, 0x00, 0x00, 0x00, 0x00, 0x00, 0x00, 0x00, 0x16, 0xE6, 0xFF, 0xFF, 0xFF, 0xF1, 
0x80, 0x4C, 0x21, 0x1A, 0x3A, 0x71, 0xD0, 0xB1, 0x00, 0x00, 0x00, 0x00, 0x00, 0x00, 0x00, 0x00, 
0x00, 0x00, 0x3E, 0xF3, 0xFF, 0xFF, 0xFF, 0xFF, 0xFF, 0xFF, 0xFF, 0xFF, 0xFF, 0xFF, 0xEA, 0x00, 
0x00, 0x00, 0x00, 0x00, 0x00, 0x00, 0x00, 0x00, 0x00, 0x00, 0x19, 0xA1, 0xFE, 0xFF, 0xFF, 0xFF, 
0xFF, 0xFF, 0xFF, 0xFF, 0xFF, 0xF4, 0x0F, 0x00, 0x00, 0x00, 0x00, 0x00, 0x00, 0x00, 0x00, 0x00, 
0x00, 0x00, 0x00, 0x37, 0x91, 0xB9, 0xE1, 0xFE, 0xFE, 0xE6, 0xC3, 0x72, 0x13, 0x00, 0x00, 0x00, 
0x00, 0x00, 0x00, 0x00, 0x00, 0x00, 0x00, 0x00, 0x00, 0x00, 0x00, 0x00, 0x00, 0x00, 0x09, 0x08, 
0x00, 0x00, 0x00, 0x00, 0x00, 0x00, 0x00, 0x00, 0x00, 0x00, 0x00, 0x00, 0x00, 0x00, 0x00, 0x00, 
0x00, 0x00, 0x16, 0x2D, 0x3E, 0x2E, 0x19, 0x00, 0x00, 0x00, 0x00, 0x00, 0x00, 0x00, 0x00, 0x00, 
0x00, 0x00, 0x00, 0x00, 0x01, 0xE7, 0xFF, 0xFF, 0xFF, 0xF6, 0x0A, 0x00, 0x00, 0x00, 0x00, 0x00, 
0x00, 0x00, 0x00, 0x00, 0x00, 0x00, 0x00, 0x39, 0xFF, 0xFF, 0xFF, 0xFF, 0xFF, 0x52, 0x00, 0x00, 
0x00, 0x00, 0x00, 0x00, 0x00, 0x00, 0x00, 0x00, 0x00, 0x00, 0x89, 0xFF, 0xFF, 0xFF, 0xFF, 0xFF, 
0xA2, 0x00, 0x00, 0x00, 0x00, 0x00, 0x00, 0x00, 0x00, 0x00, 0x00, 0x00, 0x00, 0xD9, 0xFF, 0xFF, 
0xFF, 0xFF, 0xFF, 0xEE, 0x04, 0x00, 0x00, 0x00, 0x00, 0x00, 0x00, 0x00, 0x00, 0x00, 0x00, 0x29, 
0xFF, 0xFF, 0xFF, 0xFF, 0xFF, 0xFF, 0xFF, 0x44, 0x00, 0x00, 0x00, 0x00, 0x00, 0x00, 0x00, 0x00, 
0x00, 0x00, 0x79, 0xFF, 0xFF, 0xFF, 0xFF, 0xFF, 0xFF, 0xFF, 0x94, 0x00, 0x00, 0x00, 0x00, 0x00, 
0x00, 0x00, 0x00, 0x00, 0x00, 0xC9, 0xFF, 0xFF, 0xFF, 0xFF, 0xFF, 0xFF, 0xFF, 0xE4, 0x01, 0x00, 
0x00, 0x00, 0x00, 0x00, 0x00, 0x00, 0x00, 0x1B, 0xFE, 0xFF, 0xFF, 0xFF, 0xC2, 0xFF, 0xFF, 0xFF, 
0xFF, 0x36, 0x00, 0x00, 0x00, 0x00, 0x00, 0x00, 0x00, 0x00, 0x69, 0xFF, 0xFF, 0xFF, 0xFF, 0x3E, 
0xFD, 0xFF, 0xFF, 0xFF, 0x86, 0x00, 0x00, 0x00, 0x00, 0x00, 0x00, 0x00, 0x00, 0xB9, 0xFF, 0xFF, 
0xFF, 0xE7, 0x00, 0xCD, 0xFF, 0xFF, 0xFF, 0xD7, 0x00, 0x00, 0x00, 0x00, 0x00, 0x00, 0x00, 0x0F, 
0xFA, 0xFF, 0xFF, 0xFF, 0xA5, 0x00, 0x89, 0xFF, 0xFF, 0xFF, 0xFF, 0x28, 0x00, 0x00, 0x00, 0x00, 
0x00, 0x00, 0x5A, 0xFF, 0xFF, 0xFF, 0xFF, 0x62, 0x00, 0x46, 0xFF, 0xFF, 0xFF, 0xFF, 0x78, 0x00, 
0x00, 0x00, 0x00, 0x00, 0x00, 0xAA, 0xFF, 0xFF, 0xFF, 0xFF, 0x1F, 0x00, 0x0A, 0xF9, 0xFF, 0xFF, 
0xFF, 0xC9, 0x00, 0x00, 0x00, 0x00, 0x00, 0x07, 0xF2, 0xFF, 0xFF, 0xFF, 0xDB, 0x00, 0x00, 0x00, 
0xBF, 0xFF, 0xFF, 0xFF, 0xFE, 0x1B, 0x00, 0x00, 0x00, 0x00, 0x4A, 0xFF, 0xFF, 0xFF, 0xFF, 0xFF, 
0xD9, 0xD9, 0xD9, 0xFF, 0xFF, 0xFF, 0xFF, 0xFF, 0x6A, 0x00, 0x00, 0x00, 0x00, 0x9A, 0xFF, 0xFF, 
0xFF, 0xFF, 0xFF, 0xFF, 0xFF, 0xFF, 0xFF, 0xFF, 0xFF, 0xFF, 0xFF, 0xBB, 0x00, 0x00, 0x00, 0x02, 
0xE8, 0xFF, 0xFF, 0xFF, 0xFF, 0xFF, 0xFF, 0xFF, 0xFF, 0xFF, 0xFF, 0xFF, 0xFF, 0xFF, 0xFB, 0x11, 
0x00, 0x00, 0x3A, 0xFF, 0xFF, 0xFF, 0xFF, 0xFF, 0xFF, 0xFF, 0xFF, 0xFF, 0xFF, 0xFF, 0xFF, 0xFF, 
0xFF, 0xFF, 0x5D, 0x00, 0x00, 0x8A, 0xFF, 0xFF, 0xFF, 0xFF, 0xDB, 0x4E, 0x4E, 0x4E, 0x4E, 0x4E, 
0xBD, 0xFF, 0xFF, 0xFF, 0xFF, 0xAD, 0x00, 0x00, 0xDA, 0xFF, 0xFF, 0xFF, 0xFF, 0x49, 0x00, 0x00, 
0x00, 0x00, 0x00, 0x2B, 0xFF, 0xFF, 0xFF, 0xFF, 0xF5, 0x09, 0x2A, 0xFF, 0xFF, 0xFF, 0xFF, 0xFA, 
0x0B, 0x00, 0x00, 0x00, 0x00, 0x00, 0x00, 0xE7, 0xFF, 0xFF, 0xFF, 0xFF, 0x4F, 0x7A, 0xFF, 0xFF, 
0xFF, 0xFF, 0xC2, 0x00, 0x00, 0x00, 0x00, 0x00, 0x00, 0x00, 0xA4, 0xFF, 0xFF, 0xFF, 0xFF, 0x9F, 
0xBC, 0xFF, 0xFF, 0xFF, 0xFF, 0x7F, 0x00, 0x00, 0x00, 0x00, 0x00, 0x00, 0x00, 0x61, 0xFF, 0xFF, 
0xFF, 0xFF, 0xE2, 0x06, 0x1F, 0x1F, 0x1F, 0x1F, 0x1F, 0x1F, 0x1F, 0x10, 0x00, 0x00, 0x00, 0x00, 
0x00, 0x00, 0x00, 0x58, 0xFF, 0xFF, 0xFF, 0xFF, 0xFF, 0xFF, 0xFF, 0xFF, 0xF1, 0xD1, 0x89, 0x14, 
0x00, 0x00, 0x00, 0x58, 0xFF, 0xFF, 0xFF, 0xFF, 0xFF, 0xFF, 0xFF, 0xFF, 0xFF, 0xFF, 0xFF, 0xF3, 
0x61, 0x00, 0x00, 0x58, 0xFF, 0xFF, 0xFF, 0xFF, 0xFF, 0xFF, 0xFF, 0xFF, 0xFF, 0xFF, 0xFF, 0xFF, 
0xF9, 0x33, 0x00, 0x58, 0xFF, 0xFF, 0xFF, 0xFF, 0xFF, 0xFF, 0xFF, 0xFF, 0xFF, 0xFF, 0xFF, 0xFF, 
0xFF, 0xCB, 0x00, 0x58, 0xFF, 0xFF, 0xFF, 0xFF, 0xA1, 0x0D, 0x10, 0x36, 0xA9, 0xFF, 0xFF, 0xFF, 
0xFF, 0xFB, 0x06, 0x58, 0xFF, 0xFF, 0xFF, 0xFF, 0x9A, 0x00, 0x00, 0x00, 0x04, 0xE7, 0xFF, 0xFF, 
0xFF, 0xFF, 0x2F, 0x58, 0xFF, 0xFF, 0xFF, 0xFF, 0x9A, 0x00, 0x00, 0x00, 0x00, 0xBF, 0xFF, 0xFF, 
0xFF, 0xFF, 0x43, 0x58, 0xFF, 0xFF, 0xFF, 0xFF, 0x9A, 0x00, 0x00, 0x00, 0x00, 0xD3, 0xFF, 0xFF, 
0xFF, 0xFF, 0x13, 0x58, 0xFF, 0xFF, 0xFF, 0xFF, 0x9A, 0x00, 0x00, 0x00, 0x4F, 0xFD, 0xFF, 0xFF, 
0xFF, 0xDA, 0x00, 0x58, 0xFF, 0xFF, 0xFF, 0xFF, 0xFF, 0xFF, 0xFF, 0xFF, 0xFF, 0xFF, 0xFF, 0xFF, 
0xFE, 0x57, 0x00, 0x58, 0xFF, 0xFF, 0xFF, 0xFF, 0xFF, 0xFF, 0xFF, 0xFF, 0xFF, 0xFF, 0xFF, 0xFF, 
0x6D, 0x00, 0x00, 0x58, 0xFF, 0xFF, 0xFF, 0xFF, 0xFF, 0xFF, 0xFF, 0xFF, 0xFF, 0xFF, 0xFF, 0xFF, 
0x89, 0x00, 0x00, 0x58, 0xFF, 0xFF, 0xFF, 0xFF, 0xFF, 0xFF, 0xFF, 0xFF, 0xFF, 0xFF, 0xFF, 0xFF, 
0xFF, 0x77, 0x00, 0x58, 0xFF, 0xFF, 0xFF, 0xFF, 0xC1, 0x27, 0x27, 0x31, 0x70, 0xFE, 0xFF, 0xFF, 
0xFF, 0xFD, 0x27, 0x58, 0xFF, 0xFF, 0xFF, 0xFF, 0x9A, 0x00, 0x00, 0x00, 0x00, 0x9D, 0xFF, 0xFF, 
0xFF, 0xFF, 0x5E, 0x58, 0xFF, 0xFF, 0xFF, 0xFF, 0x9A, 0x00, 0x00, 0x00, 0x00, 0x64, 0xFF, 0xFF, 
0xFF, 0xFF, 0x8E, 0x58, 0xFF, 0xFF, 0xFF, 0xFF, 0x9A, 0x00, 0x00, 0x00, 0x00, 0x66, 0xFF, 0xFF, 
0xFF, 0xFF, 0x9C, 0x58, 0xFF, 0xFF, 0xFF, 0xFF, 0x9A, 0x00, 0x00, 0x00, 0x00, 0xAB, 0xFF, 0xFF, 
0xFF, 0xFF, 0x83, 0x58, 0xFF, 0xFF, 0xFF, 0xFF, 0xC2, 0x28, 0x28, 0x3F, 0x92, 0xFF, 0xFF, 0xFF, 
0xFF, 0xFF, 0x5A, 0x58, 0xFF, 0xFF, 0xFF, 0xFF, 0xFF, 0xFF, 0xFF, 0xFF, 0xFF, 0xFF, 0xFF, 0xFF, 
0xFF, 0xF4, 0x0B, 0x58, 0xFF, 0xFF, 0xFF, 0xFF, 0xFF, 0xFF, 0xFF, 0xFF, 0xFF, 0xFF, 0xFF, 0xFF, 
0xF8, 0x4E, 0x00, 0x58, 0xFF, 0xFF, 0xFF, 0xFF, 0xFF, 0xFF, 0xFF, 0xFF, 0xFF, 0xFF, 0xFF, 0xF3, 
0x42, 0x00, 0x00, 0x54, 0xFF, 0xFF, 0xFF, 0xFF, 0xFF, 0xFF, 0xFF, 0xF6, 0xD0, 0x9E, 0x6B, 0x26, 
0x00, 0x00, 0x00, 0x00, 0x00, 0x00, 0x00, 0x00, 0x00, 0x1D, 0x4D, 0x6E, 0x5B, 0x40, 0x0A, 0x00, 
0x00, 0x00, 0x00, 0x00, 0x00, 0x00, 0x00, 0x03, 0x81, 0xEC, 0xFF, 0xFF, 0xFF, 0xFF, 0xFF, 0xF3, 
0x9C, 0x14, 0x00, 0x00, 0x00, 0x00, 0x00, 0x1A, 0xC0, 0xFF, 0xFF, 0xFF, 0xFF, 0xFF, 0xFF, 0xFF, 
0xFF, 0xFF, 0xE2, 0x2C, 0x00, 0x00, 0x00, 0x02, 0xD2, 0xFF, 0xFF, 0xFF, 0xFF, 0xFF, 0xFF, 0xFF, 
0xFF, 0xFF, 0xFF, 0xFF, 0xD6, 0x09, 0x00, 0x00, 0x59, 0xFF, 0xFF, 0xFF, 0xFF, 0xFF, 0xEF, 0xCE, 
0xF3, 0xFF, 0xFF, 0xFF, 0xFF, 0xFF, 0x6E, 0x00, 0x03, 0xD9, 0xFF, 0xFF, 0xFF, 0xFF, 0x8E, 0x01, 
0x00, 0x02, 0x89, 0xFF, 0xFF, 0xFF, 0xFF, 0xB0, 0x00, 0x3C, 0xFF, 0xFF, 0xFF, 0xFF, 0xD5, 0x00, 
0x00, 0x00, 0x00, 0x03, 0xDB, 0xFF, 0xFF, 0xFF, 0xEE, 0x02, 0x5F, 0xFF, 0xFF, 0xFF, 0xFF, 0x80, 
0x00, 0x00, 0x00, 0x00, 0x00, 0xAE, 0xFF, 0xFF, 0xFF, 0xFF, 0x30, 0x81, 0xFF, 0xFF, 0xFF, 0xFF, 
0x53, 0x00, 0x00, 0x00, 0x00, 0x00, 0x85, 0xF5, 0xF5, 0xF5, 0xF5, 0x5C, 0xA3, 0xFF, 0xFF, 0xFF, 
0xFF, 0x41, 0x00, 0x00, 0x00, 0x00, 0x00, 0x00, 0x00, 0x00, 0x00, 0x00, 0x00, 0xBD, 0xFF, 0xFF, 
0xFF, 0xFF, 0x30, 0x00, 0x00, 0x00, 0x00, 0x00, 0x00, 0x00, 0x00, 0x00, 0x00, 0x00, 0xBF, 0xFF, 
0xFF, 0xFF, 0xFF, 0x2C, 0x00, 0x00, 0x00, 0x00, 0x00, 0x00, 0x00, 0x00, 0x00, 0x00, 0x00, 0xBF, 
0xFF, 0xFF, 0xFF, 0xFF, 0x2C, 0x00, 0x00, 0x00, 0x00, 0x00, 0x00, 0x00, 0x00, 0x00, 0x00, 0x00, 
0xBF, 0xFF, 0xFF, 0xFF, 0xFF, 0x2C, 0x00, 0x00, 0x00, 0x00, 0x00, 0x00, 0x00, 0x00, 0x00, 0x00, 
0x00, 0xBC, 0xFF, 0xFF, 0xFF, 0xFF, 0x31, 0x00, 0x00, 0x00, 0x00, 0x00, 0x00, 0x00, 0x00, 0x00, 
0x00, 0x00, 0xA1, 0xFF, 0xFF, 0xFF, 0xFF, 0x41, 0x00, 0x00, 0x00, 0x00, 0x00, 0x00, 0x00, 0x00, 
0x00, 0x00, 0x00, 0x80, 0xFF, 0xFF, 0xFF, 0xFF, 0x50, 0x00, 0x00, 0x00, 0x00, 0x00, 0x86, 0xF4, 
0xF4, 0xF4, 0xF4, 0x58, 0x60, 0xFF, 0xFF, 0xFF, 0xFF, 0x82, 0x00, 0x00, 0x00, 0x00, 0x00, 0xB9, 
0xFF, 0xFF, 0xFF, 0xFF, 0x48, 0x3D, 0xFF, 0xFF, 0xFF, 0xFF, 0xD0, 0x01, 0x00, 0x00, 0x00, 0x09, 
0xE7, 0xFF, 0xFF, 0xFF, 0xFF, 0x25, 0x02, 0xD4, 0xFF, 0xFF, 0xFF, 0xFF, 0x97, 0x0E, 0x00, 0x13, 
0xAA, 0xFF, 0xFF, 0xFF, 0xFF, 0xD8, 0x00, 0x00, 0x55, 0xFF, 0xFF, 0xFF, 0xFF, 0xFF, 0xFE, 0xED, 
0xFF, 0xFF, 0xFF, 0xFF, 0xFF, 0xFF, 0x76, 0x00, 0x00, 0x01, 0xCD, 0xFF, 0xFF, 0xFF, 0xFF, 0xFF, 
0xFF, 0xFF, 0xFF, 0xFF, 0xFF, 0xFF, 0xCD, 0x06, 0x00, 0x00, 0x00, 0x10, 0xAD, 0xFF, 0xFF, 0xFF, 
0xFF, 0xFF, 0xFF, 0xFF, 0xFF, 0xFF, 0xCE, 0x1F, 0x00, 0x00, 0x00, 0x00, 0x00, 0x00, 0x6C, 0xCD, 
0xF8, 0xFF, 0xFF, 0xFF, 0xFF, 0xD7, 0x77, 0x06, 0x00, 0x00, 0x00, 0x00, 0x00, 0x00, 0x00, 0x00, 
0x00, 0x05, 0x2E, 0x4C, 0x37, 0x1C, 0x00, 0x00, 0x00, 0x00, 0x00, 0x00, 0x06, 0x1F, 0x2A, 0x3E, 
0x3E, 0x2D, 0x1F, 0x0B, 0x00, 0x00, 0x00, 0x00, 0x00, 0x00, 0x00, 0x00, 0x58, 0xFF, 0xFF, 0xFF, 
0xFF, 0xFF, 0xFF, 0xFE, 0xDB, 0xAD, 0x76, 0x08, 0x00, 0x00, 0x00, 0x00, 0x58, 0xFF, 0xFF, 0xFF, 
0xFF, 0xFF, 0xFF, 0xFF, 0xFF, 0xFF, 0xFF, 0xD8, 0x37, 0x00, 0x00, 0x00, 0x58, 0xFF, 0xFF, 0xFF, 
0xFF, 0xFF, 0xFF, 0xFF, 0xFF, 0xFF, 0xFF, 0xFF, 0xFC, 0x63, 0x00, 0x00, 0x58, 0xFF, 0xFF, 0xFF, 
0xFF, 0xFF, 0xFF, 0xFF, 0xFF, 0xFF, 0xFF, 0xFF, 0xFF, 0xF0, 0x17, 0x00, 0x58, 0xFF, 0xFF, 0xFF, 
0xFF, 0xA7, 0x0F, 0x2F, 0x60, 0xE8, 0xFF, 0xFF, 0xFF, 0xFF, 0x9E, 0x00, 0x58, 0xFF, 0xFF, 0xFF, 
0xFF, 0x9A, 0x00, 0x00, 0x00, 0x1B, 0xF1, 0xFF, 0xFF, 0xFF, 0xFE, 0x23, 0x58, 0xFF, 0xFF, 0xFF, 
0xFF, 0x9A, 0x00, 0x00, 0x00, 0x00, 0x9A, 0xFF, 0xFF, 0xFF, 0xFF, 0x52, 0x58, 0xFF, 0xFF, 0xFF, 
0xFF, 0x9A, 0x00, 0x00, 0x00, 0x00, 0x53, 0xFF, 0xFF, 0xFF, 0xFF, 0x79, 0x58, 0xFF, 0xFF, 0xFF, 
0xFF, 0x9A, 0x00, 0x00, 0x00, 0x00, 0x3E, 0xFF, 0xFF, 0xFF, 0xFF, 0xA0, 0x58, 0xFF, 0xFF, 0xFF, 
0xFF, 0x9A, 0x00, 0x00, 0x00, 0x00, 0x2B, 0xFF, 0xFF, 0xFF, 0xFF, 0xC2, 0x58, 0xFF, 0xFF, 0xFF, 
0xFF, 0x9A, 0x00, 0x00, 0x00, 0x00, 0x24, 0xFF, 0xFF, 0xFF, 0xFF, 0xC7, 0x58, 0xFF, 0xFF, 0xFF, 
0xFF, 0x9A, 0x00, 0x00, 0x00, 0x00, 0x24, 0xFF, 0xFF, 0xFF, 0xFF, 0xC7, 0x58, 0xFF, 0xFF, 0xFF, 
0xFF, 0x9A, 0x00, 0x00, 0x00, 0x00, 0x24, 0xFF, 0xFF, 0xFF, 0xFF, 0xC7, 0x58, 0xFF, 0xFF, 0xFF, 
0xFF, 0x9A, 0x00, 0x00, 0x00, 0x00, 0x32, 0xFF, 0xFF, 0xFF, 0xFF, 0xC0, 0x58, 0xFF, 0xFF, 0xFF, 
0xFF, 0x9A, 0x00, 0x00, 0x00, 0x00, 0x4F, 0xFF, 0xFF, 0xFF, 0xFF, 0x9C, 0x58, 0xFF, 0xFF, 0xFF, 
0xFF, 0x9A, 0x00, 0x00, 0x00, 0x00, 0x6B, 0xFF, 0xFF, 0xFF, 0xFF, 0x75, 0x58, 0xFF, 0xFF, 0xFF, 
0xFF, 0x9A, 0x00, 0x00, 0x00, 0x00, 0xA5, 0xFF, 0xFF, 0xFF, 0xFF, 0x4E, 0x58, 0xFF, 0xFF, 0xFF, 
0xFF, 0x9A, 0x00, 0x00, 0x00, 0x4D, 0xFF, 0xFF, 0xFF, 0xFF, 0xFB, 0x1C, 0x58, 0xFF, 0xFF, 0xFF, 
0xFF, 0xC2, 0x2D, 0x5D, 0x97, 0xED, 0xFF, 0xFF, 0xFF, 0xFF, 0x8D, 0x00, 0x58, 0xFF, 0xFF, 0xFF, 
0xFF, 0xFF, 0xFF, 0xFF, 0xFF, 0xFF, 0xFF, 0xFF, 0xFF, 0xE8, 0x0E, 0x00, 0x58, 0xFF, 0xFF, 0xFF, 
0xFF, 0xFF, 0xFF, 0xFF, 0xFF, 0xFF, 0xFF, 0xFF, 0xF3, 0x4D, 0x00, 0x00, 0x58, 0xFF, 0xFF, 0xFF, 
0xFF, 0xFF, 0xFF, 0xFF, 0xFF, 0xFF, 0xFF, 0xBF, 0x21, 0x00, 0x00, 0x00, 0x54, 0xFF, 0xFF, 0xFF, 
0xFF, 0xFF, 0xFB, 0xE8, 0xBB, 0x8D, 0x56, 0x01, 0x00, 0x00, 0x00, 0x00, 0x06, 0x1F, 0x1F, 0x20, 
0x3D, 0x2D, 0x1F, 0x1F, 0x1F, 0x1F, 0x1F, 0x1F, 0x1F, 0x1C, 0x00, 0x58, 0xFF, 0xFF, 0xFF, 0xFF, 
0xFF, 0xFF, 0xFF, 0xFF, 0xFF, 0xFF, 0xFF, 0xFF, 0xFF, 0x09, 0x58, 0xFF, 0xFF, 0xFF, 0xFF, 0xFF, 
0xFF, 0xFF, 0xFF, 0xFF, 0xFF, 0xFF, 0xFF, 0xFF, 0x0A, 0x58, 0xFF, 0xFF, 0xFF, 0xFF, 0xFF, 0xFF, 
0xFF, 0xFF, 0xFF, 0xFF, 0xFF, 0xFF, 0xFF, 0x0A, 0x58, 0xFF, 0xFF, 0xFF, 0xFF, 0xFF, 0xFF, 0xFF, 
0xFF, 0xFF, 0xFF, 0xFF, 0xFF, 0xFE, 0x09, 0x58, 0xFF, 0xFF, 0xFF, 0xFF, 0xA7, 0x0D, 0x0D, 0x0D, 
0x0D, 0x0D, 0x0D, 0x0D, 0x0B, 0x00, 0x58, 0xFF, 0xFF, 0xFF, 0xFF, 0x9A, 0x00, 0x00, 0x00, 0x00, 
0x00, 0x00, 0x00, 0x00, 0x00, 0x58, 0xFF, 0xFF, 0xFF, 0xFF, 0x9A, 0x00, 0x00, 0x00, 0x00, 0x00, 
0x00, 0x00, 0x00, 0x00, 0x58, 0xFF, 0xFF, 0xFF, 0xFF, 0x9A, 0x00, 0x00, 0x00, 0x00, 0x00, 0x00, 
0x00, 0x00, 0x00, 0x58, 0xFF, 0xFF, 0xFF, 0xFF, 0x9A, 0x00, 0x00, 0x00, 0x00, 0x00, 0x00, 0x00, 
0x00, 0x00, 0x58, 0xFF, 0xFF, 0xFF, 0xFF, 0xFF, 0xE8, 0xE8, 0xE8, 0xE8, 0xE8, 0xE8, 0xAA, 0x00, 
0x00, 0x58, 0xFF, 0xFF, 0xFF, 0xFF, 0xFF, 0xFF, 0xFF, 0xFF, 0xFF, 0xFF, 0xFF, 0xC0, 0x00, 0x00, 
0x58, 0xFF, 0xFF, 0xFF, 0xFF, 0xFF, 0xFF, 0xFF, 0xFF, 0xFF, 0xFF, 0xFF, 0xC0, 0x00, 0x00, 0x58, 
0xFF, 0xFF, 0xFF, 0xFF, 0xFF, 0xFF, 0xFF, 0xFF, 0xFF, 0xFF, 0xFF, 0xC0, 0x00, 0x00, 0x58, 0xFF, 
0xFF, 0xFF, 0xFF, 0xBD, 0x23, 0x23, 0x23, 0x23, 0x23, 0x23, 0x16, 0x00, 0x00, 0x58, 0xFF, 0xFF, 
0xFF, 0xFF, 0x9A, 0x00, 0x00, 0x00, 0x00, 0x00, 0x00, 0x00, 0x00, 0x00, 0x58, 0xFF, 0xFF, 0xFF, 
0xFF, 0x9A, 0x00, 0x00, 0x00, 0x00, 0x00, 0x00, 0x00, 0x00, 0x00, 0x58, 0xFF, 0xFF, 0xFF, 0xFF, 
0x9A, 0x00, 0x00, 0x00, 0x00, 0x00, 0x00, 0x00, 0x00, 0x00, 0x58, 0xFF, 0xFF, 0xFF, 0xFF, 0x9A, 
0x00, 0x00, 0x00, 0x00, 0x00, 0x00, 0x00, 0x00, 0x00, 0x58, 0xFF, 0xFF, 0xFF, 0xFF, 0xC2, 0x28, 
0x28, 0x28, 0x28, 0x28, 0x28, 0x28, 0x26, 0x00, 0x58, 0xFF, 0xFF, 0xFF, 0xFF, 0xFF, 0xFF, 0xFF, 
0xFF, 0xFF, 0xFF, 0xFF, 0xFF, 0xFF, 0x12, 0x58, 0xFF, 0xFF, 0xFF, 0xFF, 0xFF, 0xFF, 0xFF, 0xFF, 
0xFF, 0xFF, 0xFF, 0xFF, 0xFF, 0x13, 0x58, 0xFF, 0xFF, 0xFF, 0xFF, 0xFF, 0xFF, 0xFF, 0xFF, 0xFF, 
0xFF, 0xFF, 0xFF, 0xFF, 0x13, 0x54, 0xFF, 0xFF, 0xFF, 0xFF, 0xFF, 0xFF, 0xFF, 0xFF, 0xFF, 0xFF, 
0xFF, 0xFF, 0xFE, 0x10, 0x06, 0x1F, 0x1F, 0x1F, 0x37, 0x2D, 0x1F, 0x1F, 0x1F, 0x1F, 0x1F, 0x1F, 
0x1F, 0x0E, 0x58, 0xFF, 0xFF, 0xFF, 0xFF, 0xFF, 0xFF, 0xFF, 0xFF, 0xFF, 0xFF, 0xFF, 0xFF, 0x99, 
0x58, 0xFF, 0xFF, 0xFF, 0xFF, 0xFF, 0xFF, 0xFF, 0xFF, 0xFF, 0xFF, 0xFF, 0xFF, 0x99, 0x58, 0xFF, 
0xFF, 0xFF, 0xFF, 0xFF, 0xFF, 0xFF, 0xFF, 0xFF, 0xFF, 0xFF, 0xFF, 0x99, 0x58, 0xFF, 0xFF, 0xFF, 
0xFF, 0xFF, 0xFF, 0xFF, 0xFF, 0xFF, 0xFF, 0xFF, 0xFF, 0x97, 0x58, 0xFF, 0xFF, 0xFF, 0xFF, 0xA7, 
0x0D, 0x0D, 0x0D, 0x0D, 0x0D, 0x0D, 0x0D, 0x05, 0x58, 0xFF, 0xFF, 0xFF, 0xFF, 0x9A, 0x00, 0x00, 
0x00, 0x00, 0x00, 0x00, 0x00, 0x00, 0x58, 0xFF, 0xFF, 0xFF, 0xFF, 0x9A, 0x00, 0x00, 0x00, 0x00, 
0x00, 0x00, 0x00, 0x00, 0x58, 0xFF, 0xFF, 0xFF, 0xFF, 0x9A, 0x00, 0x00, 0x00, 0x00, 0x00, 0x00, 
0x00, 0x00, 0x58, 0xFF, 0xFF, 0xFF, 0xFF, 0x9A, 0x00, 0x00, 0x00, 0x00, 0x00, 0x00, 0x00, 0x00, 
0x58, 0xFF, 0xFF, 0xFF, 0xFF, 0xFF, 0x73, 0x73, 0x73, 0x73, 0x73, 0x73, 0x50, 0x00, 0x58, 0xFF, 
0xFF, 0xFF, 0xFF, 0xFF, 0xFF, 0xFF, 0xFF, 0xFF, 0xFF, 0xFF, 0xBB, 0x00, 0x58, 0xFF, 0xFF, 0xFF, 
0xFF, 0xFF, 0xFF, 0xFF, 0xFF, 0xFF, 0xFF, 0xFF, 0xBB, 0x00, 0x58, 0xFF, 0xFF, 0xFF, 0xFF, 0xFF, 
0xFF, 0xFF, 0xFF, 0xFF, 0xFF, 0xFF, 0xBB, 0x00, 0x58, 0xFF, 0xFF, 0xFF, 0xFF, 0xFF, 0xB2, 0xB2, 
0xB2, 0xB2, 0xB2, 0xB2, 0x7E, 0x00, 0x58, 0xFF, 0xFF, 0xFF, 0xFF, 0x9A, 0x00, 0x00, 0x00, 0x00, 
0x00, 0x00, 0x00, 0x00, 0x58, 0xFF, 0xFF, 0xFF, 0xFF, 0x9A, 0x00, 0x00, 0x00, 0x00, 0x00, 0x00, 
0x00, 0x00, 0x58, 0xFF, 0xFF, 0xFF, 0xFF, 0x9A, 0x00, 0x00, 0x00, 0x00, 0x00, 0x00, 0x00, 0x00, 
0x58, 0xFF, 0xFF, 0xFF, 0xFF, 0x9A, 0x00, 0x00, 0x00, 0x00, 0x00, 0x00, 0x00, 0x00, 0x58, 0xFF, 
0xFF, 0xFF, 0xFF, 0x9A, 0x00, 0x00, 0x00, 0x00, 0x00, 0x00, 0x00, 0x00, 0x58, 0xFF, 0xFF, 0xFF, 
0xFF, 0x9A, 0x00, 0x00, 0x00, 0x00, 0x00, 0x00, 0x00, 0x00, 0x58, 0xFF, 0xFF, 0xFF, 0xFF, 0x9A, 
0x00, 0x00, 0x00, 0x00, 0x00, 0x00, 0x00, 0x00, 0x58, 0xFF, 0xFF, 0xFF, 0xFF, 0x9A, 0x00, 0x00, 
0x00, 0x00, 0x00, 0x00, 0x00, 0x00, 0x54, 0xFF, 0xFF, 0xFF, 0xFF, 0x95, 0x00, 0x00, 0x00, 0x00, 
0x00, 0x00, 0x00, 0x00, 0x00, 0x00, 0x00, 0x00, 0x00, 0x00, 0x1D, 0x4A, 0x6D, 0x5F, 0x48, 0x18, 
0x00, 0x00, 0x00, 0x00, 0x00, 0x00, 0x00, 0x00, 0x02, 0x7B, 0xEF, 0xFF, 0xFF, 0xFF, 0xFF, 0xFF, 
0xFD, 0xBD, 0x34, 0x00, 0x00, 0x00, 0x00, 0x00, 0x1D, 0xC1, 0xFF, 0xFF, 0xFF, 0xFF, 0xFF, 0xFF, 
0xFF, 0xFF, 0xFF, 0xFA, 0x5C, 0x00, 0x00, 0x00, 0x01, 0xCC, 0xFF, 0xFF, 0xFF, 0xFF, 0xFF, 0xFF, 
0xFF, 0xFF, 0xFF, 0xFF, 0xFF, 0xF6, 0x28, 0x00, 0x00, 0x54, 0xFF, 0xFF, 0xFF, 0xFF, 0xFF, 0xF6, 
0xCE, 0xE9, 0xFF, 0xFF, 0xFF, 0xFF, 0xFF, 0x93, 0x00, 0x03, 0xD8, 0xFF, 0xFF, 0xFF, 0xFF, 0xB5, 
0x0A, 0x00, 0x00, 0x6E, 0xFF, 0xFF, 0xFF, 0xFF, 0xD2, 0x00, 0x31, 0xFF, 0xFF, 0xFF, 0xFF, 0xF1, 
0x09, 0x00, 0x00, 0x00, 0x00, 0xC2, 0xFF, 0xFF, 0xFF, 0xFE, 0x13, 0x52, 0xFF, 0xFF, 0xFF, 0xFF, 
0x9E, 0x00, 0x00, 0x00, 0x00, 0x00, 0x87, 0xFF, 0xFF, 0xFF, 0xFF, 0x51, 0x73, 0xFF, 0xFF, 0xFF, 
0xFF, 0x6C, 0x00, 0x00, 0x00, 0x00, 0x00, 0x2C, 0x78, 0x78, 0x78, 0x78, 0x2F, 0x94, 0xFF, 0xFF, 
0xFF, 0xFF, 0x58, 0x00, 0x00, 0x00, 0x00, 0x00, 0x00, 0x00, 0x00, 0x00, 0x00, 0x00, 0xAE, 0xFF, 
0xFF, 0xFF, 0xFF, 0x45, 0x00, 0x00, 0x00, 0x00, 0x00, 0x00, 0x00, 0x00, 0x00, 0x00, 0x00, 0xAF, 
0xFF, 0xFF, 0xFF, 0xFF, 0x41, 0x00, 0x00, 0x36, 0x52, 0x52, 0x52, 0x52, 0x52, 0x52, 0x52, 0x22, 
0xAF, 0xFF, 0xFF, 0xFF, 0xFF, 0x41, 0x00, 0x00, 0xB7, 0xFF, 0xFF, 0xFF, 0xFF, 0xFF, 0xFF, 0xFF, 
0x7A, 0xAF, 0xFF, 0xFF, 0xFF, 0xFF, 0x41, 0x00, 0x00, 0xB7, 0xFF, 0xFF, 0xFF, 0xFF, 0xFF, 0xFF, 
0xFF, 0x7A, 0xAC, 0xFF, 0xFF, 0xFF, 0xFF, 0x48, 0x00, 0x00, 0xB7, 0xFF, 0xFF, 0xFF, 0xFF, 0xFF, 
0xFF, 0xFF, 0x7A, 0x8F, 0xFF, 0xFF, 0xFF, 0xFF, 0x5E, 0x00, 0x00, 0x56, 0x7E, 0x7E, 0xBD, 0xFF, 
0xFF, 0xFF, 0xFF, 0x7A, 0x6D, 0xFF, 0xFF, 0xFF, 0xFF, 0x75, 0x00, 0x00, 0x00, 0x00, 0x00, 0x73, 
0xFF, 0xFF, 0xFF, 0xFF, 0x7A, 0x4A, 0xFF, 0xFF, 0xFF, 0xFF, 0xB7, 0x00, 0x00, 0x00, 0x00, 0x00, 
0x73, 0xFF, 0xFF, 0xFF, 0xFF, 0x7A, 0x27, 0xFF, 0xFF, 0xFF, 0xFF, 0xFD, 0x23, 0x00, 0x00, 0x00, 
0x00, 0x73, 0xFF, 0xFF, 0xFF, 0xFF, 0x7A, 0x00, 0xC2, 0xFF, 0xFF, 0xFF, 0xFF, 0xE2, 0x3D, 0x03, 
0x00, 0x24, 0xBC, 0xFF, 0xFF, 0xFF, 0xFF, 0x7A, 0x00, 0x36, 0xFE, 0xFF, 0xFF, 0xFF, 0xFF, 0xFF, 
0xF8, 0xED, 0xFF, 0xFF, 0xFF, 0xFF, 0xFF, 0xFF, 0x7A, 0x00, 0x00, 0xA5, 0xFF, 0xFF, 0xFF, 0xFF, 
0xFF, 0xFF, 0xFF, 0xFF, 0xFF, 0xFF, 0xFF, 0xFF, 0xFB, 0x4C, 0x00, 0x00, 0x07, 0x8B, 0xFD, 0xFF, 
0xFF, 0xFF, 0xFF, 0xFF, 0xFF, 0xFF, 0xFF, 0xFF, 0xE4, 0x43, 0x00, 0x00, 0x00, 0x00, 0x00, 0x3C, 
0xC1, 0xF0, 0xFF, 0xFF, 0xFF, 0xFF, 0xF5, 0xCD, 0x65, 0x07, 0x00, 0x00, 0x00, 0x00, 0x00, 0x00, 
0x00, 0x00, 0x00, 0x1D, 0x46, 0x3E, 0x1A, 0x01, 0x00, 0x00, 0x00, 0x00, 0x00, 0x06, 0x1F, 0x1F, 
0x1F, 0x1F, 0x0E, 0x00, 0x00, 0x00, 0x00, 0x00, 0x00, 0x19, 0x1F, 0x1F, 0x1F, 0x19, 0x58, 0xFF, 
0xFF, 0xFF, 0xFF, 0x99, 0x00, 0x00, 0x00, 0x00, 0x00, 0x00, 0xF2, 0xFF, 0xFF, 0xFF, 0xF3, 0x58, 
0xFF, 0xFF, 0xFF, 0xFF, 0x9A, 0x00, 0x00, 0x00, 0x00, 0x00, 0x00, 0xF3, 0xFF, 0xFF, 0xFF, 0xF3, 
0x58, 0xFF, 0xFF, 0xFF, 0xFF, 0x9A, 0x00, 0x00, 0x00, 0x00, 0x00, 0x00, 0xF3, 0xFF, 0xFF, 0xFF, 
0xF3, 0x58, 0xFF, 0xFF, 0xFF, 0xFF, 0x9A, 0x00, 0x00, 0x00, 0x00, 0x00, 0x00, 0xF3, 0xFF, 0xFF, 
0xFF, 0xF3, 0x58, 0xFF, 0xFF, 0xFF, 0xFF, 0x9A, 0x00, 0x00, 0x00, 0x00, 0x00, 0x00, 0xF3, 0xFF, 
0xFF, 0xFF, 0xF3, 0x58, 0xFF, 0xFF, 0xFF, 0xFF, 0x9A, 0x00, 0x00, 0x00, 0x00, 0x00, 0x00, 0xF3, 
0xFF, 0xFF, 0xFF, 0xF3, 0x58, 0xFF, 0xFF, 0xFF, 0xFF, 0x9A, 0x00, 0x00, 0x00, 0x00, 0x00, 0x00, 
0xF3, 0xFF, 0xFF, 0xFF, 0xF3, 0x58, 0xFF, 0xFF, 0xFF, 0xFF, 0x9A, 0x00, 0x00, 0x00, 0x00, 0x00, 
0x00, 0xF3, 0xFF, 0xFF, 0xFF, 0xF3, 0x58, 0xFF, 0xFF, 0xFF, 0xFF, 0x9A, 0x00, 0x00, 0x00, 0x00, 
0x00, 0x00, 0xF3, 0xFF, 0xFF, 0xFF, 0xF3, 0x58, 0xFF, 0xFF, 0xFF, 0xFF, 0xFF, 0xE8, 0xE8, 0xE8, 
0xE8, 0xE8, 0xE8, 0xFF, 0xFF, 0xFF, 0xFF, 0xF3, 0x58, 0xFF, 0xFF, 0xFF, 0xFF, 0xFF, 0xFF, 0xFF, 
0xFF, 0xFF, 0xFF, 0xFF, 0xFF, 0xFF, 0xFF, 0xFF, 0xF3, 0x58, 0xFF, 0xFF, 0xFF, 0xFF, 0xFF, 0xFF, 
0xFF, 0xFF, 0xFF, 0xFF, 0xFF, 0xFF, 0xFF, 0xFF, 0xFF, 0xF3, 0x58, 0xFF, 0xFF, 0xFF, 0xFF, 0xFF, 
0xFF, 0xFF, 0xFF, 0xFF, 0xFF, 0xFF, 0xFF, 0xFF, 0xFF, 0xFF, 0xF3, 0x58, 0xFF, 0xFF, 0xFF, 0xFF, 
0xD9, 0x3F, 0x3F, 0x3F, 0x3F, 0x3F, 0x3F, 0xFF, 0xFF, 0xFF, 0xFF, 0xF3, 0x58, 0xFF, 0xFF, 0xFF, 
0xFF, 0x9A, 0x00, 0x00, 0x00, 0x00, 0x00, 0x00, 0xF3, 0xFF, 0xFF, 0xFF, 0xF3, 0x58, 0xFF, 0xFF, 
0xFF, 0xFF, 0x9A, 0x00, 0x00, 0x00, 0x00, 0x00, 0x00, 0xF3, 0xFF, 0xFF, 0xFF, 0xF3, 0x58, 0xFF, 
0xFF, 0xFF, 0xFF, 0x9A, 0x00, 0x00, 0x00, 0x00, 0x00, 0x00, 0xF3, 0xFF, 0xFF, 0xFF, 0xF3, 0x58, 
0xFF, 0xFF, 0xFF, 0xFF, 0x9A, 0x00, 0x00, 0x00, 0x00, 0x00, 0x00, 0xF3, 0xFF, 0xFF, 0xFF, 0xF3, 
0x58, 0xFF, 0xFF, 0xFF, 0xFF, 0x9A, 0x00, 0x00, 0x00, 0x00, 0x00, 0x00, 0xF3, 0xFF, 0xFF, 0xFF, 
0xF3, 0x58, 0xFF, 0xFF, 0xFF, 0xFF, 0x9A, 0x00, 0x00, 0x00, 0x00, 0x00, 0x00, 0xF3, 0xFF, 0xFF, 
0xFF, 0xF3, 0x58, 0xFF, 0xFF, 0xFF, 0xFF, 0x9A, 0x00, 0x00, 0x00, 0x00, 0x00, 0x00, 0xF3, 0xFF, 
0xFF, 0xFF, 0xF3, 0x58, 0xFF, 0xFF, 0xFF, 0xFF, 0x9A, 0x00, 0x00, 0x00, 0x00, 0x00, 0x00, 0xF3, 
0xFF, 0xFF, 0xFF, 0xF3, 0x54, 0xFF, 0xFF, 0xFF, 0xFF, 0x95, 0x00, 0x00, 0x00, 0x00, 0x00, 0x00, 
0xEF, 0xFF, 0xFF, 0xFF, 0xEF, 0x00, 0x1E, 0x1F, 0x1F, 0x1F, 0x14, 0x23, 0xFF, 0xFF, 0xFF, 0xFF, 
0xC7, 0x24, 0xFF, 0xFF, 0xFF, 0xFF, 0xC8, 0x24, 0xFF, 0xFF, 0xFF, 0xFF, 0xC8, 0x24, 0xFF, 0xFF, 
0xFF, 0xFF, 0xC8, 0x24, 0xFF, 0xFF, 0xFF, 0xFF, 0xC8, 0x24, 0xFF, 0xFF, 0xFF, 0xFF, 0xC8, 0x24, 
0xFF, 0xFF, 0xFF, 0xFF, 0xC8, 0x24, 0xFF, 0xFF, 0xFF, 0xFF, 0xC8, 0x24, 0xFF, 0xFF, 0xFF, 0xFF, 
0xC8, 0x24, 0xFF, 0xFF, 0xFF, 0xFF, 0xC8, 0x24, 0xFF, 0xFF, 0xFF, 0xFF, 0xC8, 0x24, 0xFF, 0xFF, 
0xFF, 0xFF, 0xC8, 0x24, 0xFF, 0xFF, 0xFF, 0xFF, 0xC8, 0x24, 0xFF, 0xFF, 0xFF, 0xFF, 0xC8, 0x24, 
0xFF, 0xFF, 0xFF, 0xFF, 0xC8, 0x24, 0xFF, 0xFF, 0xFF, 0xFF, 0xC8, 0x24, 0xFF, 0xFF, 0xFF, 0xFF, 
0xC8, 0x24, 0xFF, 0xFF, 0xFF, 0xFF, 0xC8, 0x24, 0xFF, 0xFF, 0xFF, 0xFF, 0xC8, 0x24, 0xFF, 0xFF, 
0xFF, 0xFF, 0xC8, 0x24, 0xFF, 0xFF, 0xFF, 0xFF, 0xC8, 0x24, 0xFF, 0xFF, 0xFF, 0xFF, 0xC8, 0x20, 
0xFF, 0xFF, 0xFF, 0xFF, 0xC3, 0x00, 0x00, 0x00, 0x00, 0x00, 0x00, 0x00, 0x00, 0x00, 0x16, 0x1F, 
0x1F, 0x1F, 0x1D, 0x00, 0x00, 0x00, 0x00, 0x00, 0x00, 0x00, 0x00, 0x00, 0x00, 0xDA, 0xFF, 0xFF, 
0xFF, 0xFF, 0x13, 0x00, 0x00, 0x00, 0x00, 0x00, 0x00, 0x00, 0x00, 0x00, 0xDB, 0xFF, 0xFF, 0xFF, 
0xFF, 0x13, 0x00, 0x00, 0x00, 0x00, 0x00, 0x00, 0x00, 0x00, 0x00, 0xDB, 0xFF, 0xFF, 0xFF, 0xFF, 
0x13, 0x00, 0x00, 0x00, 0x00, 0x00, 0x00, 0x00, 0x00, 0x00, 0xDB, 0xFF, 0xFF, 0xFF, 0xFF, 0x13, 
0x00, 0x00, 0x00, 0x00, 0x00, 0x00, 0x00, 0x00, 0x00, 0xDB, 0xFF, 0xFF, 0xFF, 0xFF, 0x13, 0x00, 
0x00, 0x00, 0x00, 0x00, 0x00, 0x00, 0x00, 0x00, 0xDB, 0xFF, 0xFF, 0xFF, 0xFF, 0x13, 0x00, 0x00, 
0x00, 0x00, 0x00, 0x00, 0x00, 0x00, 0x00, 0xDB, 0xFF, 0xFF, 0xFF, 0xFF, 0x13, 0x00, 0x00, 0x00, 
0x00, 0x00, 0x00, 0x00, 0x00, 0x00, 0xDB, 0xFF, 0xFF, 0xFF, 0xFF, 0x13, 0x00, 0x00, 0x00, 0x00, 
0x00, 0x00, 0x00, 0x00, 0x00, 0xDB, 0xFF, 0xFF, 0xFF, 0xFF, 0x13, 0x00, 0x00, 0x00, 0x00, 0x00, 
0x00, 0x00, 0x00, 0x00, 0xDB, 0xFF, 0xFF, 0xFF, 0xFF, 0x13, 0x00, 0x00, 0x00, 0x00, 0x00, 0x00, 
0x00, 0x00, 0x00, 0xDB, 0xFF, 0xFF, 0xFF, 0xFF, 0x13, 0x00, 0x00, 0x00, 0x00, 0x00, 0x00, 0x00, 
0x00, 0x00, 0xDB, 0xFF, 0xFF, 0xFF, 0xFF, 0x13, 0x00, 0x00, 0x00, 0x00, 0x00, 0x00, 0x00, 0x00, 
0x00, 0xDB, 0xFF, 0xFF, 0xFF, 0xFF, 0x13, 0x00, 0x00, 0x00, 0x00, 0x00, 0x00, 0x00, 0x00, 0x00, 
0xDB, 0xFF, 0xFF, 0xFF, 0xFF, 0x13, 0x00, 0x00, 0x00, 0x00, 0x00, 0x00, 0x00, 0x00, 0x00, 0xDB, 
0xFF, 0xFF, 0xFF, 0xFF, 0x13, 0x06, 0x17, 0x17, 0x17, 0x17, 0x0B, 0x00, 0x00, 0x00, 0xE2, 0xFF, 
0xFF, 0xFF, 0xFF, 0x13, 0x6B, 0xFF, 0xFF, 0xFF, 0xFF, 0x92, 0x00, 0x00, 0x00, 0xF6, 0xFF, 0xFF, 
0xFF, 0xFF, 0x07, 0x58, 0xFF, 0xFF, 0xFF, 0xFF, 0xB6, 0x00, 0x00, 0x22, 0xFF, 0xFF, 0xFF, 0xFF, 
0xEC, 0x00, 0x35, 0xFF, 0xFF, 0xFF, 0xFF, 0xFC, 0x42, 0x0A, 0xAB, 0xFF, 0xFF, 0xFF, 0xFF, 0xB7, 
0x00, 0x01, 0xDE, 0xFF, 0xFF, 0xFF, 0xFF, 0xFF, 0xFC, 0xFF, 0xFF, 0xFF, 0xFF, 0xFF, 0x5A, 0x00, 
0x00, 0x66, 0xFF, 0xFF, 0xFF, 0xFF, 0xFF, 0xFF, 0xFF, 0xFF, 0xFF, 0xFF, 0xA6, 0x02, 0x00, 0x00, 
0x00, 0x9C, 0xFF, 0xFF, 0xFF, 0xFF, 0xFF, 0xFF, 0xFF, 0xFF, 0xB5, 0x05, 0x00, 0x00, 0x00, 0x00, 
0x00, 0x5D, 0xB9, 0xF0, 0xFF, 0xFF, 0xFF, 0xF2, 0x93, 0x09, 0x00, 0x00, 0x00, 0x00, 0x00, 0x00, 
0x00, 0x00, 0x02, 0x2B, 0x4B, 0x30, 0x0A, 0x00, 0x00, 0x00, 0x00, 0x00, 0x06, 0x1F, 0x1F, 0x1F, 
0x1F, 0x0E, 0x00, 0x00, 0x00, 0x00, 0x02, 0x1F, 0x1F, 0x1F, 0x1F, 0x1F, 0x17, 0x58, 0xFF, 0xFF, 
0xFF, 0xFF, 0x99, 0x00, 0x00, 0x00, 0x00, 0x63, 0xFF, 0xFF, 0xFF, 0xFF, 0xFF, 0xB4, 0x58, 0xFF, 
0xFF, 0xFF, 0xFF, 0x9A, 0x00, 0x00, 0x00, 0x0D, 0xE8, 0xFF, 0xFF, 0xFF, 0xFF, 0xF4, 0x21, 0x58, 
0xFF, 0xFF, 0xFF, 0xFF, 0x9A, 0x00, 0x00, 0x00, 0x88, 0xFF, 0xFF, 0xFF, 0xFF, 0xFF, 0x6E, 0x00, 
0x58, 0xFF, 0xFF, 0xFF, 0xFF, 0x9A, 0x00, 0x00, 0x21, 0xF8, 0xFF, 0xFF, 0xFF, 0xFF, 0xC5, 0x02, 
0x00, 0x58, 0xFF, 0xFF, 0xFF, 0xFF, 0x9A, 0x00, 0x00, 0xAC, 0xFF, 0xFF, 0xFF, 0xFF, 0xF8, 0x28, 
0x00, 0x00, 0x58, 0xFF, 0xFF, 0xFF, 0xFF, 0x9A, 0x00, 0x3F, 0xFF, 0xFF, 0xFF, 0xFF, 0xFF, 0x79, 
0x00, 0x00, 0x00, 0x58, 0xFF, 0xFF, 0xFF, 0xFF, 0x9A, 0x02, 0xCF, 0xFF, 0xFF, 0xFF, 0xFF, 0xCD, 
0x04, 0x00, 0x00, 0x00, 0x58, 0xFF, 0xFF, 0xFF, 0xFF, 0x9A, 0x65, 0xFF, 0xFF, 0xFF, 0xFF, 0xFB, 
0x2F, 0x00, 0x00, 0x00, 0x00, 0x58, 0xFF, 0xFF, 0xFF, 0xFF, 0xAD, 0xEC, 0xFF, 0xFF, 0xFF, 0xFF, 
0x83, 0x00, 0x00, 0x00, 0x00, 0x00, 0x58, 0xFF, 0xFF, 0xFF, 0xFF, 0xFF, 0xFF, 0xFF, 0xFF, 0xFF, 
0xFF, 0x06, 0x00, 0x00, 0x00, 0x00, 0x00, 0x58, 0xFF, 0xFF, 0xFF, 0xFF, 0xFF, 0xFF, 0xFF, 0xFF, 
0xFF, 0xE9, 0x00, 0x00, 0x00, 0x00, 0x00, 0x00, 0x58, 0xFF, 0xFF, 0xFF, 0xFF, 0xFF, 0xFF, 0xFF, 
0xFF, 0xFF, 0xFF, 0x37, 0x00, 0x00, 0x00, 0x00, 0x00, 0x58, 0xFF, 0xFF, 0xFF, 0xFF, 0xFF, 0xFF, 
0xFF, 0xFF, 0xFF, 0xFF, 0xBC, 0x00, 0x00, 0x00, 0x00, 0x00, 0x58, 0xFF, 0xFF, 0xFF, 0xFF, 0xFF, 
0xFF, 0xFF, 0xFF, 0xFF, 0xFF, 0xFF, 0x41, 0x00, 0x00, 0x00, 0x00, 0x58, 0xFF, 0xFF, 0xFF, 0xFF, 
0xFF, 0xF6, 0xFA, 0xFF, 0xFF, 0xFF, 0xFF, 0xC6, 0x00, 0x00, 0x00, 0x00, 0x58, 0xFF, 0xFF, 0xFF, 
0xFF, 0xFF, 0x5A, 0x50, 0xFF, 0xFF, 0xFF, 0xFF, 0xFF, 0x4C, 0x00, 0x00, 0x00, 0x58, 0xFF, 0xFF, 
0xFF, 0xFF, 0xFF, 0x00, 0x01, 0xD5, 0xFF, 0xFF, 0xFF, 0xFF, 0xD0, 0x01, 0x00, 0x00, 0x58, 0xFF, 
0xFF, 0xFF, 0xFF, 0x9D, 0x00, 0x00, 0x5D, 0xFF, 0xFF, 0xFF, 0xFF, 0xFF, 0x57, 0x00, 0x00, 0x58, 
0xFF, 0xFF, 0xFF, 0xFF, 0x9A, 0x00, 0x00, 0x04, 0xDF, 0xFF, 0xFF, 0xFF, 0xFF, 0xD9, 0x03, 0x00, 
0x58, 0xFF, 0xFF, 0xFF, 0xFF, 0x9A, 0x00, 0x00, 0x00, 0x69, 0xFF, 0xFF, 0xFF, 0xFF, 0xFF, 0x62, 
0x00, 0x58, 0xFF, 0xFF, 0xFF, 0xFF, 0x9A, 0x00, 0x00, 0x00, 0x08, 0xE7, 0xFF, 0xFF, 0xFF, 0xFF, 
0xE0, 0x06, 0x58, 0xFF, 0xFF, 0xFF, 0xFF, 0x9A, 0x00, 0x00, 0x00, 0x00, 0x76, 0xFF, 0xFF, 0xFF, 
0xFF, 0xFF, 0x6D, 0x54, 0xFF, 0xFF, 0xFF, 0xFF, 0x95, 0x00, 0x00, 0x00, 0x00, 0x0E, 0xEF, 0xFF, 
0xFF, 0xFF, 0xFF, 0xE0, 0x06, 0x1F, 0x1F, 0x1F, 0x1F, 0x0E, 0x00, 0x00, 0x00, 0x00, 0x00, 0x00, 
0x00, 0x00, 0x58, 0xFF, 0xFF, 0xFF, 0xFF, 0x99, 0x00, 0x00, 0x00, 0x00, 0x00, 0x00, 0x00, 0x00, 
0x58, 0xFF, 0xFF, 0xFF, 0xFF, 0x9A, 0x00, 0x00, 0x00, 0x00, 0x00, 0x00, 0x00, 0x00, 0x58, 0xFF, 
0xFF, 0xFF, 0xFF, 0x9A, 0x00, 0x00, 0x00, 0x00, 0x00, 0x00, 0x00, 0x00, 0x58, 0xFF, 0xFF, 0xFF, 
0xFF, 0x9A, 0x00, 0x00, 0x00, 0x00, 0x00, 0x00, 0x00, 0x00, 0x58, 0xFF, 0xFF, 0xFF, 0xFF, 0x9A, 
0x00, 0x00, 0x00, 0x00, 0x00, 0x00, 0x00, 0x00, 0x58, 0xFF, 0xFF, 0xFF, 0xFF, 0x9A, 0x00, 0x00, 
0x00, 0x00, 0x00, 0x00, 0x00, 0x00, 0x58, 0xFF, 0xFF, 0xFF, 0xFF, 0x9A, 0x00, 0x00, 0x00, 0x00, 
0x00, 0x00, 0x00, 0x00, 0x58, 0xFF, 0xFF, 0xFF, 0xFF, 0x9A, 0x00, 0x00, 0x00, 0x00, 0x00, 0x00, 
0x00, 0x00, 0x58, 0xFF, 0xFF, 0xFF, 0xFF, 0x9A, 0x00, 0x00, 0x00, 0x00, 0x00, 0x00, 0x00, 0x00, 
0x58, 0xFF, 0xFF, 0xFF, 0xFF, 0x9A, 0x00, 0x00, 0x00, 0x00, 0x00, 0x00, 0x00, 0x00, 0x58, 0xFF, 
0xFF, 0xFF, 0xFF, 0x9A, 0x00, 0x00, 0x00, 0x00, 0x00, 0x00, 0x00, 0x00, 0x58, 0xFF, 0xFF, 0xFF, 
0xFF, 0x9A, 0x00, 0x00, 0x00, 0x00, 0x00, 0x00, 0x00, 0x00, 0x58, 0xFF, 0xFF, 0xFF, 0xFF, 0x9A, 
0x00, 0x00, 0x00, 0x00, 0x00, 0x00, 0x00, 0x00, 0x58, 0xFF, 0xFF, 0xFF, 0xFF, 0x9A, 0x00, 0x00, 
0x00, 0x00, 0x00, 0x00, 0x00, 0x00, 0x58, 0xFF, 0xFF, 0xFF, 0xFF, 0x9A, 0x00, 0x00, 0x00, 0x00, 
0x00, 0x00, 0x00, 0x00, 0x58, 0xFF, 0xFF, 0xFF, 0xFF, 0x9A, 0x00, 0x00, 0x00, 0x00, 0x00, 0x00, 
0x00, 0x00, 0x58, 0xFF, 0xFF, 0xFF, 0xFF, 0x9A, 0x00, 0x00, 0x00, 0x00, 0x00, 0x00, 0x00, 0x00, 
0x58, 0xFF, 0xFF, 0xFF, 0xFF, 0x9A, 0x00, 0x00, 0x00, 0x00, 0x00, 0x00, 0x00, 0x00, 0x58, 0xFF, 
0xFF, 0xFF, 0xFF, 0xC2, 0x28, 0x28, 0x28, 0x28, 0x28, 0x28, 0x28, 0x16, 0x58, 0xFF, 0xFF, 0xFF, 
0xFF, 0xFF, 0xFF, 0xFF, 0xFF, 0xFF, 0xFF, 0xFF, 0xFF, 0xA8, 0x58, 0xFF, 0xFF, 0xFF, 0xFF, 0xFF, 
0xFF, 0xFF, 0xFF, 0xFF, 0xFF, 0xFF, 0xFF, 0xA8, 0x58, 0xFF, 0xFF, 0xFF, 0xFF, 0xFF, 0xFF, 0xFF, 
0xFF, 0xFF, 0xFF, 0xFF, 0xFF, 0xA8, 0x54, 0xFF, 0xFF, 0xFF, 0xFF, 0xFF, 0xFF, 0xFF, 0xFF, 0xFF, 
0xFF, 0xFF, 0xFF, 0xA4, 0x06, 0x1F, 0x30, 0x3E, 0x39, 0x1F, 0x15, 0x00, 0x00, 0x00, 0x00, 0x00, 
0x00, 0x00, 0x00, 0x0E, 0x1F, 0x32, 0x3E, 0x29, 0x1F, 0x0E, 0x58, 0xFF, 0xFF, 0xFF, 0xFF, 0xFF, 
0xDA, 0x00, 0x00, 0x00, 0x00, 0x00, 0x00, 0x00, 0x00, 0xA0, 0xFF, 0xFF, 0xFF, 0xFF, 0xFF, 0x94, 
0x58, 0xFF, 0xFF, 0xFF, 0xFF, 0xFF, 0xFF, 0x26, 0x00, 0x00, 0x00, 0x00, 0x00, 0x00, 0x02, 0xEA, 
0xFF, 0xFF, 0xFF, 0xFF, 0xFF, 0x94, 0x58, 0xFF, 0xFF, 0xFF, 0xFF, 0xFF, 0xFF, 0x73, 0x00, 0x00, 
0x00, 0x00, 0x00, 0x00, 0x38, 0xFF, 0xFF, 0xFF, 0xFF, 0xFF, 0xFF, 0x94, 0x58, 0xFF, 0xFF, 0xFF, 
0xFF, 0xFF, 0xFF, 0xBF, 0x00, 0x00, 0x00, 0x00, 0x00, 0x00, 0x84, 0xFF, 0xFF, 0xFF, 0xFF, 0xFF, 
0xFF, 0x94, 0x58, 0xFF, 0xFF, 0xFF, 0xFF, 0xFF, 0xFF, 0xFB, 0x10, 0x00, 0x00, 0x00, 0x00, 0x00, 
0xCF, 0xFF, 0xFF, 0xFF, 0xFF, 0xFF, 0xFF, 0x94, 0x58, 0xFF, 0xFF, 0xFF, 0xFF, 0xFF, 0xFF, 0xFF, 
0x58, 0x00, 0x00, 0x00, 0x00, 0x1C, 0xFF, 0xFF, 0xFF, 0xFF, 0xFF, 0xFF, 0xFF, 0x94, 0x58, 0xFF, 
0xFF, 0xFF, 0xFF, 0xFF, 0xFF, 0xFF, 0xA5, 0x00, 0x00, 0x00, 0x00, 0x67, 0xFF, 0xFF, 0xFF, 0xFF, 
0xFF, 0xFF, 0xFF, 0x94, 0x58, 0xFF, 0xFF, 0xFF, 0xFF, 0xFF, 0xFF, 0xFF, 0xED, 0x03, 0x00, 0x00, 
0x00, 0xB3, 0xFF, 0xFF, 0xFF, 0xFF, 0xFF, 0xFF, 0xFF, 0x94, 0x58, 0xFF, 0xFF, 0xFF, 0xFF, 0xFF, 
0xFF, 0xFF, 0xFF, 0x3D, 0x00, 0x00, 0x09, 0xF6, 0xFF, 0xFF, 0xFF, 0xFF, 0xFF, 0xFF, 0xFF, 0x94, 
0x58, 0xFF, 0xFF, 0xFF, 0xFF, 0xFF, 0xFF, 0xFF, 0xFF, 0x8A, 0x00, 0x00, 0x4B, 0xFF, 0xFF, 0xFF, 
0xDC, 0xFF, 0xFF, 0xFF, 0xFF, 0x94, 0x58, 0xFF, 0xFF, 0xFF, 0xFF, 0xDD, 0xFF, 0xFF, 0xFF, 0xD6, 
0x00, 0x00, 0x97, 0xFF, 0xFF, 0xFF, 0x9C, 0xFF, 0xFF, 0xFF, 0xFF, 0x94, 0x58, 0xFF, 0xFF, 0xFF, 
0xFF, 0x99, 0xFF, 0xFF, 0xFF, 0xFF, 0x23, 0x00, 0xE2, 0xFF, 0xFF, 0xFF, 0x5D, 0xFF, 0xFF, 0xFF, 
0xFF, 0x94, 0x58, 0xFF, 0xFF, 0xFF, 0xFF, 0x61, 0xF3, 0xFF, 0xFF, 0xFF, 0x6F, 0x2E, 0xFF, 0xFF, 
0xFF, 0xF7, 0x26, 0xFF, 0xFF, 0xFF, 0xFF, 0x94, 0x58, 0xFF, 0xFF, 0xFF, 0xFF, 0x64, 0xAC, 0xFF, 
0xFF, 0xFF, 0xBC, 0x7A, 0xFF, 0xFF, 0xFF, 0xB7, 0x27, 0xFF, 0xFF, 0xFF, 0xFF, 0x94, 0x58, 0xFF, 
0xFF, 0xFF, 0xFF, 0x6D, 0x5E, 0xFF, 0xFF, 0xFF, 0xFA, 0xD5, 0xFF, 0xFF, 0xFF, 0x6E, 0x30, 0xFF, 
0xFF, 0xFF, 0xFF, 0x94, 0x58, 0xFF, 0xFF, 0xFF, 0xFF, 0x72, 0x14, 0xFC, 0xFF, 0xFF, 0xFF, 0xFF, 
0xFF, 0xFF, 0xFF, 0x25, 0x34, 0xFF, 0xFF, 0xFF, 0xFF, 0x94, 0x58, 0xFF, 0xFF, 0xFF, 0xFF, 0x72, 
0x00, 0xC2, 0xFF, 0xFF, 0xFF, 0xFF, 0xFF, 0xFF, 0xDC, 0x00, 0x34, 0xFF, 0xFF, 0xFF, 0xFF, 0x94, 
0x58, 0xFF, 0xFF, 0xFF, 0xFF, 0x72, 0x00, 0x74, 0xFF, 0xFF, 0xFF, 0xFF, 0xFF, 0xFF, 0x93, 0x00, 
0x34, 0xFF, 0xFF, 0xFF, 0xFF, 0x94, 0x58, 0xFF, 0xFF, 0xFF, 0xFF, 0x72, 0x00, 0x26, 0xFF, 0xFF, 
0xFF, 0xFF, 0xFF, 0xFF, 0x4B, 0x00, 0x34, 0xFF, 0xFF, 0xFF, 0xFF, 0x94, 0x58, 0xFF, 0xFF, 0xFF, 
0xFF, 0x72, 0x00, 0x00, 0xD8, 0xFF, 0xFF, 0xFF, 0xFF, 0xF8, 0x0A, 0x00, 0x34, 0xFF, 0xFF, 0xFF, 
0xFF, 0x94, 0x58, 0xFF, 0xFF, 0xFF, 0xFF, 0x72, 0x00, 0x00, 0x8A, 0xFF, 0xFF, 0xFF, 0xFF, 0xB9, 
0x00, 0x00, 0x34, 0xFF, 0xFF, 0xFF, 0xFF, 0x94, 0x58, 0xFF, 0xFF, 0xFF, 0xFF, 0x72, 0x00, 0x00, 
0x3C, 0xFF, 0xFF, 0xFF, 0xFF, 0x70, 0x00, 0x00, 0x34, 0xFF, 0xFF, 0xFF, 0xFF, 0x94, 0x54, 0xFF, 
0xFF, 0xFF, 0xFF, 0x6D, 0x00, 0x00, 0x03, 0xEB, 0xFF, 0xFF, 0xFF, 0x27, 0x00, 0x00, 0x30, 0xFF, 
0xFF, 0xFF, 0xFF, 0x90, 0x06, 0x1F, 0x1F, 0x1F, 0x1F, 0x0D, 0x00, 0x00, 0x00, 0x00, 0x00, 0x00, 
0x14, 0x1F, 0x1F, 0x1F, 0x19, 0x58, 0xFF, 0xFF, 0xFF, 0xFF, 0xB3, 0x00, 0x00, 0x00, 0x00, 0x00, 
0x00, 0xC8, 0xFF, 0xFF, 0xFF, 0xED, 0x58, 0xFF, 0xFF, 0xFF, 0xFF, 0xFF, 0x33, 0x00, 0x00, 0x00, 
0x00, 0x00, 0xC8, 0xFF, 0xFF, 0xFF, 0xEE, 0x58, 0xFF, 0xFF, 0xFF, 0xFF, 0xFF, 0xB3, 0x00, 0x00, 
0x00, 0x00, 0x00, 0xC8, 0xFF, 0xFF, 0xFF, 0xEE, 0x58, 0xFF, 0xFF, 0xFF, 0xFF, 0xFF, 0xFF, 0x33, 
0x00, 0x00, 0x00, 0x00, 0xC8, 0xFF, 0xFF, 0xFF, 0xEE, 0x58, 0xFF, 0xFF, 0xFF, 0xFF, 0xFF, 0xFF, 
0xB3, 0x00, 0x00, 0x00, 0x00, 0xC8, 0xFF, 0xFF, 0xFF, 0xEE, 0x58, 0xFF, 0xFF, 0xFF, 0xFF, 0xFF, 
0xFF, 0xFF, 0x33, 0x00, 0x00, 0x00, 0xC8, 0xFF, 0xFF, 0xFF, 0xEE, 0x58, 0xFF, 0xFF, 0xFF, 0xFF, 
0xFF, 0xFF, 0xFF, 0xB3, 0x00, 0x00, 0x00, 0xC8, 0xFF, 0xFF, 0xFF, 0xEE, 0x58, 0xFF, 0xFF, 0xFF, 
0xFF, 0xFF, 0xFF, 0xFF, 0xFF, 0x33, 0x00, 0x00, 0xC8, 0xFF, 0xFF, 0xFF, 0xEE, 0x58, 0xFF, 0xFF, 
0xFF, 0xFF, 0xFF, 0xFF, 0xFF, 0xFF, 0xB3, 0x00, 0x00, 0xC8, 0xFF, 0xFF, 0xFF, 0xEE, 0x58, 0xFF, 
0xFF, 0xFF, 0xFF, 0xFF, 0xFF, 0xFF, 0xFF, 0xFF, 0x33, 0x00, 0xC8, 0xFF, 0xFF, 0xFF, 0xEE, 0x58, 
0xFF, 0xFF, 0xFF, 0xFF, 0x85, 0xFC, 0xFF, 0xFF, 0xFF, 0xB3, 0x00, 0xC8, 0xFF, 0xFF, 0xFF, 0xEE, 
0x58, 0xFF, 0xFF, 0xFF, 0xFF, 0x5F, 0xA0, 0xFF, 0xFF, 0xFF, 0xFF, 0x33, 0xC8, 0xFF, 0xFF, 0xFF, 
0xEE, 0x58, 0xFF, 0xFF, 0xFF, 0xFF, 0x5F, 0x24, 0xFC, 0xFF, 0xFF, 0xFF, 0xB3, 0xC8, 0xFF, 0xFF, 
0xFF, 0xEE, 0x58, 0xFF, 0xFF, 0xFF, 0xFF, 0x5F, 0x00, 0xA0, 0xFF, 0xFF, 0xFF, 0xFF, 0xFC, 0xFF, 
0xFF, 0xFF, 0xEE, 0x58, 0xFF, 0xFF, 0xFF, 0xFF, 0x5F, 0x00, 0x24, 0xFB, 0xFF, 0xFF, 0xFF, 0xFF, 
0xFF, 0xFF, 0xFF, 0xEE, 0x58, 0xFF, 0xFF, 0xFF, 0xFF, 0x5F, 0x00, 0x00, 0x9F, 0xFF, 0xFF, 0xFF, 
0xFF, 0xFF, 0xFF, 0xFF, 0xEE, 0x58, 0xFF, 0xFF, 0xFF, 0xFF, 0x5F, 0x00, 0x00, 0x23, 0xFB, 0xFF, 
0xFF, 0xFF, 0xFF, 0xFF, 0xFF, 0xEE, 0x58, 0xFF, 0xFF, 0xFF, 0xFF, 0x5F, 0x00, 0x00, 0x00, 0x9E, 
0xFF, 0xFF, 0xFF, 0xFF, 0xFF, 0xFF, 0xEE, 0x58, 0xFF, 0xFF, 0xFF, 0xFF, 0x5F, 0x00, 0x00, 0x00, 
0x23, 0xFB, 0xFF, 0xFF, 0xFF, 0xFF, 0xFF, 0xEE, 0x58, 0xFF, 0xFF, 0xFF, 0xFF, 0x5F, 0x00, 0x00, 
0x00, 0x00, 0x9D, 0xFF, 0xFF, 0xFF, 0xFF, 0xFF, 0xEE, 0x58, 0xFF, 0xFF, 0xFF, 0xFF, 0x5F, 0x00, 
0x00, 0x00, 0x00, 0x22, 0xFB, 0xFF, 0xFF, 0xFF, 0xFF, 0xEE, 0x58, 0xFF, 0xFF, 0xFF, 0xFF, 0x5F, 
0x00, 0x00, 0x00, 0x00, 0x00, 0x9D, 0xFF, 0xFF, 0xFF, 0xFF, 0xEE, 0x54, 0xFF, 0xFF, 0xFF, 0xFF, 
0x5B, 0x00, 0x00, 0x00, 0x00, 0x00, 0x21, 0xFB, 0xFF, 0xFF, 0xFF, 0xEA, 0x00, 0x00, 0x00, 0x00, 
0x00, 0x00, 0x10, 0x40, 0x69, 0x4E, 0x1D, 0x00, 0x00, 0x00, 0x00, 0x00, 0x00, 0x00, 0x00, 0x00, 
0x00, 0x00, 0x58, 0xDD, 0xFF, 0xFF, 0xFF, 0xFF, 0xFF, 0xEC, 0x8C, 0x06, 0x00, 0x00, 0x00, 0x00, 
0x00, 0x00, 0x0C, 0x9F, 0xFF, 0xFF, 0xFF, 0xFF, 0xFF, 0xFF, 0xFF, 0xFF, 0xFF, 0xCE, 0x27, 0x00, 
0x00, 0x00, 0x00, 0x00, 0xB1, 0xFF, 0xFF, 0xFF, 0xFF, 0xFF, 0xFF, 0xFF, 0xFF, 0xFF, 0xFF, 0xFF, 
0xEC, 0x0F, 0x00, 0x00, 0x00, 0x3C, 0xFF, 0xFF, 0xFF, 0xFF, 0xFF, 0xFD, 0xDC, 0xF6, 0xFF, 0xFF, 
0xFF, 0xFF, 0xFF, 0x86, 0x00, 0x00, 0x00, 0xC6, 0xFF, 0xFF, 0xFF, 0xFF, 0xC4, 0x13, 0x00, 0x05, 
0x8D, 0xFF, 0xFF, 0xFF, 0xFF, 0xF6, 0x1B, 0x00, 0x2D, 0xFF, 0xFF, 0xFF, 0xFF, 0xF3, 0x0D, 0x00, 
0x00, 0x00, 0x00, 0xBA, 0xFF, 0xFF, 0xFF, 0xFF, 0x78, 0x00, 0x51, 0xFF, 0xFF, 0xFF, 0xFF, 0xA2, 
0x00, 0x00, 0x00, 0x00, 0x00, 0x58, 0xFF, 0xFF, 0xFF, 0xFF, 0x9B, 0x00, 0x73, 0xFF, 0xFF, 0xFF, 
0xFF, 0x65, 0x00, 0x00, 0x00, 0x00, 0x00, 0x1A, 0xFF, 0xFF, 0xFF, 0xFF, 0xBE, 0x00, 0x96, 0xFF, 
0xFF, 0xFF, 0xFF, 0x50, 0x00, 0x00, 0x00, 0x00, 0x00, 0x05, 0xFF, 0xFF, 0xFF, 0xFF, 0xE0, 0x00, 
0xB4, 0xFF, 0xFF, 0xFF, 0xFF, 0x3C, 0x00, 0x00, 0x00, 0x00, 0x00, 0x00, 0xEF, 0xFF, 0xFF, 0xFF, 
0xF9, 0x01, 0xB8, 0xFF, 0xFF, 0xFF, 0xFF, 0x34, 0x00, 0x00, 0x00, 0x00, 0x00, 0x00, 0xE7, 0xFF, 
0xFF, 0xFF, 0xFF, 0x03, 0xB8, 0xFF, 0xFF, 0xFF, 0xFF, 0x34, 0x00, 0x00, 0x00, 0x00, 0x00, 0x00, 
0xE7, 0xFF, 0xFF, 0xFF, 0xFF, 0x03, 0xB8, 0xFF, 0xFF, 0xFF, 0xFF, 0x34, 0x00, 0x00, 0x00, 0x00, 
0x00, 0x00, 0xE7, 0xFF, 0xFF, 0xFF, 0xFF, 0x03, 0xB6, 0xFF, 0xFF, 0xFF, 0xFF, 0x3A, 0x00, 0x00, 
0x00, 0x00, 0x00, 0x00, 0xF1, 0xFF, 0xFF, 0xFF, 0xFE, 0x02, 0x9A, 0xFF, 0xFF, 0xFF, 0xFF, 0x4F, 
0x00, 0x00, 0x00, 0x00, 0x00, 0x04, 0xFE, 0xFF, 0xFF, 0xFF, 0xE5, 0x00, 0x76, 0xFF, 0xFF, 0xFF, 
0xFF, 0x66, 0x00, 0x00, 0x00, 0x00, 0x00, 0x18, 0xFF, 0xFF, 0xFF, 0xFF, 0xC1, 0x00, 0x52, 0xFF, 
0xFF, 0xFF, 0xFF, 0xA5, 0x00, 0x00, 0x00, 0x00, 0x00, 0x57, 0xFF, 0xFF, 0xFF, 0xFF, 0x9E, 0x00, 
0x2D, 0xFF, 0xFF, 0xFF, 0xFF, 0xF7, 0x15, 0x00, 0x00, 0x00, 0x00, 0xBD, 0xFF, 0xFF, 0xFF, 0xFF, 
0x7A, 0x00, 0x00, 0xC6, 0xFF, 0xFF, 0xFF, 0xFF, 0xD5, 0x2C, 0x00, 0x14, 0x9C, 0xFF, 0xFF, 0xFF, 
0xFF, 0xF7, 0x1D, 0x00, 0x00, 0x39, 0xFF, 0xFF, 0xFF, 0xFF, 0xFF, 0xFF, 0xF5, 0xFF, 0xFF, 0xFF, 
0xFF, 0xFF, 0xFF, 0x88, 0x00, 0x00, 0x00, 0x00, 0xA8, 0xFF, 0xFF, 0xFF, 0xFF, 0xFF, 0xFF, 0xFF, 
0xFF, 0xFF, 0xFF, 0xFF, 0xEA, 0x0F, 0x00, 0x00, 0x00, 0x00, 0x07, 0x8C, 0xFE, 0xFF, 0xFF, 0xFF, 
0xFF, 0xFF, 0xFF, 0xFF, 0xFF, 0xC4, 0x21, 0x00, 0x00, 0x00, 0x00, 0x00, 0x00, 0x00, 0x41, 0xC2, 
0xF1, 0xFF, 0xFF, 0xFF, 0xFB, 0xD4, 0x79, 0x03, 0x00, 0x00, 0x00, 0x00, 0x00, 0x00, 0x00, 0x00, 
0x00, 0x00, 0x01, 0x21, 0x49, 0x32, 0x07, 0x00, 0x00, 0x00, 0x00, 0x00, 0x00, 0x00, 0x06, 0x1F, 
0x1F, 0x1F, 0x1F, 0x1F, 0x1F, 0x1F, 0x1E, 0x0A, 0x00, 0x00, 0x00, 0x00, 0x00, 0x00, 0x00, 0x58, 
0xFF, 0xFF, 0xFF, 0xFF, 0xFF, 0xFF, 0xFF, 0xFF, 0xFF, 0xEC, 0xA4, 0x39, 0x00, 0x00, 0x00, 0x00, 
0x58, 0xFF, 0xFF, 0xFF, 0xFF, 0xFF, 0xFF, 0xFF, 0xFF, 0xFF, 0xFF, 0xFF, 0xFD, 0x5A, 0x00, 0x00, 
0x00, 0x58, 0xFF, 0xFF, 0xFF, 0xFF, 0xFF, 0xFF, 0xFF, 0xFF, 0xFF, 0xFF, 0xFF, 0xFF, 0xFB, 0x50, 
0x00, 0x00, 0x58, 0xFF, 0xFF, 0xFF, 0xFF, 0xFF, 0xFF, 0xFF, 0xFF, 0xFF, 0xFF, 0xFF, 0xFF, 0xFF, 
0xF9, 0x35, 0x00, 0x58, 0xFF, 0xFF, 0xFF, 0xFF, 0xA1, 0x0D, 0x0D, 0x1B, 0x69, 0xF1, 0xFF, 0xFF, 
0xFF, 0xFF, 0xA1, 0x00, 0x58, 0xFF, 0xFF, 0xFF, 0xFF, 0x9A, 0x00, 0x00, 0x00, 0x00, 0x68, 0xFF, 
0xFF, 0xFF, 0xFF, 0xF0, 0x00, 0x58, 0xFF, 0xFF, 0xFF, 0xFF, 0x9A, 0x00, 0x00, 0x00, 0x00, 0x09, 
0xFE, 0xFF, 0xFF, 0xFF, 0xFF, 0x10, 0x58, 0xFF, 0xFF, 0xFF, 0xFF, 0x9A, 0x00, 0x00, 0x00, 0x00, 
0x00, 0xE8, 0xFF, 0xFF, 0xFF, 0xFF, 0x26, 0x58, 0xFF, 0xFF, 0xFF, 0xFF, 0x9A, 0x00, 0x00, 0x00, 
0x00, 0x06, 0xFB, 0xFF, 0xFF, 0xFF, 0xFF, 0x14, 0x58, 0xFF, 0xFF, 0xFF, 0xFF, 0x9A, 0x00, 0x00, 
0x00, 0x00, 0x5D, 0xFF, 0xFF, 0xFF, 0xFF, 0xF7, 0x00, 0x58, 0xFF, 0xFF, 0xFF, 0xFF, 0xC9, 0x2F, 
0x2F, 0x3B, 0x7B, 0xF2, 0xFF, 0xFF, 0xFF, 0xFF, 0xAE, 0x00, 0x58, 0xFF, 0xFF, 0xFF, 0xFF, 0xFF, 
0xFF, 0xFF, 0xFF, 0xFF, 0xFF, 0xFF, 0xFF, 0xFF, 0xFD, 0x42, 0x00, 0x58, 0xFF, 0xFF, 0xFF, 0xFF, 
0xFF, 0xFF, 0xFF, 0xFF, 0xFF, 0xFF, 0xFF, 0xFF, 0xFC, 0x5A, 0x00, 0x00, 0x58, 0xFF, 0xFF, 0xFF, 
0xFF, 0xFF, 0xFF, 0xFF, 0xFF, 0xFF, 0xFF, 0xFF, 0xFB, 0x57, 0x00, 0x00, 0x00, 0x58, 0xFF, 0xFF, 
0xFF, 0xFF, 0xFF, 0xFC, 0xFC, 0xF7, 0xE9, 0xCE, 0x8B, 0x2B, 0x00, 0x00, 0x00, 0x00, 0x58, 0xFF, 
0xFF, 0xFF, 0xFF, 0x9A, 0x00, 0x00, 0x00, 0x00, 0x00, 0x00, 0x00, 0x00, 0x00, 0x00, 0x00, 0x58, 
0xFF, 0xFF, 0xFF, 0xFF, 0x9A, 0x00, 0x00, 0x00, 0x00, 0x00, 0x00, 0x00, 0x00, 0x00, 0x00, 0x00, 
0x58, 0xFF, 0xFF, 0xFF, 0xFF, 0x9A, 0x00, 0x00, 0x00, 0x00, 0x00, 0x00, 0x00, 0x00, 0x00, 0x00, 
0x00, 0x58, 0xFF, 0xFF, 0xFF, 0xFF, 0x9A, 0x00, 0x00, 0x00, 0x00, 0x00, 0x00, 0x00, 0x00, 0x00, 
0x00, 0x00, 0x58, 0xFF, 0xFF, 0xFF, 0xFF, 0x9A, 0x00, 0x00, 0x00, 0x00, 0x00, 0x00, 0x00, 0x00, 
0x00, 0x00, 0x00, 0x58, 0xFF, 0xFF, 0xFF, 0xFF, 0x9A, 0x00, 0x00, 0x00, 0x00, 0x00, 0x00, 0x00, 
0x00, 0x00, 0x00, 0x00, 0x58, 0xFF, 0xFF, 0xFF, 0xFF, 0x9A, 0x00, 0x00, 0x00, 0x00, 0x00, 0x00, 
0x00, 0x00, 0x00, 0x00, 0x00, 0x54, 0xFF, 0xFF, 0xFF, 0xFF, 0x95, 0x00, 0x00, 0x00, 0x00, 0x00, 
0x00, 0x00, 0x00, 0x00, 0x00, 0x00, 0x00, 0x00, 0x00, 0x00, 0x00, 0x00, 0x11, 0x42, 0x69, 0x4C, 
0x1C, 0x00, 0x00, 0x00, 0x00, 0x00, 0x00, 0x00, 0x00, 0x00, 0x00, 0x00, 0x5E, 0xE0, 0xFF, 0xFF, 
0xFF, 0xFF, 0xFF, 0xEB, 0x88, 0x05, 0x00, 0x00, 0x00, 0x00, 0x00, 0x00, 0x0E, 0xA4, 0xFF, 0xFF, 
0xFF, 0xFF, 0xFF, 0xFF, 0xFF, 0xFF, 0xFF, 0xCB, 0x25, 0x00, 0x00, 0x00, 0x00, 0x00, 0xB8, 0xFF, 
0xFF, 0xFF, 0xFF, 0xFF, 0xFF, 0xFF, 0xFF, 0xFF, 0xFF, 0xFF, 0xEA, 0x0D, 0x00, 0x00, 0x00, 0x43, 
0xFF, 0xFF, 0xFF, 0xFF, 0xFF, 0xFC, 0xDB, 0xF7, 0xFF, 0xFF, 0xFF, 0xFF, 0xFF, 0x82, 0x00, 0x00, 
0x01, 0xCD, 0xFF, 0xFF, 0xFF, 0xFF, 0xC1, 0x11, 0x00, 0x05, 0x93, 0xFF, 0xFF, 0xFF, 0xFF, 0xF4, 
0x18, 0x00, 0x35, 0xFF, 0xFF, 0xFF, 0xFF, 0xF1, 0x0C, 0x00, 0x00, 0x00, 0x00, 0xC0, 0xFF, 0xFF, 
0xFF, 0xFF, 0x74, 0x00, 0x5A, 0xFF, 0xFF, 0xFF, 0xFF, 0x9C, 0x00, 0x00, 0x00, 0x00, 0x00, 0x5F, 
0xFF, 0xFF, 0xFF, 0xFF, 0x98, 0x00, 0x7C, 0xFF, 0xFF, 0xFF, 0xFF, 0x5E, 0x00, 0x00, 0x00, 0x00, 
0x00, 0x20, 0xFF, 0xFF, 0xFF, 0xFF, 0xBA, 0x00, 0x9F, 0xFF, 0xFF, 0xFF, 0xFF, 0x48, 0x00, 0x00, 
0x00, 0x00, 0x00, 0x0A, 0xFF, 0xFF, 0xFF, 0xFF, 0xDD, 0x00, 0xBE, 0xFF, 0xFF, 0xFF, 0xFF, 0x32, 
0x00, 0x00, 0x00, 0x00, 0x00, 0x00, 0xF5, 0xFF, 0xFF, 0xFF, 0xF7, 0x00, 0xC2, 0xFF, 0xFF, 0xFF, 
0xFF, 0x2A, 0x00, 0x00, 0x00, 0x00, 0x00, 0x00, 0xED, 0xFF, 0xFF, 0xFF, 0xFF, 0x00, 0xC2, 0xFF, 
0xFF, 0xFF, 0xFF, 0x2A, 0x00, 0x00, 0x00, 0x00, 0x00, 0x00, 0xED, 0xFF, 0xFF, 0xFF, 0xFF, 0x00, 
0xC2, 0xFF, 0xFF, 0xFF, 0xFF, 0x2A, 0x00, 0x00, 0x00, 0x00, 0x00, 0x00, 0xED, 0xFF, 0xFF, 0xFF, 
0xFF, 0x00, 0xBC, 0xFF, 0xFF, 0xFF, 0xFF, 0x35, 0x00, 0x00, 0x00, 0x00, 0x00, 0x00, 0xFC, 0xFF, 
0xFF, 0xFF, 0xF9, 0x00, 0x9B, 0xFF, 0xFF, 0xFF, 0xFF, 0x4B, 0x00, 0x00, 0x00, 0x00, 0x00, 0x0D, 
0xFF, 0xFF, 0xFF, 0xFF, 0xD9, 0x00, 0x77, 0xFF, 0xFF, 0xFF, 0xFF, 0x62, 0x00, 0x00, 0x00, 0x00, 
0x00, 0x24, 0xFF, 0xFF, 0xFF, 0xFF, 0xB7, 0x00, 0x54, 0xFF, 0xFF, 0xFF, 0xFF, 0xA9, 0x00, 0x00, 
0x00, 0x00, 0x00, 0x69, 0xFF, 0xFF, 0xFF, 0xFF, 0x94, 0x00, 0x2C, 0xFF, 0xFF, 0xFF, 0xFF, 0xF8, 
0x17, 0x00, 0x00, 0x00, 0x03, 0xCB, 0xFF, 0xFF, 0xFF, 0xFF, 0x6D, 0x00, 0x00, 0xBB, 0xFF, 0xFF, 
0xFF, 0xFF, 0xD6, 0x2C, 0x00, 0x17, 0xA9, 0xFF, 0xFF, 0xFF, 0xFF, 0xED, 0x10, 0x00, 0x00, 0x31, 
0xFE, 0xFF, 0xFF, 0xFF, 0xFF, 0xFF, 0xF6, 0xFF, 0xFF, 0xFF, 0xFF, 0xFF, 0xFF, 0x74, 0x00, 0x00, 
0x00, 0x00, 0xA1, 0xFF, 0xFF, 0xFF, 0xFF, 0xFF, 0xFF, 0xFF, 0xFF, 0xFF, 0xFF, 0xFF, 0xDE, 0x08, 
0x00, 0x00, 0x00, 0x00, 0x04, 0x84, 0xFD, 0xFF, 0xFF, 0xFF, 0xFF, 0xFF, 0xFF, 0xFF, 0xFF, 0xFF, 
0x60, 0x00, 0x00, 0x00, 0x00, 0x00, 0x00, 0x00, 0x40, 0xC1, 0xF1, 0xFF, 0xFF, 0xFF, 0xFF, 0xFF, 
0xFF, 0xFF, 0xFB, 0x5F, 0x00, 0x00, 0x00, 0x00, 0x00, 0x00, 0x00, 0x00, 0x01, 0x22, 0x4A, 0x56, 
0xE6, 0xFF, 0xFF, 0xFF, 0xFF, 0xFF, 0x77, 0x00, 0x00, 0x00, 0x00, 0x00, 0x00, 0x00, 0x00, 0x00, 
0x00, 0x00, 0x1B, 0xD5, 0xFF, 0xFF, 0xFF, 0xFF, 0xE0, 0x0A, 0x00, 0x00, 0x00, 0x00, 0x00, 0x00, 
0x00, 0x00, 0x00, 0x00, 0x00, 0x12, 0xC8, 0xFF, 0xFF, 0xD4, 0x1B, 0x00, 0x00, 0x00, 0x00, 0x00, 
0x00, 0x00, 0x00, 0x00, 0x00, 0x00, 0x00, 0x00, 0x0B, 0xB9, 0xC6, 0x12, 0x00, 0x00, 0x00, 0x00, 
0x00, 0x00, 0x00, 0x00, 0x00, 0x00, 0x00, 0x00, 0x00, 0x00, 0x00, 0x03, 0x04, 0x00, 0x00, 0x00, 
0x06, 0x1F, 0x1F, 0x1F, 0x1F, 0x1F, 0x1F, 0x1F, 0x14, 0x00, 0x00, 0x00, 0x00, 0x00, 0x00, 0x00, 
0x00, 0x54, 0xFF, 0xFF, 0xFF, 0xFF, 0xFF, 0xFF, 0xFF, 0xFF, 0xE3, 0xB0, 0x7C, 0x25, 0x00, 0x00, 
0x00, 0x00, 0x54, 0xFF, 0xFF, 0xFF, 0xFF, 0xFF, 0xFF, 0xFF, 0xFF, 0xFF, 0xFF, 0xFF, 0xEC, 0x35, 
0x00, 0x00, 0x00, 0x54, 0xFF, 0xFF, 0xFF, 0xFF, 0xFF, 0xFF, 0xFF, 0xFF, 0xFF, 0xFF, 0xFF, 0xFF, 
0xF2, 0x40, 0x00, 0x00, 0x54, 0xFF, 0xFF, 0xFF, 0xFF, 0xFF, 0xFF, 0xFF, 0xFF, 0xFF, 0xFF, 0xFF, 
0xFF, 0xFF, 0xE4, 0x02, 0x00, 0x54, 0xFF, 0xFF, 0xFF, 0xFF, 0xA5, 0x0D, 0x0D, 0x31, 0x99, 0xFF, 
0xFF, 0xFF, 0xFF, 0xFF, 0x44, 0x00, 0x54, 0xFF, 0xFF, 0xFF, 0xFF, 0x9E, 0x00, 0x00, 0x00, 0x02, 
0xC7, 0xFF, 0xFF, 0xFF, 0xFF, 0x6E, 0x00, 0x54, 0xFF, 0xFF, 0xFF, 0xFF, 0x9E, 0x00, 0x00, 0x00, 
0x00, 0x84, 0xFF, 0xFF, 0xFF, 0xFF, 0x88, 0x00, 0x54, 0xFF, 0xFF, 0xFF, 0xFF, 0x9E, 0x00, 0x00, 
0x00, 0x00, 0x73, 0xFF, 0xFF, 0xFF, 0xFF, 0x80, 0x00, 0x54, 0xFF, 0xFF, 0xFF, 0xFF, 0x9E, 0x00, 
0x00, 0x00, 0x00, 0x9B, 0xFF, 0xFF, 0xFF, 0xFF, 0x58, 0x00, 0x54, 0xFF, 0xFF, 0xFF, 0xFF, 0x9E, 
0x00, 0x00, 0x00, 0x2E, 0xF5, 0xFF, 0xFF, 0xFF, 0xFF, 0x2F, 0x00, 0x54, 0xFF, 0xFF, 0xFF, 0xFF, 
0xFF, 0x81, 0x82, 0xAE, 0xF1, 0xFF, 0xFF, 0xFF, 0xFF, 0xDE, 0x06, 0x00, 0x54, 0xFF, 0xFF, 0xFF, 
0xFF, 0xFF, 0xFF, 0xFF, 0xFF, 0xFF, 0xFF, 0xFF, 0xFF, 0xFF, 0x43, 0x00, 0x00, 0x54, 0xFF, 0xFF, 
0xFF, 0xFF, 0xFF, 0xFF, 0xFF, 0xFF, 0xFF, 0xFF, 0xFF, 0xFF, 0x7A, 0x00, 0x00, 0x00, 0x54, 0xFF, 
0xFF, 0xFF, 0xFF, 0xFF, 0xFF, 0xFF, 0xFF, 0xFF, 0xFF, 0xFF, 0x9C, 0x00, 0x00, 0x00, 0x00, 0x54, 
0xFF, 0xFF, 0xFF, 0xFF, 0xFF, 0xA9, 0xFF, 0xFF, 0xFF, 0xFF, 0xFF, 0xDB, 0x01, 0x00, 0x00, 0x00, 
0x54, 0xFF, 0xFF, 0xFF, 0xFF, 0x9E, 0x00, 0x1A, 0xFB, 0xFF, 0xFF, 0xFF, 0xFF, 0x4B, 0x00, 0x00, 
0x00, 0x54, 0xFF, 0xFF, 0xFF, 0xFF, 0x9E, 0x00, 0x00, 0xAC, 0xFF, 0xFF, 0xFF, 0xFF, 0xB9, 0x00, 
0x00, 0x00, 0x54, 0xFF, 0xFF, 0xFF, 0xFF, 0x9E, 0x00, 0x00, 0x42, 0xFF, 0xFF, 0xFF, 0xFF, 0xFE, 
0x28, 0x00, 0x00, 0x54, 0xFF, 0xFF, 0xFF, 0xFF, 0x9E, 0x00, 0x00, 0x01, 0xD8, 0xFF, 0xFF, 0xFF, 
0xFF, 0x95, 0x00, 0x00, 0x54, 0xFF, 0xFF, 0xFF, 0xFF, 0x9E, 0x00, 0x00, 0x00, 0x70, 0xFF, 0xFF, 
0xFF, 0xFF, 0xF4, 0x0F, 0x00, 0x54, 0xFF, 0xFF, 0xFF, 0xFF, 0x9E, 0x00, 0x00, 0x00, 0x10, 0xF5, 
0xFF, 0xFF, 0xFF, 0xFF, 0x72, 0x00, 0x54, 0xFF, 0xFF, 0xFF, 0xFF, 0x9E, 0x00, 0x00, 0x00, 0x00, 
0x9D, 0xFF, 0xFF, 0xFF, 0xFF, 0xDD, 0x02, 0x50, 0xFF, 0xFF, 0xFF, 0xFF, 0x99, 0x00, 0x00, 0x00, 
0x00, 0x34, 0xFF, 0xFF, 0xFF, 0xFF, 0xFF, 0x37, 0x00, 0x00, 0x00, 0x00, 0x01, 0x1E, 0x46, 0x69, 
0x5D, 0x41, 0x0A, 0x00, 0x00, 0x00, 0x00, 0x00, 0x00, 0x00, 0x01, 0x5B, 0xE2, 0xFF, 0xFF, 0xFF, 
0xFF, 0xFF, 0xF1, 0x90, 0x05, 0x00, 0x00, 0x00, 0x00, 0x06, 0xBE, 0xFF, 0xFF, 0xFF, 0xFF, 0xFF, 
0xFF, 0xFF, 0xFF, 0xFF, 0xAF, 0x05, 0x00, 0x00, 0x00, 0x8E, 0xFF, 0xFF, 0xFF, 0xFF, 0xFF, 0xFF, 
0xFF, 0xFF, 0xFF, 0xFF, 0xFF, 0xAE, 0x05, 0x00, 0x2C, 0xFF, 0xFF, 0xFF, 0xFF, 0xFF, 0xF5, 0xC8, 
0xF0, 0xFF, 0xFF, 0xFF, 0xFF, 0xFF, 0x5E, 0x00, 0x65, 0xFF, 0xFF, 0xFF, 0xFF, 0xDA, 0x14, 0x00, 
0x04, 0xB6, 0xFF, 0xFF, 0xFF, 0xFF, 0xBD, 0x00, 0x98, 0xFF, 0xFF, 0xFF, 0xFF, 0x69, 0x00, 0x00, 
0x00, 0x23, 0xFF, 0xFF, 0xFF, 0xFF, 0xEA, 0x00, 0x9F, 0xFF, 0xFF, 0xFF, 0xFF, 0x69, 0x00, 0x00, 
0x00, 0x01, 0xE9, 0xF4, 0xF4, 0xF4, 0xED, 0x01, 0x6A, 0xFF, 0xFF, 0xFF, 0xFF, 0xE7, 0x2A, 0x00, 
0x00, 0x00, 0x00, 0x00, 0x00, 0x00, 0x00, 0x00, 0x31, 0xFF, 0xFF, 0xFF, 0xFF, 0xFF, 0xF9, 0x8D, 
0x1E, 0x00, 0x00, 0x00, 0x00, 0x00, 0x00, 0x00, 0x00, 0x9A, 0xFF, 0xFF, 0xFF, 0xFF, 0xFF, 0xFF, 
0xFC, 0xA2, 0x27, 0x00, 0x00, 0x00, 0x00, 0x00, 0x00, 0x06, 0xC0, 0xFF, 0xFF, 0xFF, 0xFF, 0xFF, 
0xFF, 0xFF, 0xFD, 0xA1, 0x0C, 0x00, 0x00, 0x00, 0x00, 0x00, 0x03, 0x77, 0xF7, 0xFF, 0xFF, 0xFF, 
0xFF, 0xFF, 0xFF, 0xFF, 0xD4, 0x22, 0x00, 0x00, 0x00, 0x00, 0x00, 0x00, 0x21, 0x96, 0xF6, 0xFF, 
0xFF, 0xFF, 0xFF, 0xFF, 0xFF, 0xDC, 0x07, 0x00, 0x00, 0x00, 0x00, 0x00, 0x00, 0x00, 0x15, 0x88, 
0xF4, 0xFF, 0xFF, 0xFF, 0xFF, 0xFF, 0x7C, 0x00, 0x00, 0x00, 0x00, 0x00, 0x00, 0x00, 0x00, 0x00, 
0x19, 0xC6, 0xFF, 0xFF, 0xFF, 0xFF, 0xE2, 0x00, 0x83, 0x8A, 0x8A, 0x8A, 0x83, 0x00, 0x00, 0x00, 
0x00, 0x14, 0xF4, 0xFF, 0xFF, 0xFF, 0xFF, 0x0C, 0xE6, 0xFF, 0xFF, 0xFF, 0xFF, 0x09, 0x00, 0x00, 
0x00, 0x00, 0xD0, 0xFF, 0xFF, 0xFF, 0xFF, 0x31, 0xB7, 0xFF, 0xFF, 0xFF, 0xFF, 0x48, 0x00, 0x00, 
0x00, 0x00, 0xDE, 0xFF, 0xFF, 0xFF, 0xFF, 0x20, 0x89, 0xFF, 0xFF, 0xFF, 0xFF, 0xD8, 0x2D, 0x00, 
0x01, 0x6D, 0xFF, 0xFF, 0xFF, 0xFF, 0xEE, 0x00, 0x31, 0xFA, 0xFF, 0xFF, 0xFF, 0xFF, 0xFE, 0xE3, 
0xEF, 0xFF, 0xFF, 0xFF, 0xFF, 0xFF, 0xB1, 0x00, 0x00, 0x75, 0xFF, 0xFF, 0xFF, 0xFF, 0xFF, 0xFF, 
0xFF, 0xFF, 0xFF, 0xFF, 0xFF, 0xF0, 0x1F, 0x00, 0x00, 0x01, 0x9B, 0xFE, 0xFF, 0xFF, 0xFF, 0xFF, 
0xFF, 0xFF, 0xFF, 0xFF, 0xF0, 0x4F, 0x00, 0x00, 0x00, 0x00, 0x00, 0x31, 0xB9, 0xF8, 0xFF, 0xFF, 
0xFF, 0xFF, 0xF0, 0x98, 0x15, 0x00, 0x00, 0x00, 0x00, 0x00, 0x00, 0x00, 0x00, 0x02, 0x21, 0x45, 
0x3F, 0x18, 0x00, 0x00, 0x00, 0x00, 0x00, 0x00, 0x07, 0x1F, 0x1F, 0x1F, 0x1F, 0x1F, 0x34, 0x3E, 
0x3E, 0x3E, 0x3C, 0x1F, 0x1F, 0x1F, 0x1F, 0x1F, 0x13, 0x5E, 0xFF, 0xFF, 0xFF, 0xFF, 0xFF, 0xFF, 
0xFF, 0xFF, 0xFF, 0xFF, 0xFF, 0xFF, 0xFF, 0xFF, 0xFF, 0xBD, 0x5E, 0xFF, 0xFF, 0xFF, 0xFF, 0xFF, 
0xFF, 0xFF, 0xFF, 0xFF, 0xFF, 0xFF, 0xFF, 0xFF, 0xFF, 0xFF, 0xBD, 0x5E, 0xFF, 0xFF, 0xFF, 0xFF, 
0xFF, 0xFF, 0xFF, 0xFF, 0xFF, 0xFF, 0xFF, 0xFF, 0xFF, 0xFF, 0xFF, 0xBD, 0x5C, 0xFF, 0xFF, 0xFF, 
0xFF, 0xFF, 0xFF, 0xFF, 0xFF, 0xFF, 0xFF, 0xFF, 0xFF, 0xFF, 0xFF, 0xFF, 0xBB, 0x02, 0x0D, 0x0D, 
0x0D, 0x0D, 0x0D, 0xE1, 0xFF, 0xFF, 0xFF, 0xFF, 0x24, 0x0D, 0x0D, 0x0D, 0x0D, 0x07, 0x00, 0x00, 
0x00, 0x00, 0x00, 0x00, 0xD4, 0xFF, 0xFF, 0xFF, 0xFF, 0x17, 0x00, 0x00, 0x00, 0x00, 0x00, 0x00, 
0x00, 0x00, 0x00, 0x00, 0x00, 0xD4, 0xFF, 0xFF, 0xFF, 0xFF, 0x17, 0x00, 0x00, 0x00, 0x00, 0x00, 
0x00, 0x00, 0x00, 0x00, 0x00, 0x00, 0xD4, 0xFF, 0xFF, 0xFF, 0xFF, 0x17, 0x00, 0x00, 0x00, 0x00, 
0x00, 0x00, 0x00, 0x00, 0x00, 0x00, 0x00, 0xD4, 0xFF, 0xFF, 0xFF, 0xFF, 0x17, 0x00, 0x00, 0x00, 
0x00, 0x00, 0x00, 0x00, 0x00, 0x00, 0x00, 0x00, 0xD4, 0xFF, 0xFF, 0xFF, 0xFF, 0x17, 0x00, 0x00, 
0x00, 0x00, 0x00, 0x00, 0x00, 0x00, 0x00, 0x00, 0x00, 0xD4, 0xFF, 0xFF, 0xFF, 0xFF, 0x17, 0x00, 
0x00, 0x00, 0x00, 0x00, 0x00, 0x00, 0x00, 0x00, 0x00, 0x00, 0xD4, 0xFF, 0xFF, 0xFF, 0xFF, 0x17, 
0x00, 0x00, 0x00, 0x00, 0x00, 0x00, 0x00, 0x00, 0x00, 0x00, 0x00, 0xD4, 0xFF, 0xFF, 0xFF, 0xFF, 
0x17, 0x00, 0x00, 0x00, 0x00, 0x00, 0x00, 0x00, 0x00, 0x00, 0x00, 0x00, 0xD4, 0xFF, 0xFF, 0xFF, 
0xFF, 0x17, 0x00, 0x00, 0x00, 0x00, 0x00, 0x00, 0x00, 0x00, 0x00, 0x00, 0x00, 0xD4, 0xFF, 0xFF, 
0xFF, 0xFF, 0x17, 0x00, 0x00, 0x00, 0x00, 0x00, 0x00, 0x00, 0x00, 0x00, 0x00, 0x00, 0xD4, 0xFF, 
0xFF, 0xFF, 0xFF, 0x17, 0x00, 0x00, 0x00, 0x00, 0x00, 0x00, 0x00, 0x00, 0x00, 0x00, 0x00, 0xD4, 
0xFF, 0xFF, 0xFF, 0xFF, 0x17, 0x00, 0x00, 0x00, 0x00, 0x00, 0x00, 0x00, 0x00, 0x00, 0x00, 0x00, 
0xD4, 0xFF, 0xFF, 0xFF, 0xFF, 0x17, 0x00, 0x00, 0x00, 0x00, 0x00, 0x00, 0x00, 0x00, 0x00, 0x00, 
0x00, 0xD4, 0xFF, 0xFF, 0xFF, 0xFF, 0x17, 0x00, 0x00, 0x00, 0x00, 0x00, 0x00, 0x00, 0x00, 0x00, 
0x00, 0x00, 0xD4, 0xFF, 0xFF, 0xFF, 0xFF, 0x17, 0x00, 0x00, 0x00, 0x00, 0x00, 0x00, 0x00, 0x00, 
0x00, 0x00, 0x00, 0xD4, 0xFF, 0xFF, 0xFF, 0xFF, 0x17, 0x00, 0x00, 0x00, 0x00, 0x00, 0x00, 0x00, 
0x00, 0x00, 0x00, 0x00, 0xD4, 0xFF, 0xFF, 0xFF, 0xFF, 0x17, 0x00, 0x00, 0x00, 0x00, 0x00, 0x00, 
0x00, 0x00, 0x00, 0x00, 0x00, 0xCF, 0xFF, 0xFF, 0xFF, 0xFE, 0x13, 0x00, 0x00, 0x00, 0x00, 0x00, 
0x0C, 0x1F, 0x1F, 0x1F, 0x1F, 0x09, 0x00, 0x00, 0x00, 0x00, 0x00, 0x1E, 0x1F, 0x1F, 0x1F, 0x15, 
0x83, 0xFF, 0xFF, 0xFF, 0xFF, 0x6B, 0x00, 0x00, 0x00, 0x00, 0x20, 0xFF, 0xFF, 0xFF, 0xFF, 0xD0, 
0x83, 0xFF, 0xFF, 0xFF, 0xFF, 0x6B, 0x00, 0x00, 0x00, 0x00, 0x21, 0xFF, 0xFF, 0xFF, 0xFF, 0xD0, 
0x83, 0xFF, 0xFF, 0xFF, 0xFF, 0x6B, 0x00, 0x00, 0x00, 0x00, 0x21, 0xFF, 0xFF, 0xFF, 0xFF, 0xD0, 
0x83, 0xFF, 0xFF, 0xFF, 0xFF, 0x6B, 0x00, 0x00, 0x00, 0x00, 0x21, 0xFF, 0xFF, 0xFF, 0xFF, 0xD0, 
0x83, 0xFF, 0xFF, 0xFF, 0xFF, 0x6B, 0x00, 0x00, 0x00, 0x00, 0x21, 0xFF, 0xFF, 0xFF, 0xFF, 0xD0, 
0x83, 0xFF, 0xFF, 0xFF, 0xFF, 0x6B, 0x00, 0x00, 0x00, 0x00, 0x21, 0xFF, 0xFF, 0xFF, 0xFF, 0xD0, 
0x83, 0xFF, 0xFF, 0xFF, 0xFF, 0x6B, 0x00, 0x00, 0x00, 0x00, 0x21, 0xFF, 0xFF, 0xFF, 0xFF, 0xD0, 
0x83, 0xFF, 0xFF, 0xFF, 0xFF, 0x6B, 0x00, 0x00, 0x00, 0x00, 0x21, 0xFF, 0xFF, 0xFF, 0xFF, 0xD0, 
0x83, 0xFF, 0xFF, 0xFF, 0xFF, 0x6B, 0x00, 0x00, 0x00, 0x00, 0x21, 0xFF, 0xFF, 0xFF, 0xFF, 0xD0, 
0x83, 0xFF, 0xFF, 0xFF, 0xFF, 0x6B, 0x00, 0x00, 0x00, 0x00, 0x21, 0xFF, 0xFF, 0xFF, 0xFF, 0xD0, 
0x83, 0xFF, 0xFF, 0xFF, 0xFF, 0x6B, 0x00, 0x00, 0x00, 0x00, 0x21, 0xFF, 0xFF, 0xFF, 0xFF, 0xD0, 
0x83, 0xFF, 0xFF, 0xFF, 0xFF, 0x6B, 0x00, 0x00, 0x00, 0x00, 0x21, 0xFF, 0xFF, 0xFF, 0xFF, 0xD0, 
0x83, 0xFF, 0xFF, 0xFF, 0xFF, 0x6B, 0x00, 0x00, 0x00, 0x00, 0x21, 0xFF, 0xFF, 0xFF, 0xFF, 0xD0, 
0x83, 0xFF, 0xFF, 0xFF, 0xFF, 0x6B, 0x00, 0x00, 0x00, 0x00, 0x21, 0xFF, 0xFF, 0xFF, 0xFF, 0xD0, 
0x83, 0xFF, 0xFF, 0xFF, 0xFF, 0x6B, 0x00, 0x00, 0x00, 0x00, 0x21, 0xFF, 0xFF, 0xFF, 0xFF, 0xD0, 
0x83, 0xFF, 0xFF, 0xFF, 0xFF, 0x70, 0x00, 0x00, 0x00, 0x00, 0x25, 0xFF, 0xFF, 0xFF, 0xFF, 0xD0, 
0x73, 0xFF, 0xFF, 0xFF, 0xFF, 0x91, 0x00, 0x00, 0x00, 0x00, 0x46, 0xFF, 0xFF, 0xFF, 0xFF, 0xC0, 
0x5A, 0xFF, 0xFF, 0xFF, 0xFF, 0xBC, 0x00, 0x00, 0x00, 0x00, 0x70, 0xFF, 0xFF, 0xFF, 0xFF, 0xA6, 
0x2D, 0xFF, 0xFF, 0xFF, 0xFF, 0xFF, 0x6D, 0x05, 0x00, 0x35, 0xEF, 0xFF, 0xFF, 0xFF, 0xFF, 0x79, 
0x00, 0xCF, 0xFF, 0xFF, 0xFF, 0xFF, 0xFF, 0xF9, 0xF2, 0xFF, 0xFF, 0xFF, 0xFF, 0xFF, 0xFD, 0x1C, 
0x00, 0x4A, 0xFD, 0xFF, 0xFF, 0xFF, 0xFF, 0xFF, 0xFF, 0xFF, 0xFF, 0xFF, 0xFF, 0xFF, 0x90, 0x00, 
0x00, 0x00, 0x70, 0xFB, 0xFF, 0xFF, 0xFF, 0xFF, 0xFF, 0xFF, 0xFF, 0xFF, 0xFF, 0xAD, 0x04, 0x00, 
0x00, 0x00, 0x00, 0x31, 0xA1, 0xD4, 0xFC, 0xFF, 0xFF, 0xFF, 0xE3, 0xB0, 0x58, 0x00, 0x00, 0x00, 
0x00, 0x00, 0x00, 0x00, 0x00, 0x00, 0x09, 0x38, 0x45, 0x15, 0x00, 0x00, 0x00, 0x00, 0x00, 0x00, 
0x15, 0x1F, 0x1F, 0x1F, 0x1F, 0x0D, 0x00, 0x00, 0x00, 0x00, 0x00, 0x00, 0x00, 0x1E, 0x1F, 0x1F, 
0x1F, 0x1F, 0x06, 0xBF, 0xFF, 0xFF, 0xFF, 0xFF, 0x92, 0x00, 0x00, 0x00, 0x00, 0x00, 0x00, 0x1A, 
0xFF, 0xFF, 0xFF, 0xFF, 0xFF, 0x41, 0x7C, 0xFF, 0xFF, 0xFF, 0xFF, 0xD0, 0x00, 0x00, 0x00, 0x00, 
0x00, 0x00, 0x57, 0xFF, 0xFF, 0xFF, 0xFF, 0xF5, 0x08, 0x32, 0xFF, 0xFF, 0xFF, 0xFF, 0xFD, 0x0F, 
0x00, 0x00, 0x00, 0x00, 0x00, 0x95, 0xFF, 0xFF, 0xFF, 0xFF, 0xB3, 0x00, 0x01, 0xE7, 0xFF, 0xFF, 
0xFF, 0xFF, 0x4B, 0x00, 0x00, 0x00, 0x00, 0x00, 0xD3, 0xFF, 0xFF, 0xFF, 0xFF, 0x69, 0x00, 0x00, 
0x9F, 0xFF, 0xFF, 0xFF, 0xFF, 0x88, 0x00, 0x00, 0x00, 0x00, 0x12, 0xFE, 0xFF, 0xFF, 0xFF, 0xFF, 
0x1F, 0x00, 0x00, 0x55, 0xFF, 0xFF, 0xFF, 0xFF, 0xC6, 0x00, 0x00, 0x00, 0x00, 0x4F, 0xFF, 0xFF, 
0xFF, 0xFF, 0xD5, 0x00, 0x00, 0x00, 0x10, 0xFB, 0xFF, 0xFF, 0xFF, 0xF9, 0x09, 0x00, 0x00, 0x00, 
0x8C, 0xFF, 0xFF, 0xFF, 0xFF, 0x8B, 0x00, 0x00, 0x00, 0x00, 0xC2, 0xFF, 0xFF, 0xFF, 0xFF, 0x41, 
0x00, 0x00, 0x00, 0xCA, 0xFF, 0xFF, 0xFF, 0xFF, 0x41, 0x00, 0x00, 0x00, 0x00, 0x78, 0xFF, 0xFF, 
0xFF, 0xFF, 0x7E, 0x00, 0x00, 0x0C, 0xFB, 0xFF, 0xFF, 0xFF, 0xF1, 0x05, 0x00, 0x00, 0x00, 0x00, 
0x2F, 0xFF, 0xFF, 0xFF, 0xFF, 0xBC, 0x00, 0x00, 0x46, 0xFF, 0xFF, 0xFF, 0xFF, 0xAD, 0x00, 0x00, 
0x00, 0x00, 0x00, 0x00, 0xE4, 0xFF, 0xFF, 0xFF, 0xF4, 0x04, 0x00, 0x84, 0xFF, 0xFF, 0xFF, 0xFF, 
0x63, 0x00, 0x00, 0x00, 0x00, 0x00, 0x00, 0x9C, 0xFF, 0xFF, 0xFF, 0xFF, 0x37, 0x00, 0xC1, 0xFF, 
0xFF, 0xFF, 0xFF, 0x1A, 0x00, 0x00, 0x00, 0x00, 0x00, 0x00, 0x52, 0xFF, 0xFF, 0xFF, 0xFF, 0x74, 
0x07, 0xF8, 0xFF, 0xFF, 0xFF, 0xCF, 0x00, 0x00, 0x00, 0x00, 0x00, 0x00, 0x00, 0x0E, 0xFA, 0xFF, 
0xFF, 0xFF, 0xB2, 0x3D, 0xFF, 0xFF, 0xFF, 0xFF, 0x85, 0x00, 0x00, 0x00, 0x00, 0x00, 0x00, 0x00, 
0x00, 0xBF, 0xFF, 0xFF, 0xFF, 0xED, 0x7D, 0xFF, 0xFF, 0xFF, 0xFF, 0x3B, 0x00, 0x00, 0x00, 0x00, 
0x00, 0x00, 0x00, 0x00, 0x75, 0xFF, 0xFF, 0xFF, 0xFF, 0xE6, 0xFF, 0xFF, 0xFF, 0xED, 0x03, 0x00, 
0x00, 0x00, 0x00, 0x00, 0x00, 0x00, 0x00, 0x2B, 0xFF, 0xFF, 0xFF, 0xFF, 0xFF, 0xFF, 0xFF, 0xFF, 
0xA7, 0x00, 0x00, 0x00, 0x00, 0x00, 0x00, 0x00, 0x00, 0x00, 0x00, 0xE1, 0xFF, 0xFF, 0xFF, 0xFF, 
0xFF, 0xFF, 0xFF, 0x5C, 0x00, 0x00, 0x00, 0x00, 0x00, 0x00, 0x00, 0x00, 0x00, 0x00, 0x98, 0xFF, 
0xFF, 0xFF, 0xFF, 0xFF, 0xFF, 0xFD, 0x15, 0x00, 0x00, 0x00, 0x00, 0x00, 0x00, 0x00, 0x00, 0x00, 
0x00, 0x4F, 0xFF, 0xFF, 0xFF, 0xFF, 0xFF, 0xFF, 0xC8, 0x00, 0x00, 0x00, 0x00, 0x00, 0x00, 0x00, 
0x00, 0x00, 0x00, 0x00, 0x0C, 0xF9, 0xFF, 0xFF, 0xFF, 0xFF, 0xFF, 0x7E, 0x00, 0x00, 0x00, 0x00, 
0x00, 0x00, 0x00, 0x00, 0x00, 0x00, 0x00, 0x00, 0xBB, 0xFF, 0xFF, 0xFF, 0xFF, 0xFF, 0x34, 0x00, 
0x00, 0x00, 0x00, 0x00, 0x00, 0x00, 0x00, 0x00, 0x00, 0x00, 0x00, 0x72, 0xFF, 0xFF, 0xFF, 0xFF, 
0xE8, 0x01, 0x00, 0x00, 0x00, 0x00, 0x00, 0x00, 0x09, 0x1F, 0x1F, 0x1F, 0x1F, 0x0D, 0x00, 0x00, 
0x00, 0x02, 0x1F, 0x33, 0x35, 0x1F, 0x03, 0x00, 0x00, 0x00, 0x0B, 0x1F, 0x1F, 0x1F, 0x1F, 0x0A, 
0x68, 0xFF, 0xFF, 0xFF, 0xFF, 0x84, 0x00, 0x00, 0x00, 0x2F, 0xFF, 0xFF, 0xFF, 0xFF, 0x3B, 0x00, 
0x00, 0x00, 0x77, 0xFF, 0xFF, 0xFF, 0xFF, 0x70, 0x3F, 0xFF, 0xFF, 0xFF, 0xFF, 0xAB, 0x00, 0x00, 
0x00, 0x5F, 0xFF, 0xFF, 0xFF, 0xFF, 0x6B, 0x00, 0x00, 0x00, 0x9E, 0xFF, 0xFF, 0xFF, 0xFF, 0x48, 
0x12, 0xFF, 0xFF, 0xFF, 0xFF, 0xD2, 0x00, 0x00, 0x00, 0x8F, 0xFF, 0xFF, 0xFF, 0xFF, 0x9B, 0x00, 
0x00, 0x00, 0xC5, 0xFF, 0xFF, 0xFF, 0xFF, 0x1A, 0x00, 0xE3, 0xFF, 0xFF, 0xFF, 0xF7, 0x02, 0x00, 
0x00, 0xBF, 0xFF, 0xFF, 0xFF, 0xFF, 0xCC, 0x00, 0x00, 0x00, 0xEB, 0xFF, 0xFF, 0xFF, 0xEC, 0x00, 
0x00, 0xB5, 0xFF, 0xFF, 0xFF, 0xFF, 0x20, 0x00, 0x00, 0xEF, 0xFF, 0xFF, 0xFF, 0xFF, 0xF7, 0x04, 
0x00, 0x13, 0xFF, 0xFF, 0xFF, 0xFF, 0xBF, 0x00, 0x00, 0x88, 0xFF, 0xFF, 0xFF, 0xFF, 0x46, 0x00, 
0x20, 0xFF, 0xFF, 0xFF, 0xFF, 0xFF, 0xFF, 0x2C, 0x00, 0x39, 0xFF, 0xFF, 0xFF, 0xFF, 0x91, 0x00, 
0x00, 0x5A, 0xFF, 0xFF, 0xFF, 0xFF, 0x6D, 0x00, 0x50, 0xFF, 0xFF, 0xFF, 0xFF, 0xFF, 0xFF, 0x5C, 
0x00, 0x60, 0xFF, 0xFF, 0xFF, 0xFF, 0x63, 0x00, 0x00, 0x2C, 0xFF, 0xFF, 0xFF, 0xFF, 0x94, 0x00, 
0x80, 0xFF, 0xFF, 0xFF, 0xFF, 0xFF, 0xFF, 0x8D, 0x00, 0x86, 0xFF, 0xFF, 0xFF, 0xFF, 0x36, 0x00, 
0x00, 0x05, 0xF9, 0xFF, 0xFF, 0xFF, 0xBB, 0x00, 0xB0, 0xFF, 0xFF, 0xFF, 0xFF, 0xFF, 0xFF, 0xBD, 
0x00, 0xAD, 0xFF, 0xFF, 0xFF, 0xFD, 0x0A, 0x00, 0x00, 0x00, 0xD0, 0xFF, 0xFF, 0xFF, 0xE2, 0x00, 
0xE0, 0xFF, 0xFF, 0xFF, 0xFF, 0xFF, 0xFF, 0xEC, 0x00, 0xD4, 0xFF, 0xFF, 0xFF, 0xDA, 0x00, 0x00, 
0x00, 0x00, 0xA2, 0xFF, 0xFF, 0xFF, 0xFE, 0x1B, 0xFF, 0xFF, 0xFF, 0xFC, 0xF9, 0xFF, 0xFF, 0xFF, 
0x20, 0xF8, 0xFF, 0xFF, 0xFF, 0xAC, 0x00, 0x00, 0x00, 0x00, 0x74, 0xFF, 0xFF, 0xFF, 0xFF, 0x70, 
0xFF, 0xFF, 0xFF, 0xCE, 0xC1, 0xFF, 0xFF, 0xFF, 0x70, 0xFF, 0xFF, 0xFF, 0xFF, 0x7F, 0x00, 0x00, 
0x00, 0x00, 0x46, 0xFF, 0xFF, 0xFF, 0xFF, 0xC7, 0xFF, 0xFF, 0xFF, 0x9B, 0x8F, 0xFF, 0xFF, 0xFF, 
0xC7, 0xFF, 0xFF, 0xFF, 0xFF, 0x51, 0x00, 0x00, 0x00, 0x00, 0x19, 0xFF, 0xFF, 0xFF, 0xFF, 0xFF, 
0xFF, 0xFF, 0xFF, 0x69, 0x5C, 0xFF, 0xFF, 0xFF, 0xFF, 0xFF, 0xFF, 0xFF, 0xFF, 0x23, 0x00, 0x00, 
0x00, 0x00, 0x00, 0xEB, 0xFF, 0xFF, 0xFF, 0xFF, 0xFF, 0xFF, 0xFF, 0x36, 0x2A, 0xFF, 0xFF, 0xFF, 
0xFF, 0xFF, 0xFF, 0xFF, 0xF4, 0x01, 0x00, 0x00, 0x00, 0x00, 0x00, 0xBD, 0xFF, 0xFF, 0xFF, 0xFF, 
0xFF, 0xFF, 0xFB, 0x08, 0x03, 0xF5, 0xFF, 0xFF, 0xFF, 0xFF, 0xFF, 0xFF, 0xC8, 0x00, 0x00, 0x00, 
0x00, 0x00, 0x00, 0x8F, 0xFF, 0xFF, 0xFF, 0xFF, 0xFF, 0xFF, 0xD0, 0x00, 0x00, 0xC6, 0xFF, 0xFF, 
0xFF, 0xFF, 0xFF, 0xFF, 0x9A, 0x00, 0x00, 0x00, 0x00, 0x00, 0x00, 0x61, 0xFF, 0xFF, 0xFF, 0xFF, 
0xFF, 0xFF, 0x9E, 0x00, 0x00, 0x93, 0xFF, 0xFF, 0xFF, 0xFF, 0xFF, 0xFF, 0x6D, 0x00, 0x00, 0x00, 
0x00, 0x00, 0x00, 0x33, 0xFF, 0xFF, 0xFF, 0xFF, 0xFF, 0xFF, 0x6B, 0x00, 0x00, 0x61, 0xFF, 0xFF, 
0xFF, 0xFF, 0xFF, 0xFF, 0x3F, 0x00, 0x00, 0x00, 0x00, 0x00, 0x00, 0x09, 0xFC, 0xFF, 0xFF, 0xFF, 
0xFF, 0xFF, 0x38, 0x00, 0x00, 0x2F, 0xFF, 0xFF, 0xFF, 0xFF, 0xFF, 0xFF, 0x12, 0x00, 0x00, 0x00, 
0x00, 0x00, 0x00, 0x00, 0xD7, 0xFF, 0xFF, 0xFF, 0xFF, 0xFC, 0x09, 0x00, 0x00, 0x04, 0xF7, 0xFF, 
0xFF, 0xFF, 0xFF, 0xE4, 0x00, 0x00, 0x00, 0x00, 0x00, 0x00, 0x00, 0x00, 0xAA, 0xFF, 0xFF, 0xFF, 
0xFF, 0xD3, 0x00, 0x00, 0x00, 0x00, 0xCA, 0xFF, 0xFF, 0xFF, 0xFF, 0xB6, 0x00, 0x00, 0x00, 0x00, 
0x00, 0x00, 0x00, 0x00, 0x7C, 0xFF, 0xFF, 0xFF, 0xFF, 0xA0, 0x00, 0x00, 0x00, 0x00, 0x98, 0xFF, 
0xFF, 0xFF, 0xFF, 0x88, 0x00, 0x00, 0x00, 0x00, 0x0B, 0x1F, 0x1F, 0x1F, 0x1F, 0x1F, 0x02, 0x00, 
0x00, 0x00, 0x00, 0x00, 0x1E, 0x1F, 0x1F, 0x1F, 0x1F, 0x09, 0x61, 0xFF, 0xFF, 0xFF, 0xFF, 0xFF, 
0x51, 0x00, 0x00, 0x00, 0x00, 0x39, 0xFF, 0xFF, 0xFF, 0xFF, 0xFF, 0x4E, 0x07, 0xE3, 0xFF, 0xFF, 
0xFF, 0xFF, 0xBF, 0x00, 0x00, 0x00, 0x00, 0xA2, 0xFF, 0xFF, 0xFF, 0xFF, 0xD7, 0x02, 0x00, 0x6B, 
0xFF, 0xFF, 0xFF, 0xFF, 0xFF, 0x2D, 0x00, 0x00, 0x12, 0xF7, 0xFF, 0xFF, 0xFF, 0xFF, 0x5C, 0x00, 
0x00, 0x07, 0xE4, 0xFF, 0xFF, 0xFF, 0xFF, 0x9A, 0x00, 0x00, 0x72, 0xFF, 0xFF, 0xFF, 0xFF, 0xDC, 
0x03, 0x00, 0x00, 0x00, 0x6C, 0xFF, 0xFF, 0xFF, 0xFF, 0xF5, 0x11, 0x01, 0xD9, 0xFF, 0xFF, 0xFF, 
0xFF, 0x63, 0x00, 0x00, 0x00, 0x00, 0x07, 0xE5, 0xFF, 0xFF, 0xFF, 0xFF, 0x75, 0x43, 0xFF, 0xFF, 
0xFF, 0xFF, 0xE0, 0x05, 0x00, 0x00, 0x00, 0x00, 0x00, 0x6D, 0xFF, 0xFF, 0xFF, 0xFF, 0xDF, 0xAE, 
0xFF, 0xFF, 0xFF, 0xFF, 0x69, 0x00, 0x00, 0x00, 0x00, 0x00, 0x00, 0x08, 0xE5, 0xFF, 0xFF, 0xFF, 
0xFF, 0xFF, 0xFF, 0xFF, 0xFF, 0xE5, 0x07, 0x00, 0x00, 0x00, 0x00, 0x00, 0x00, 0x00, 0x6E, 0xFF, 
0xFF, 0xFF, 0xFF, 0xFF, 0xFF, 0xFF, 0xFF, 0x70, 0x00, 0x00, 0x00, 0x00, 0x00, 0x00, 0x00, 0x00, 
0x08, 0xE6, 0xFF, 0xFF, 0xFF, 0xFF, 0xFF, 0xFF, 0xE9, 0x09, 0x00, 0x00, 0x00, 0x00, 0x00, 0x00, 
0x00, 0x00, 0x00, 0x70, 0xFF, 0xFF, 0xFF, 0xFF, 0xFF, 0xFF, 0x76, 0x00, 0x00, 0x00, 0x00, 0x00, 
0x00, 0x00, 0x00, 0x00, 0x00, 0x3D, 0xFF, 0xFF, 0xFF, 0xFF, 0xFF, 0xFF, 0x34, 0x00, 0x00, 0x00, 
0x00, 0x00, 0x00, 0x00, 0x00, 0x00, 0x00, 0xB1, 0xFF, 0xFF, 0xFF, 0xFF, 0xFF, 0xFF, 0xA2, 0x00, 
0x00, 0x00, 0x00, 0x00, 0x00, 0x00, 0x00, 0x00, 0x30, 0xFE, 0xFF, 0xFF, 0xFF, 0xFF, 0xFF, 0xFF, 
0xFC, 0x22, 0x00, 0x00, 0x00, 0x00, 0x00, 0x00, 0x00, 0x00, 0xAC, 0xFF, 0xFF, 0xFF, 0xFF, 0xFF, 
0xFF, 0xFF, 0xFF, 0x9B, 0x00, 0x00, 0x00, 0x00, 0x00, 0x00, 0x00, 0x2C, 0xFE, 0xFF, 0xFF, 0xFF, 
0xFF, 0xFF, 0xFF, 0xFF, 0xFF, 0xFA, 0x1E, 0x00, 0x00, 0x00, 0x00, 0x00, 0x00, 0xA7, 0xFF, 0xFF, 
0xFF, 0xFF, 0x8C, 0xC5, 0xFF, 0xFF, 0xFF, 0xFF, 0x94, 0x00, 0x00, 0x00, 0x00, 0x00, 0x28, 0xFD, 
0xFF, 0xFF, 0xFF, 0xFE, 0x23, 0x5A, 0xFF, 0xFF, 0xFF, 0xFF, 0xF7, 0x19, 0x00, 0x00, 0x00, 0x00, 
0xA3, 0xFF, 0xFF, 0xFF, 0xFF, 0xB7, 0x00, 0x06, 0xE9, 0xFF, 0xFF, 0xFF, 0xFF, 0x8E, 0x00, 0x00, 
0x00, 0x24, 0xFC, 0xFF, 0xFF, 0xFF, 0xFF, 0x4C, 0x00, 0x00, 0x85, 0xFF, 0xFF, 0xFF, 0xFF, 0xF5, 
0x15, 0x00, 0x00, 0x9E, 0xFF, 0xFF, 0xFF, 0xFF, 0xDF, 0x02, 0x00, 0x00, 0x1E, 0xFC, 0xFF, 0xFF, 
0xFF, 0xFF, 0x87, 0x00, 0x20, 0xFB, 0xFF, 0xFF, 0xFF, 0xFF, 0x78, 0x00, 0x00, 0x00, 0x00, 0xB1, 
0xFF, 0xFF, 0xFF, 0xFF, 0xF2, 0x11, 0x88, 0xFF, 0xFF, 0xFF, 0xFF, 0xF8, 0x14, 0x00, 0x00, 0x00, 
0x00, 0x46, 0xFF, 0xFF, 0xFF, 0xFF, 0xFF, 0x6F, 0x18, 0x1F, 0x1F, 0x1F, 0x1F, 0x0D, 0x00, 0x00, 
0x00, 0x00, 0x00, 0x02, 0x1F, 0x1F, 0x1F, 0x1F, 0x1F, 0x04, 0xCC, 0xFF, 0xFF, 0xFF, 0xFF, 0x9E, 
0x00, 0x00, 0x00, 0x00, 0x00, 0x44, 0xFF, 0xFF, 0xFF, 0xFF, 0xFF, 0x28, 0x67, 0xFF, 0xFF, 0xFF, 
0xFF, 0xEE, 0x05, 0x00, 0x00, 0x00, 0x00, 0x9A, 0xFF, 0xFF, 0xFF, 0xFF, 0xC3, 0x00, 0x0B, 0xF0, 
0xFF, 0xFF, 0xFF, 0xFF, 0x4A, 0x00, 0x00, 0x00, 0x04, 0xEC, 0xFF, 0xFF, 0xFF, 0xFF, 0x57, 0x00, 
0x00, 0x8F, 0xFF, 0xFF, 0xFF, 0xFF, 0xA1, 0x00, 0x00, 0x00, 0x46, 0xFF, 0xFF, 0xFF, 0xFF, 0xE5, 
0x05, 0x00, 0x00, 0x25, 0xFE, 0xFF, 0xFF, 0xFF, 0xF0, 0x06, 0x00, 0x00, 0x9C, 0xFF, 0xFF, 0xFF, 
0xFF, 0x7E, 0x00, 0x00, 0x00, 0x00, 0xB7, 0xFF, 0xFF, 0xFF, 0xFF, 0x4D, 0x00, 0x05, 0xED, 0xFF, 
0xFF, 0xFF, 0xFA, 0x18, 0x00, 0x00, 0x00, 0x00, 0x4B, 0xFF, 0xFF, 0xFF, 0xFF, 0xA4, 0x00, 0x48, 
0xFF, 0xFF, 0xFF, 0xFF, 0xA6, 0x00, 0x00, 0x00, 0x00, 0x00, 0x02, 0xDC, 0xFF, 0xFF, 0xFF, 0xF2, 
0x08, 0x9E, 0xFF, 0xFF, 0xFF, 0xFF, 0x3A, 0x00, 0x00, 0x00, 0x00, 0x00, 0x00, 0x72, 0xFF, 0xFF, 
0xFF, 0xFF, 0x56, 0xEE, 0xFF, 0xFF, 0xFF, 0xCD, 0x00, 0x00, 0x00, 0x00, 0x00, 0x00, 0x00, 0x11, 
0xF5, 0xFF, 0xFF, 0xFF, 0xF1, 0xFF, 0xFF, 0xFF, 0xFF, 0x61, 0x00, 0x00, 0x00, 0x00, 0x00, 0x00, 
0x00, 0x00, 0x9A, 0xFF, 0xFF, 0xFF, 0xFF, 0xFF, 0xFF, 0xFF, 0xEC, 0x08, 0x00, 0x00, 0x00, 0x00, 
0x00, 0x00, 0x00, 0x00, 0x2E, 0xFF, 0xFF, 0xFF, 0xFF, 0xFF, 0xFF, 0xFF, 0x89, 0x00, 0x00, 0x00, 
0x00, 0x00, 0x00, 0x00, 0x00, 0x00, 0x00, 0xC2, 0xFF, 0xFF, 0xFF, 0xFF, 0xFF, 0xFD, 0x20, 0x00, 
0x00, 0x00, 0x00, 0x00, 0x00, 0x00, 0x00, 0x00, 0x00, 0x56, 0xFF, 0xFF, 0xFF, 0xFF, 0xFF, 0xB1, 
0x00, 0x00, 0x00, 0x00, 0x00, 0x00, 0x00, 0x00, 0x00, 0x00, 0x00, 0x04, 0xE9, 0xFF, 0xFF, 0xFF, 
0xFF, 0x48, 0x00, 0x00, 0x00, 0x00, 0x00, 0x00, 0x00, 0x00, 0x00, 0x00, 0x00, 0x00, 0xD0, 0xFF, 
0xFF, 0xFF, 0xFF, 0x2B, 0x00, 0x00, 0x00, 0x00, 0x00, 0x00, 0x00, 0x00, 0x00, 0x00, 0x00, 0x00, 
0xD0, 0xFF, 0xFF, 0xFF, 0xFF, 0x2B, 0x00, 0x00, 0x00, 0x00, 0x00, 0x00, 0x00, 0x00, 0x00, 0x00, 
0x00, 0x00, 0xD0, 0xFF, 0xFF, 0xFF, 0xFF, 0x2B, 0x00, 0x00, 0x00, 0x00, 0x00, 0x00, 0x00, 0x00, 
0x00, 0x00, 0x00, 0x00, 0xD0, 0xFF, 0xFF, 0xFF, 0xFF, 0x2B, 0x00, 0x00, 0x00, 0x00, 0x00, 0x00, 
0x00, 0x00, 0x00, 0x00, 0x00, 0x00, 0xD0, 0xFF, 0xFF, 0xFF, 0xFF, 0x2B, 0x00, 0x00, 0x00, 0x00, 
0x00, 0x00, 0x00, 0x00, 0x00, 0x00, 0x00, 0x00, 0xD0, 0xFF, 0xFF, 0xFF, 0xFF, 0x2B, 0x00, 0x00, 
0x00, 0x00, 0x00, 0x00, 0x00, 0x00, 0x00, 0x00, 0x00, 0x00, 0xD0, 0xFF, 0xFF, 0xFF, 0xFF, 0x2B, 
0x00, 0x00, 0x00, 0x00, 0x00, 0x00, 0x00, 0x00, 0x00, 0x00, 0x00, 0x00, 0xCB, 0xFF, 0xFF, 0xFF, 
0xFF, 0x26, 0x00, 0x00, 0x00, 0x00, 0x00, 0x00, 0x00, 0x1C, 0x1F, 0x1F, 0x1F, 0x1F, 0x1F, 0x1F, 
0x1F, 0x1F, 0x1F, 0x1F, 0x2E, 0x3E, 0x28, 0x1A, 0x00, 0x0E, 0xFF, 0xFF, 0xFF, 0xFF, 0xFF, 0xFF, 
0xFF, 0xFF, 0xFF, 0xFF, 0xFF, 0xFF, 0xFF, 0xFF, 0xF8, 0x00, 0x0E, 0xFF, 0xFF, 0xFF, 0xFF, 0xFF, 
0xFF, 0xFF, 0xFF, 0xFF, 0xFF, 0xFF, 0xFF, 0xFF, 0xFF, 0xF8, 0x00, 0x0E, 0xFF, 0xFF, 0xFF, 0xFF, 
0xFF, 0xFF, 0xFF, 0xFF, 0xFF, 0xFF, 0xFF, 0xFF, 0xFF, 0xFF, 0xF8, 0x00, 0x0D, 0xFF, 0xFF, 0xFF, 
0xFF, 0xFF, 0xFF, 0xFF, 0xFF, 0xFF, 0xFF, 0xFF, 0xFF, 0xFF, 0xFF, 0xA4, 0x00, 0x00, 0x0C, 0x0D, 
0x0D, 0x0D, 0x0D, 0x0D, 0x0D, 0x0D, 0x33, 0xFF, 0xFF, 0xFF, 0xFF, 0xF9, 0x1D, 0x00, 0x00, 0x00, 
0x00, 0x00, 0x00, 0x00, 0x00, 0x00, 0x00, 0xB2, 0xFF, 0xFF, 0xFF, 0xFF, 0x82, 0x00, 0x00, 0x00, 
0x00, 0x00, 0x00, 0x00, 0x00, 0x00, 0x00, 0x46, 0xFF, 0xFF, 0xFF, 0xFF, 0xE5, 0x0B, 0x00, 0x00, 
0x00, 0x00, 0x00, 0x00, 0x00, 0x00, 0x00, 0x04, 0xD4, 0xFF, 0xFF, 0xFF, 0xFF, 0x60, 0x00, 0x00, 
0x00, 0x00, 0x00, 0x00, 0x00, 0x00, 0x00, 0x00, 0x6C, 0xFF, 0xFF, 0xFF, 0xFF, 0xCC, 0x01, 0x00, 
0x00, 0x00, 0x00, 0x00, 0x00, 0x00, 0x00, 0x00, 0x12, 0xED, 0xFF, 0xFF, 0xFF, 0xFF, 0x3E, 0x00, 
0x00, 0x00, 0x00, 0x00, 0x00, 0x00, 0x00, 0x00, 0x00, 0x92, 0xFF, 0xFF, 0xFF, 0xFF, 0xAC, 0x00, 
0x00, 0x00, 0x00, 0x00, 0x00, 0x00, 0x00, 0x00, 0x00, 0x2A, 0xFB, 0xFF, 0xFF, 0xFF, 0xF9, 0x22, 
0x00, 0x00, 0x00, 0x00, 0x00, 0x00, 0x00, 0x00, 0x00, 0x00, 0xB8, 0xFF, 0xFF, 0xFF, 0xFF, 0x8A, 
0x00, 0x00, 0x00, 0x00, 0x00, 0x00, 0x00, 0x00, 0x00, 0x00, 0x4B, 0xFF, 0xFF, 0xFF, 0xFF, 0xEA, 
0x0F, 0x00, 0x00, 0x00, 0x00, 0x00, 0x00, 0x00, 0x00, 0x00, 0x05, 0xD9, 0xFF, 0xFF, 0xFF, 0xFF, 
0x68, 0x00, 0x00, 0x00, 0x00, 0x00, 0x00, 0x00, 0x00, 0x00, 0x00, 0x72, 0xFF, 0xFF, 0xFF, 0xFF, 
0xD3, 0x03, 0x00, 0x00, 0x00, 0x00, 0x00, 0x00, 0x00, 0x00, 0x00, 0x15, 0xF0, 0xFF, 0xFF, 0xFF, 
0xFF, 0x46, 0x00, 0x00, 0x00, 0x00, 0x00, 0x00, 0x00, 0x00, 0x00, 0x00, 0x98, 0xFF, 0xFF, 0xFF, 
0xFF, 0xB5, 0x00, 0x00, 0x00, 0x00, 0x00, 0x00, 0x00, 0x00, 0x00, 0x00, 0x2F, 0xFF, 0xFF, 0xFF, 
0xFF, 0xFF, 0x51, 0x28, 0x28, 0x28, 0x28, 0x28, 0x28, 0x28, 0x28, 0x01, 0x00, 0xBD, 0xFF, 0xFF, 
0xFF, 0xFF, 0xFF, 0xFF, 0xFF, 0xFF, 0xFF, 0xFF, 0xFF, 0xFF, 0xFF, 0xFF, 0x24, 0x00, 0xF5, 0xFF, 
0xFF, 0xFF, 0xFF, 0xFF, 0xFF, 0xFF, 0xFF, 0xFF, 0xFF, 0xFF, 0xFF, 0xFF, 0xFF, 0x24, 0x00, 0xF5, 
0xFF, 0xFF, 0xFF, 0xFF, 0xFF, 0xFF, 0xFF, 0xFF, 0xFF, 0xFF, 0xFF, 0xFF, 0xFF, 0xFF, 0x24, 0x00, 
0xF1, 0xFF, 0xFF, 0xFF, 0xFF, 0xFF, 0xFF, 0xFF, 0xFF, 0xFF, 0xFF, 0xFF, 0xFF, 0xFF, 0xFF, 0x20, 
0x5D, 0xDC, 0xDC, 0xDC, 0xDC, 0xDC, 0xD2, 0x71, 0xFF, 0xFF, 0xFF, 0xFF, 0xFF, 0xF9, 0x71, 0xFF, 
0xFF, 0xFF, 0xFF, 0xFF, 0xF9, 0x71, 0xFF, 0xFF, 0xFF, 0xFF, 0xFF, 0xF4, 0x71, 0xFF, 0xFF, 0xFF, 
0xFF, 0x4F, 0x00, 0x71, 0xFF, 0xFF, 0xFF, 0xFF, 0x4F, 0x00, 0x71, 0xFF, 0xFF, 0xFF, 0xFF, 0x4F, 
0x00, 0x71, 0xFF, 0xFF, 0xFF, 0xFF, 0x4F, 0x00, 0x71, 0xFF, 0xFF, 0xFF, 0xFF, 0x4F, 0x00, 0x71, 
0xFF, 0xFF, 0xFF, 0xFF, 0x4F, 0x00, 0x71, 0xFF, 0xFF, 0xFF, 0xFF, 0x4F, 0x00, 0x71, 0xFF, 0xFF, 
0xFF, 0xFF, 0x4F, 0x00, 0x71, 0xFF, 0xFF, 0xFF, 0xFF, 0x4F, 0x00, 0x71, 0xFF, 0xFF, 0xFF, 0xFF, 
0x4F, 0x00, 0x71, 0xFF, 0xFF, 0xFF, 0xFF, 0x4F, 0x00, 0x71, 0xFF, 0xFF, 0xFF, 0xFF, 0x4F, 0x00, 
0x71, 0xFF, 0xFF, 0xFF, 0xFF, 0x4F, 0x00, 0x71, 0xFF, 0xFF, 0xFF, 0xFF, 0x4F, 0x00, 0x71, 0xFF, 
0xFF, 0xFF, 0xFF, 0x4F, 0x00, 0x71, 0xFF, 0xFF, 0xFF, 0xFF, 0x4F, 0x00, 0x71, 0xFF, 0xFF, 0xFF, 
0xFF, 0x4F, 0x00, 0x71, 0xFF, 0xFF, 0xFF, 0xFF, 0x4F, 0x00, 0x71, 0xFF, 0xFF, 0xFF, 0xFF, 0x4F, 
0x00, 0x71, 0xFF, 0xFF, 0xFF, 0xFF, 0x4F, 0x00, 0x71, 0xFF, 0xFF, 0xFF, 0xFF, 0x4F, 0x00, 0x71, 
0xFF, 0xFF, 0xFF, 0xFF, 0x4F, 0x00, 0x71, 0xFF, 0xFF, 0xFF, 0xFF, 0x4F, 0x00, 0x71, 0xFF, 0xFF, 
0xFF, 0xFF, 0x4F, 0x00, 0x71, 0xFF, 0xFF, 0xFF, 0xFF, 0xB3, 0x82, 0x71, 0xFF, 0xFF, 0xFF, 0xFF, 
0xFF, 0xF9, 0x71, 0xFF, 0xFF, 0xFF, 0xFF, 0xFF, 0xF9, 0x71, 0xFF, 0xFF, 0xFF, 0xFF, 0xFF, 0xF9, 
0x1D, 0x4B, 0x4B, 0x4B, 0x4B, 0x4B, 0x45, 0x1A, 0x1F, 0x1F, 0x1F, 0x1A, 0x00, 0x00, 0x00, 0x00, 
0x00, 0x00, 0x00, 0x00, 0xE8, 0xFF, 0xFF, 0xFF, 0xF8, 0x0D, 0x00, 0x00, 0x00, 0x00, 0x00, 0x00, 
0x00, 0x9C, 0xFF, 0xFF, 0xFF, 0xFF, 0x59, 0x00, 0x00, 0x00, 0x00, 0x00, 0x00, 0x00, 0x49, 0xFF, 
0xFF, 0xFF, 0xFF, 0xAB, 0x00, 0x00, 0x00, 0x00, 0x00, 0x00, 0x00, 0x06, 0xF0, 0xFF, 0xFF, 0xFF, 
0xF4, 0x09, 0x00, 0x00, 0x00, 0x00, 0x00, 0x00, 0x00, 0xA4, 0xFF, 0xFF, 0xFF, 0xFF, 0x50, 0x00, 
0x00, 0x00, 0x00, 0x00, 0x00, 0x00, 0x51, 0xFF, 0xFF, 0xFF, 0xFF, 0xA3, 0x00, 0x00, 0x00, 0x00, 
0x00, 0x00, 0x00, 0x09, 0xF5, 0xFF, 0xFF, 0xFF, 0xEF, 0x05, 0x00, 0x00, 0x00, 0x00, 0x00, 0x00, 
0x00, 0xAC, 0xFF, 0xFF, 0xFF, 0xFF, 0x48, 0x00, 0x00, 0x00, 0x00, 0x00, 0x00, 0x00, 0x59, 0xFF, 
0xFF, 0xFF, 0xFF, 0x9B, 0x00, 0x00, 0x00, 0x00, 0x00, 0x00, 0x00, 0x0E, 0xF8, 0xFF, 0xFF, 0xFF, 
0xEA, 0x03, 0x00, 0x00, 0x00, 0x00, 0x00, 0x00, 0x00, 0xB4, 0xFF, 0xFF, 0xFF, 0xFF, 0x40, 0x00, 
0x00, 0x00, 0x00, 0x00, 0x00, 0x00, 0x62, 0xFF, 0xFF, 0xFF, 0xFF, 0x92, 0x00, 0x00, 0x00, 0x00, 
0x00, 0x00, 0x00, 0x13, 0xFB, 0xFF, 0xFF, 0xFF, 0xE3, 0x01, 0x00, 0x00, 0x00, 0x00, 0x00, 0x00, 
0x00, 0xBC, 0xFF, 0xFF, 0xFF, 0xFF, 0x37, 0x00, 0x00, 0x00, 0x00, 0x00, 0x00, 0x00, 0x6A, 0xFF, 
0xFF, 0xFF, 0xFF, 0x8A, 0x00, 0x00, 0x00, 0x00, 0x00, 0x00, 0x00, 0x19, 0xFE, 0xFF, 0xFF, 0xFF, 
0xDC, 0x00, 0x00, 0x00, 0x00, 0x00, 0x00, 0x00, 0x00, 0xC4, 0xFF, 0xFF, 0xFF, 0xFF, 0x2F, 0x00, 
0x00, 0x00, 0x00, 0x00, 0x00, 0x00, 0x72, 0xFF, 0xFF, 0xFF, 0xFF, 0x82, 0x00, 0x00, 0x00, 0x00, 
0x00, 0x00, 0x00, 0x20, 0xFF, 0xFF, 0xFF, 0xFF, 0xD4, 0x00, 0x00, 0x00, 0x00, 0x00, 0x00, 0x00, 
0x00, 0xCD, 0xFF, 0xFF, 0xFF, 0xFF, 0x27, 0x00, 0x00, 0x00, 0x00, 0x00, 0x00, 0x00, 0x7A, 0xFF, 
0xFF, 0xFF, 0xFF, 0x79, 0x00, 0x00, 0x00, 0x00, 0x00, 0x00, 0x00, 0x27, 0xFF, 0xFF, 0xFF, 0xFF, 
0xCC, 0x00, 0x00, 0x00, 0x00, 0x00, 0x00, 0x00, 0x00, 0xD5, 0xFF, 0xFF, 0xFF, 0xFF, 0x1F, 0x00, 
0x00, 0x00, 0x00, 0x00, 0x00, 0x00, 0x82, 0xFF, 0xFF, 0xFF, 0xFF, 0x71, 0x00, 0x00, 0x00, 0x00, 
0x00, 0x00, 0x00, 0x2F, 0xF3, 0xF3, 0xF3, 0xF3, 0xAA, 0x89, 0xDC, 0xDC, 0xDC, 0xDC, 0xDC, 0xA4, 
0xA4, 0xFF, 0xFF, 0xFF, 0xFF, 0xFF, 0xC4, 0xA4, 0xFF, 0xFF, 0xFF, 0xFF, 0xFF, 0xC4, 0xA0, 0xFF, 
0xFF, 0xFF, 0xFF, 0xFF, 0xC4, 0x00, 0x00, 0xF8, 0xFF, 0xFF, 0xFF, 0xC4, 0x00, 0x00, 0xF7, 0xFF, 
0xFF, 0xFF, 0xC4, 0x00, 0x00, 0xF7, 0xFF, 0xFF, 0xFF, 0xC4, 0x00, 0x00, 0xF7, 0xFF, 0xFF, 0xFF, 
0xC4, 0x00, 0x00, 0xF7, 0xFF, 0xFF, 0xFF, 0xC4, 0x00, 0x00, 0xF7, 0xFF, 0xFF, 0xFF, 0xC4, 0x00, 
0x00, 0xF7, 0xFF, 0xFF, 0xFF, 0xC4, 0x00, 0x00, 0xF7, 0xFF, 0xFF, 0xFF, 0xC4, 0x00, 0x00, 0xF7, 
0xFF, 0xFF, 0xFF, 0xC4, 0x00, 0x00, 0xF7, 0xFF, 0xFF, 0xFF, 0xC4, 0x00, 0x00, 0xF7, 0xFF, 0xFF, 
0xFF, 0xC4, 0x00, 0x00, 0xF7, 0xFF, 0xFF, 0xFF, 0xC4, 0x00, 0x00, 0xF7, 0xFF, 0xFF, 0xFF, 0xC4, 
0x00, 0x00, 0xF7, 0xFF, 0xFF, 0xFF, 0xC4, 0x00, 0x00, 0xF7, 0xFF, 0xFF, 0xFF, 0xC4, 0x00, 0x00, 
0xF7, 0xFF, 0xFF, 0xFF, 0xC4, 0x00, 0x00, 0xF7, 0xFF, 0xFF, 0xFF, 0xC4, 0x00, 0x00, 0xF7, 0xFF, 
0xFF, 0xFF, 0xC4, 0x00, 0x00, 0xF7, 0xFF, 0xFF, 0xFF, 0xC4, 0x00, 0x00, 0xF7, 0xFF, 0xFF, 0xFF, 
0xC4, 0x00, 0x00, 0xF7, 0xFF, 0xFF, 0xFF, 0xC4, 0x00, 0x00, 0xF7, 0xFF, 0xFF, 0xFF, 0xC4, 0x00, 
0x00, 0xF7, 0xFF, 0xFF, 0xFF, 0xC4, 0x00, 0x00, 0xF7, 0xFF, 0xFF, 0xFF, 0xC4, 0x54, 0x8A, 0xFF, 
0xFF, 0xFF, 0xFF, 0xC4, 0xA4, 0xFF, 0xFF, 0xFF, 0xFF, 0xFF, 0xC4, 0xA4, 0xFF, 0xFF, 0xFF, 0xFF, 
0xFF, 0xC4, 0xA4, 0xFF, 0xFF, 0xFF, 0xFF, 0xFF, 0xC4, 0x2C, 0x4B, 0x4B, 0x4B, 0x4B, 0x4B, 0x35, 
0x00, 0x00, 0x00, 0x00, 0x0F, 0x31, 0x3E, 0x24, 0x02, 0x00, 0x00, 0x00, 0x00, 0x00, 0x00, 0x00, 
0xB2, 0xFF, 0xFF, 0xFF, 0x45, 0x00, 0x00, 0x00, 0x00, 0x00, 0x00, 0x11, 0xF9, 0xFF, 0xFF, 0xFF, 
0x9D, 0x00, 0x00, 0x00, 0x00, 0x00, 0x00, 0x63, 0xFF, 0xFF, 0xFF, 0xFF, 0xEE, 0x06, 0x00, 0x00, 
0x00, 0x00, 0x00, 0xBB, 0xFF, 0xFF, 0xFF, 0xFF, 0xFF, 0x4C, 0x00, 0x00, 0x00, 0x00, 0x17, 0xFC, 
0xFF, 0xFF, 0xFF, 0xFF, 0xFF, 0xA4, 0x00, 0x00, 0x00, 0x00, 0x6C, 0xFF, 0xFF, 0xFF, 0xC7, 0xFF, 
0xFF, 0xF3, 0x09, 0x00, 0x00, 0x00, 0xC4, 0xFF, 0xFF, 0xE2, 0x50, 0xFF, 0xFF, 0xFF, 0x54, 0x00, 
0x00, 0x1E, 0xFE, 0xFF, 0xFF, 0x99, 0x0C, 0xF9, 0xFF, 0xFF, 0xAC, 0x00, 0x00, 0x75, 0xFF, 0xFF, 
0xFF, 0x4F, 0x00, 0xBB, 0xFF, 0xFF, 0xF6, 0x0D, 0x00, 0xCD, 0xFF, 0xFF, 0xF9, 0x0C, 0x00, 0x70, 
0xFF, 0xFF, 0xFF, 0x5C, 0x26, 0xFF, 0xFF, 0xFF, 0xBB, 0x00, 0x00, 0x26, 0xFF, 0xFF, 0xFF, 0xB3, 
0x33, 0x9C, 0x9C, 0x9C, 0x4E, 0x00, 0x00, 0x00, 0x8F, 0x9C, 0x9C, 0x8A, 0x4D, 0x5F, 0x5F, 0x5F, 
0x5F, 0x5F, 0x5F, 0x5F, 0x5F, 0x5F, 0x5F, 0x5F, 0x37, 0xDC, 0xFF, 0xFF, 0xFF, 0xFF, 0xFF, 0xFF, 
0xFF, 0xFF, 0xFF, 0xFF, 0xFF, 0xA2, 0xDC, 0xFF, 0xFF, 0xFF, 0xFF, 0xFF, 0xFF, 0xFF, 0xFF, 0xFF, 
0xFF, 0xFF, 0xA2, 0xDC, 0xFF, 0xFF, 0xFF, 0xFF, 0xFF, 0xFF, 0xFF, 0xFF, 0xFF, 0xFF, 0xFF, 0xA2, 
0x70, 0x87, 0x87, 0x87, 0x87, 0x87, 0x87, 0x87, 0x87, 0x87, 0x87, 0x87, 0x51, 0x1B, 0x5F, 0x5F, 
0x5F, 0x5F, 0x5E, 0x06, 0x00, 0x00, 0x14, 0xD9, 0xFF, 0xFF, 0xFF, 0xFF, 0x7F, 0x00, 0x00, 0x00, 
0x20, 0xE6, 0xFF, 0xFF, 0xFF, 0xF9, 0x2A, 0x00, 0x00, 0x00, 0x30, 0xF1, 0xFF, 0xFF, 0xFF, 0xC5, 
0x02, 0x00, 0x00, 0x00, 0x42, 0xF9, 0xFF, 0xFF, 0xFF, 0x6C, 0x00, 0x00, 0x00, 0x00, 0x57, 0xD2, 
0xD2, 0xD2, 0xBE, 0x00, 0x00, 0x00, 0x00, 0x0B, 0x45, 0x6E, 0x91, 0x76, 0x45, 0x15, 0x00, 0x00, 
0x00, 0x00, 0x00, 0x00, 0x00, 0x58, 0xE4, 0xFF, 0xFF, 0xFF, 0xFF, 0xFF, 0xFD, 0x6F, 0x00, 0x00, 
0x00, 0x00, 0x00, 0x6F, 0xFF, 0xFF, 0xFF, 0xFF, 0xFF, 0xFF, 0xFF, 0xFF, 0xFF, 0x8E, 0x00, 0x00, 
0x00, 0x2A, 0xF8, 0xFF, 0xFF, 0xFF, 0xFF, 0xFF, 0xFF, 0xFF, 0xFF, 0xFF, 0xFF, 0x14, 0x00, 0x00, 
0x79, 0xFF, 0xFF, 0xFF, 0xFF, 0xBA, 0x52, 0xBF, 0xFF, 0xFF, 0xFF, 0xFF, 0x4F, 0x00, 0x00, 0xA9, 
0xFF, 0xFF, 0xFF, 0xFF, 0x23, 0x00, 0x39, 0xFF, 0xFF, 0xFF, 0xFF, 0x8C, 0x00, 0x00, 0x18, 0x29, 
0x29, 0x29, 0x29, 0x01, 0x00, 0x1C, 0xFF, 0xFF, 0xFF, 0xFF, 0xAA, 0x00, 0x00, 0x00, 0x00, 0x00, 
0x30, 0x6A, 0x8C, 0xAC, 0xCE, 0xFF, 0xFF, 0xFF, 0xFF, 0xAA, 0x00, 0x00, 0x00, 0x22, 0xB1, 0xFF, 
0xFF, 0xFF, 0xFF, 0xFF, 0xFF, 0xFF, 0xFF, 0xFF, 0xAA, 0x00, 0x00, 0x07, 0xD3, 0xFF, 0xFF, 0xFF, 
0xFF, 0xFF, 0xFF, 0xFF, 0xFF, 0xFF, 0xFF, 0xAA, 0x00, 0x00, 0x82, 0xFF, 0xFF, 0xFF, 0xFF, 0xE2, 
0x6F, 0x68, 0xFF, 0xFF, 0xFF, 0xFF, 0xAA, 0x00, 0x00, 0xC6, 0xFF, 0xFF, 0xFF, 0xFA, 0x22, 0x00, 
0x1A, 0xFF, 0xFF, 0xFF, 0xFF, 0xAA, 0x00, 0x01, 0xF2, 0xFF, 0xFF, 0xFF, 0xCE, 0x00, 0x00, 0x1A, 
0xFF, 0xFF, 0xFF, 0xFF, 0xAA, 0x00, 0x02, 0xF3, 0xFF, 0xFF, 0xFF, 0xE6, 0x06, 0x00, 0x56, 0xFF, 
0xFF, 0xFF, 0xFF, 0xAC, 0x00, 0x00, 0xB9, 0xFF, 0xFF, 0xFF, 0xFF, 0xC7, 0xAE, 0xFF, 0xFF, 0xFF, 
0xFF, 0xFF, 0xBA, 0x00, 0x00, 0x7B, 0xFF, 0xFF, 0xFF, 0xFF, 0xFF, 0xFF, 0xFF, 0xFF, 0xFF, 0xFF, 
0xFF, 0xCC, 0x00, 0x00, 0x0C, 0xC2, 0xFF, 0xFF, 0xFF, 0xFF, 0xFF, 0xFF, 0xFF, 0xFF, 0xFF, 0xFF, 
0xF8, 0x0A, 0x00, 0x00, 0x0B, 0xA8, 0xF2, 0xFF, 0xFF, 0xFE, 0x8F, 0xA9, 0xFF, 0xFF, 0xFF, 0xFF, 
0x3A, 0x00, 0x00, 0x00, 0x00, 0x04, 0x37, 0x41, 0x11, 0x00, 0x00, 0x00, 0x00, 0x00, 0x00, 0x00, 
0x30, 0x5F, 0x5F, 0x5F, 0x5F, 0x0D, 0x00, 0x00, 0x00, 0x00, 0x00, 0x00, 0x00, 0x00, 0x8D, 0xFF, 
0xFF, 0xFF, 0xFF, 0x2E, 0x00, 0x00, 0x00, 0x00, 0x00, 0x00, 0x00, 0x00, 0x8D, 0xFF, 0xFF, 0xFF, 
0xFF, 0x2E, 0x00, 0x00, 0x00, 0x00, 0x00, 0x00, 0x00, 0x00, 0x8D, 0xFF, 0xFF, 0xFF, 0xFF, 0x2E, 
0x00, 0x00, 0x00, 0x00, 0x00, 0x00, 0x00, 0x00, 0x8D, 0xFF, 0xFF, 0xFF, 0xFF, 0x2E, 0x00, 0x00, 
0x00, 0x00, 0x00, 0x00, 0x00, 0x00, 0x8D, 0xFF, 0xFF, 0xFF, 0xFF, 0x2E, 0x00, 0x00, 0x00, 0x00, 
0x00, 0x00, 0x00, 0x00, 0x8D, 0xFF, 0xFF, 0xFF, 0xFF, 0x2E, 0x00, 0x00, 0x00, 0x00, 0x00, 0x00, 
0x00, 0x00, 0x8D, 0xFF, 0xFF, 0xFF, 0xFF, 0x2F, 0x24, 0x6A, 0x8F, 0x60, 0x2A, 0x00, 0x00, 0x00, 
0x8D, 0xFF, 0xFF, 0xFF, 0xFF, 0xAB, 0xFF, 0xFF, 0xFF, 0xFF, 0xFF, 0x94, 0x02, 0x00, 0x8D, 0xFF, 
0xFF, 0xFF, 0xFF, 0xFF, 0xFF, 0xFF, 0xFF, 0xFF, 0xFF, 0xFF, 0x96, 0x00, 0x8D, 0xFF, 0xFF, 0xFF, 
0xFF, 0xFF, 0xFF, 0xFF, 0xFF, 0xFF, 0xFF, 0xFF, 0xF9, 0x14, 0x8D, 0xFF, 0xFF, 0xFF, 0xFF, 0xFF, 
0x9E, 0x97, 0xF0, 0xFF, 0xFF, 0xFF, 0xFF, 0x70, 0x8D, 0xFF, 0xFF, 0xFF, 0xFF, 0x92, 0x00, 0x00, 
0x4F, 0xFF, 0xFF, 0xFF, 0xFF, 0xB1, 0x8D, 0xFF, 0xFF, 0xFF, 0xFF, 0x34, 0x00, 0x00, 0x04, 0xF4, 
0xFF, 0xFF, 0xFF, 0xC8, 0x8D, 0xFF, 0xFF, 0xFF, 0xFF, 0x2E, 0x00, 0x00, 0x00, 0xD4, 0xFF, 0xFF, 
0xFF, 0xDF, 0x8D, 0xFF, 0xFF, 0xFF, 0xFF, 0x2E, 0x00, 0x00, 0x00, 0xC8, 0xFF, 0xFF, 0xFF, 0xF0, 
0x8D, 0xFF, 0xFF, 0xFF, 0xFF, 0x2E, 0x00, 0x00, 0x00, 0xC7, 0xFF, 0xFF, 0xFF, 0xF9, 0x8D, 0xFF, 
0xFF, 0xFF, 0xFF, 0x2E, 0x00, 0x00, 0x00, 0xCB, 0xFF, 0xFF, 0xFF, 0xF0, 0x8D, 0xFF, 0xFF, 0xFF, 
0xFF, 0x2E, 0x00, 0x00, 0x00, 0xD7, 0xFF, 0xFF, 0xFF, 0xD9, 0x8D, 0xFF, 0xFF, 0xFF, 0xFF, 0x3D, 
0x00, 0x00, 0x09, 0xF9, 0xFF, 0xFF, 0xFF, 0xC2, 0x8D, 0xFF, 0xFF, 0xFF, 0xFF, 0xC8, 0x04, 0x00, 
0x71, 0xFF, 0xFF, 0xFF, 0xFF, 0xA7, 0x8D, 0xFF, 0xFF, 0xFF, 0xFF, 0xFF, 0xEF, 0xD9, 0xFE, 0xFF, 
0xFF, 0xFF, 0xFF, 0x57, 0x8D, 0xFF, 0xFF, 0xFF, 0xFF, 0xFF, 0xFF, 0xFF, 0xFF, 0xFF, 0xFF, 0xFF, 
0xED, 0x07, 0x8D, 0xFF, 0xFF, 0xFF, 0xFF, 0xF1, 0xFF, 0xFF, 0xFF, 0xFF, 0xFF, 0xFD, 0x62, 0x00, 
0x88, 0xFF, 0xFF, 0xFF, 0xE8, 0x3E, 0xDB, 0xFF, 0xFF, 0xFF, 0xE5, 0x53, 0x00, 0x00, 0x00, 0x00, 
0x00, 0x00, 0x00, 0x00, 0x00, 0x21, 0x49, 0x1B, 0x00, 0x00, 0x00, 0x00, 0x00, 0x00, 0x00, 0x00, 
0x07, 0x33, 0x62, 0x8E, 0x77, 0x3A, 0x06, 0x00, 0x00, 0x00, 0x00, 0x00, 0x00, 0x31, 0xDD, 0xFF, 
0xFF, 0xFF, 0xFF, 0xFF, 0xF6, 0x74, 0x00, 0x00, 0x00, 0x00, 0x50, 0xF7, 0xFF, 0xFF, 0xFF, 0xFF, 
0xFF, 0xFF, 0xFF, 0xFF, 0x69, 0x00, 0x00, 0x04, 0xDF, 0xFF, 0xFF, 0xFF, 0xFF, 0xFF, 0xFF, 0xFF, 
0xFF, 0xFF, 0xFE, 0x3A, 0x00, 0x5E, 0xFF, 0xFF, 0xFF, 0xFF, 0xE2, 0x8F, 0xC3, 0xFF, 0xFF, 0xFF, 
0xFF, 0x7C, 0x00, 0xB5, 0xFF, 0xFF, 0xFF, 0xFF, 0x2B, 0x00, 0x07, 0xDB, 0xFF, 0xFF, 0xFF, 0xB2, 
0x00, 0xD5, 0xFF, 0xFF, 0xFF, 0xDA, 0x00, 0x00, 0x00, 0x98, 0xFF, 0xFF, 0xFF, 0xE7, 0x00, 0xF3, 
0xFF, 0xFF, 0xFF, 0xB9, 0x00, 0x00, 0x00, 0x32, 0x65, 0x65, 0x65, 0x5E, 0x0F, 0xFF, 0xFF, 0xFF, 
0xFF, 0xAF, 0x00, 0x00, 0x00, 0x00, 0x00, 0x00, 0x00, 0x00, 0x14, 0xFF, 0xFF, 0xFF, 0xFF, 0xAB, 
0x00, 0x00, 0x00, 0x00, 0x00, 0x00, 0x00, 0x00, 0x09, 0xFF, 0xFF, 0xFF, 0xFF, 0xB1, 0x00, 0x00, 
0x00, 0x00, 0x00, 0x00, 0x00, 0x00, 0x00, 0xEB, 0xFF, 0xFF, 0xFF, 0xBC, 0x00, 0x00, 0x00, 0x1A, 
0x36, 0x36, 0x36, 0x2F, 0x00, 0xCC, 0xFF, 0xFF, 0xFF, 0xE5, 0x00, 0x00, 0x00, 0x98, 0xFF, 0xFF, 
0xFF, 0xF7, 0x00, 0xA7, 0xFF, 0xFF, 0xFF, 0xFF, 0x4F, 0x00, 0x13, 0xE1, 0xFF, 0xFF, 0xFF, 0xDC, 
0x00, 0x3D, 0xFF, 0xFF, 0xFF, 0xFF, 0xFC, 0xDB, 0xEC, 0xFF, 0xFF, 0xFF, 0xFF, 0x96, 0x00, 0x00, 
0xC1, 0xFF, 0xFF, 0xFF, 0xFF, 0xFF, 0xFF, 0xFF, 0xFF, 0xFF, 0xF0, 0x27, 0x00, 0x00, 0x27, 0xD6, 
0xFF, 0xFF, 0xFF, 0xFF, 0xFF, 0xFF, 0xFF, 0xEE, 0x34, 0x00, 0x00, 0x00, 0x00, 0x0B, 0x9C, 0xEB, 
0xFF, 0xFF, 0xFF, 0xF0, 0xB4, 0x31, 0x00, 0x00, 0x00, 0x00, 0x00, 0x00, 0x00, 0x00, 0x1A, 0x46, 
0x31, 0x02, 0x00, 0x00, 0x00, 0x00, 0x00, 0x00, 0x00, 0x00, 0x00, 0x00, 0x00, 0x00, 0x00, 0x1E, 
0x5F, 0x5F, 0x5F, 0x5F, 0x20, 0x00, 0x00, 0x00, 0x00, 0x00, 0x00, 0x00, 0x00, 0x00, 0x5E, 0xFF, 
0xFF, 0xFF, 0xFF, 0x62, 0x00, 0x00, 0x00, 0x00, 0x00, 0x00, 0x00, 0x00, 0x00, 0x5E, 0xFF, 0xFF, 
0xFF, 0xFF, 0x62, 0x00, 0x00, 0x00, 0x00, 0x00, 0x00, 0x00, 0x00, 0x00, 0x5E, 0xFF, 0xFF, 0xFF, 
0xFF, 0x62, 0x00, 0x00, 0x00, 0x00, 0x00, 0x00, 0x00, 0x00, 0x00, 0x5E, 0xFF, 0xFF, 0xFF, 0xFF, 
0x62, 0x00, 0x00, 0x00, 0x00, 0x00, 0x00, 0x00, 0x00, 0x00, 0x5E, 0xFF, 0xFF, 0xFF, 0xFF, 0x62, 
0x00, 0x00, 0x00, 0x00, 0x00, 0x00, 0x00, 0x00, 0x00, 0x5E, 0xFF, 0xFF, 0xFF, 0xFF, 0x62, 0x00, 
0x00, 0x00, 0x01, 0x31, 0x68, 0x90, 0x5E, 0x17, 0x5E, 0xFF, 0xFF, 0xFF, 0xFF, 0x62, 0x00, 0x00, 
0x05, 0xA3, 0xFF, 0xFF, 0xFF, 0xFF, 0xFB, 0xAC, 0xFF, 0xFF, 0xFF, 0xFF, 0x62, 0x00, 0x00, 0xAD, 
0xFF, 0xFF, 0xFF, 0xFF, 0xFF, 0xFF, 0xFF, 0xFF, 0xFF, 0xFF, 0xFF, 0x62, 0x00, 0x2A, 0xFF, 0xFF, 
0xFF, 0xFF, 0xFF, 0xFF, 0xFF, 0xFF, 0xFF, 0xFF, 0xFF, 0xFF, 0x62, 0x00, 0x92, 0xFF, 0xFF, 0xFF, 
0xFF, 0xEB, 0x93, 0xB1, 0xFF, 0xFF, 0xFF, 0xFF, 0xFF, 0x62, 0x00, 0xD6, 0xFF, 0xFF, 0xFF, 0xFF, 
0x3A, 0x00, 0x00, 0xF4, 0xFF, 0xFF, 0xFF, 0xFF, 0x62, 0x00, 0xEF, 0xFF, 0xFF, 0xFF, 0xDD, 0x00, 
0x00, 0x00, 0x7F, 0xFF, 0xFF, 0xFF, 0xFF, 0x62, 0x08, 0xFF, 0xFF, 0xFF, 0xFF, 0xB3, 0x00, 0x00, 
0x00, 0x5E, 0xFF, 0xFF, 0xFF, 0xFF, 0x62, 0x20, 0xFF, 0xFF, 0xFF, 0xFF, 0xA7, 0x00, 0x00, 0x00, 
0x5E, 0xFF, 0xFF, 0xFF, 0xFF, 0x62, 0x23, 0xFF, 0xFF, 0xFF, 0xFF, 0x9B, 0x00, 0x00, 0x00, 0x5E, 
0xFF, 0xFF, 0xFF, 0xFF, 0x62, 0x19, 0xFF, 0xFF, 0xFF, 0xFF, 0xA5, 0x00, 0x00, 0x00, 0x5E, 0xFF, 
0xFF, 0xFF, 0xFF, 0x62, 0x04, 0xFD, 0xFF, 0xFF, 0xFF, 0xB6, 0x00, 0x00, 0x00, 0x62, 0xFF, 0xFF, 
0xFF, 0xFF, 0x62, 0x00, 0xE8, 0xFF, 0xFF, 0xFF, 0xEA, 0x01, 0x00, 0x00, 0x92, 0xFF, 0xFF, 0xFF, 
0xFF, 0x62, 0x00, 0xC9, 0xFF, 0xFF, 0xFF, 0xFF, 0x67, 0x00, 0x0D, 0xFF, 0xFF, 0xFF, 0xFF, 0xFF, 
0x62, 0x00, 0x71, 0xFF, 0xFF, 0xFF, 0xFF, 0xFF, 0xDF, 0xF8, 0xFF, 0xFF, 0xFF, 0xFF, 0xFF, 0x62, 
0x00, 0x11, 0xF6, 0xFF, 0xFF, 0xFF, 0xFF, 0xFF, 0xFF, 0xFF, 0xFF, 0xFF, 0xFF, 0xFF, 0x62, 0x00, 
0x00, 0x6A, 0xFE, 0xFF, 0xFF, 0xFF, 0xFF, 0xFF, 0xF9, 0xFF, 0xFF, 0xFF, 0xFF, 0x62, 0x00, 0x00, 
0x00, 0x59, 0xE5, 0xFF, 0xFF, 0xFE, 0xC9, 0x24, 0xFD, 0xFF, 0xFF, 0xFF, 0x62, 0x00, 0x00, 0x00, 
0x00, 0x00, 0x1F, 0x49, 0x17, 0x00, 0x00, 0x03, 0x02, 0x01, 0x01, 0x00, 0x00, 0x00, 0x00, 0x01, 
0x2A, 0x59, 0x88, 0x86, 0x57, 0x27, 0x00, 0x00, 0x00, 0x00, 0x00, 0x00, 0x15, 0xB8, 0xFF, 0xFF, 
0xFF, 0xFF, 0xFF, 0xFF, 0xA7, 0x0B, 0x00, 0x00, 0x00, 0x26, 0xE5, 0xFF, 0xFF, 0xFF, 0xFF, 0xFF, 
0xFF, 0xFF, 0xFF, 0xD5, 0x0D, 0x00, 0x00, 0xAA, 0xFF, 0xFF, 0xFF, 0xFF, 0xFF, 0xFF, 0xFF, 0xFF, 
0xFF, 0xFF, 0x73, 0x00, 0x2E, 0xFE, 0xFF, 0xFF, 0xFF, 0xF7, 0x95, 0xA0, 0xFA, 0xFF, 0xFF, 0xFF, 
0xE5, 0x06, 0x8A, 0xFF, 0xFF, 0xFF, 0xFF, 0x64, 0x00, 0x00, 0x83, 0xFF, 0xFF, 0xFF, 0xFF, 0x3C, 
0xAB, 0xFF, 0xFF, 0xFF, 0xFC, 0x0F, 0x00, 0x00, 0x35, 0xFF, 0xFF, 0xFF, 0xFF, 0x59, 0xCC, 0xFF, 
0xFF, 0xFF, 0xFF, 0x73, 0x73, 0x73, 0x85, 0xFF, 0xFF, 0xFF, 0xFF, 0x75, 0xED, 0xFF, 0xFF, 0xFF, 
0xFF, 0xFF, 0xFF, 0xFF, 0xFF, 0xFF, 0xFF, 0xFF, 0xFF, 0x90, 0xF6, 0xFF, 0xFF, 0xFF, 0xFF, 0xFF, 
0xFF, 0xFF, 0xFF, 0xFF, 0xFF, 0xFF, 0xFF, 0x96, 0xF1, 0xFF, 0xFF, 0xFF, 0xFF, 0xFF, 0xFF, 0xFF, 
0xFF, 0xFF, 0xFF, 0xFF, 0xFF, 0x92, 0xD1, 0xFF, 0xFF, 0xFF, 0xF2, 0x01, 0x01, 0x01, 0x01, 0x01, 
0x01, 0x01, 0x01, 0x00, 0xAC, 0xFF, 0xFF, 0xFF, 0xFF, 0x30, 0x00, 0x00, 0x00, 0x00, 0x01, 0x26, 
0x00, 0x00, 0x84, 0xFF, 0xFF, 0xFF, 0xFF, 0xC0, 0x12, 0x00, 0x00, 0x1E, 0xB8, 0xF4, 0x22, 0x00, 
0x1D, 0xF6, 0xFF, 0xFF, 0xFF, 0xFF, 0xF0, 0xC8, 0xE2, 0xFF, 0xFF, 0xFF, 0xBE, 0x01, 0x00, 0x81, 
0xFF, 0xFF, 0xFF, 0xFF, 0xFF, 0xFF, 0xFF, 0xFF, 0xFF, 0xFF, 0xFF, 0x44, 0x00, 0x0A, 0xA3, 0xFF, 
0xFF, 0xFF, 0xFF, 0xFF, 0xFF, 0xFF, 0xFF, 0xFF, 0x94, 0x01, 0x00, 0x00, 0x00, 0x52, 0xD4, 0xFB, 
0xFF, 0xFF, 0xFF, 0xFE, 0xC4, 0x43, 0x00, 0x00, 0x00, 0x00, 0x00, 0x00, 0x00, 0x07, 0x2E, 0x43, 
0x2E, 0x0A, 0x00, 0x00, 0x00, 0x00, 0x00, 0x00, 0x00, 0x00, 0x00, 0x1E, 0x5B, 0x97, 0xAE, 0x92, 
0x23, 0x00, 0x00, 0x00, 0x00, 0x71, 0xFF, 0xFF, 0xFF, 0xFF, 0xFF, 0x51, 0x00, 0x00, 0x00, 0x64, 
0xFF, 0xFF, 0xFF, 0xFF, 0xFF, 0xFF, 0x4E, 0x00, 0x00, 0x02, 0xF3, 0xFF, 0xFF, 0xFF, 0xFF, 0xFF, 
0xFF, 0x4B, 0x00, 0x00, 0x2A, 0xFF, 0xFF, 0xFF, 0xFF, 0xF9, 0x85, 0x67, 0x22, 0x00, 0x00, 0x5F, 
0xFF, 0xFF, 0xFF, 0xFF, 0x7A, 0x00, 0x00, 0x00, 0x00, 0x00, 0x84, 0xFF, 0xFF, 0xFF, 0xFF, 0x43, 
0x00, 0x00, 0x00, 0x25, 0x47, 0xCD, 0xFF, 0xFF, 0xFF, 0xFF, 0x81, 0x47, 0x39, 0x00, 0x95, 0xFF, 
0xFF, 0xFF, 0xFF, 0xFF, 0xFF, 0xFF, 0xFF, 0xDF, 0x00, 0x95, 0xFF, 0xFF, 0xFF, 0xFF, 0xFF, 0xFF, 
0xFF, 0xFF, 0xDF, 0x00, 0x95, 0xFF, 0xFF, 0xFF, 0xFF, 0xFF, 0xFF, 0xFF, 0xFF, 0xDF, 0x00, 0x36, 
0x64, 0xEB, 0xFF, 0xFF, 0xFF, 0xFF, 0x9E, 0x64, 0x53, 0x00, 0x00, 0x00, 0x86, 0xFF, 0xFF, 0xFF, 
0xFF, 0x3A, 0x00, 0x00, 0x00, 0x00, 0x00, 0x86, 0xFF, 0xFF, 0xFF, 0xFF, 0x3A, 0x00, 0x00, 0x00, 
0x00, 0x00, 0x86, 0xFF, 0xFF, 0xFF, 0xFF, 0x3A, 0x00, 0x00, 0x00, 0x00, 0x00, 0x86, 0xFF, 0xFF, 
0xFF, 0xFF, 0x3A, 0x00, 0x00, 0x00, 0x00, 0x00, 0x86, 0xFF, 0xFF, 0xFF, 0xFF, 0x3A, 0x00, 0x00, 
0x00, 0x00, 0x00, 0x86, 0xFF, 0xFF, 0xFF, 0xFF, 0x3A, 0x00, 0x00, 0x00, 0x00, 0x00, 0x86, 0xFF, 
0xFF, 0xFF, 0xFF, 0x3A, 0x00, 0x00, 0x00, 0x00, 0x00, 0x86, 0xFF, 0xFF, 0xFF, 0xFF, 0x3A, 0x00, 
0x00, 0x00, 0x00, 0x00, 0x86, 0xFF, 0xFF, 0xFF, 0xFF, 0x3A, 0x00, 0x00, 0x00, 0x00, 0x00, 0x86, 
0xFF, 0xFF, 0xFF, 0xFF, 0x3A, 0x00, 0x00, 0x00, 0x00, 0x00, 0x86, 0xFF, 0xFF, 0xFF, 0xFF, 0x3A, 
0x00, 0x00, 0x00, 0x00, 0x00, 0x86, 0xFF, 0xFF, 0xFF, 0xFF, 0x3A, 0x00, 0x00, 0x00, 0x00, 0x00, 
0x82, 0xFF, 0xFF, 0xFF, 0xFF, 0x35, 0x00, 0x00, 0x00, 0x00, 0x00, 0x00, 0x00, 0x23, 0x5B, 0x8C, 
0x75, 0x33, 0x02, 0x31, 0x47, 0x47, 0x47, 0x2B, 0x00, 0x00, 0x00, 0x7A, 0xFE, 0xFF, 0xFF, 0xFF, 
0xFF, 0xBC, 0xC9, 0xFF, 0xFF, 0xFF, 0xAB, 0x00, 0x00, 0x89, 0xFF, 0xFF, 0xFF, 0xFF, 0xFF, 0xFF, 
0xFF, 0xFF, 0xFF, 0xFF, 0xFF, 0xAB, 0x00, 0x14, 0xF7, 0xFF, 0xFF, 0xFF, 0xFF, 0xFF, 0xFF, 0xFF, 
0xFF, 0xFF, 0xFF, 0xFF, 0xAB, 0x00, 0x7C, 0xFF, 0xFF, 0xFF, 0xFF, 0xFB, 0x9F, 0x96, 0xFF, 0xFF, 
0xFF, 0xFF, 0xFF, 0xAB, 0x00, 0xC4, 0xFF, 0xFF, 0xFF, 0xFF, 0x65, 0x00, 0x00, 0x4E, 0xFF, 0xFF, 
0xFF, 0xFF, 0xAB, 0x00, 0xDF, 0xFF, 0xFF, 0xFF, 0xF1, 0x07, 0x00, 0x00, 0x19, 0xFF, 0xFF, 0xFF, 
0xFF, 0xAB, 0x01, 0xF9, 0xFF, 0xFF, 0xFF, 0xC6, 0x00, 0x00, 0x00, 0x19, 0xFF, 0xFF, 0xFF, 0xFF, 
0xAB, 0x15, 0xFF, 0xFF, 0xFF, 0xFF, 0xB6, 0x00, 0x00, 0x00, 0x19, 0xFF, 0xFF, 0xFF, 0xFF, 0xAB, 
0x19, 0xFF, 0xFF, 0xFF, 0xFF, 0xA8, 0x00, 0x00, 0x00, 0x19, 0xFF, 0xFF, 0xFF, 0xFF, 0xAB, 0x0D, 
0xFF, 0xFF, 0xFF, 0xFF, 0xB6, 0x00, 0x00, 0x00, 0x19, 0xFF, 0xFF, 0xFF, 0xFF, 0xAB, 0x00, 0xF4, 
0xFF, 0xFF, 0xFF, 0xCA, 0x00, 0x00, 0x00, 0x19, 0xFF, 0xFF, 0xFF, 0xFF, 0xAB, 0x00, 0xD8, 0xFF, 
0xFF, 0xFF, 0xF9, 0x10, 0x00, 0x00, 0x1A, 0xFF, 0xFF, 0xFF, 0xFF, 0xAB, 0x00, 0xB7, 0xFF, 0xFF, 
0xFF, 0xFF, 0x95, 0x00, 0x02, 0x8B, 0xFF, 0xFF, 0xFF, 0xFF, 0xAB, 0x00, 0x58, 0xFF, 0xFF, 0xFF, 
0xFF, 0xFF, 0xE8, 0xEC, 0xFF, 0xFF, 0xFF, 0xFF, 0xFF, 0xAB, 0x00, 0x04, 0xE2, 0xFF, 0xFF, 0xFF, 
0xFF, 0xFF, 0xFF, 0xFF, 0xFF, 0xFF, 0xFF, 0xFF, 0xAB, 0x00, 0x00, 0x49, 0xF5, 0xFF, 0xFF, 0xFF, 
0xFF, 0xFF, 0xFF, 0xFF, 0xFF, 0xFF, 0xFF, 0xAB, 0x00, 0x00, 0x00, 0x34, 0xD5, 0xFF, 0xFF, 0xFF, 
0xE3, 0x72, 0xFF, 0xFF, 0xFF, 0xFF, 0xAB, 0x00, 0x00, 0x00, 0x00, 0x00, 0x13, 0x46, 0x29, 0x00, 
0x3F, 0xFF, 0xFF, 0xFF, 0xFF, 0x9E, 0x00, 0x00, 0x00, 0x6C, 0x55, 0x00, 0x00, 0x00, 0x00, 0x84, 
0xFF, 0xFF, 0xFF, 0xFF, 0x83, 0x00, 0x00, 0x12, 0xF3, 0xFF, 0xBA, 0x72, 0x55, 0x8D, 0xFE, 0xFF, 
0xFF, 0xFF, 0xFF, 0x4A, 0x00, 0x00, 0x83, 0xFF, 0xFF, 0xFF, 0xFF, 0xFF, 0xFF, 0xFF, 0xFF, 0xFF, 
0xFF, 0xDF, 0x03, 0x00, 0x00, 0xD4, 0xFF, 0xFF, 0xFF, 0xFF, 0xFF, 0xFF, 0xFF, 0xFF, 0xFF, 0xD9, 
0x21, 0x00, 0x00, 0x00, 0x16, 0xAC, 0xFD, 0xFF, 0xFF, 0xFF, 0xFF, 0xFF, 0xFF, 0xC6, 0x13, 0x00, 
0x00, 0x00, 0x00, 0x00, 0x00, 0x19, 0x68, 0x8F, 0xA5, 0x80, 0x4F, 0x1E, 0x00, 0x00, 0x00, 0x00, 
0x3B, 0x5F, 0x5F, 0x5F, 0x5D, 0x04, 0x00, 0x00, 0x00, 0x00, 0x00, 0x00, 0x00, 0x00, 0xAB, 0xFF, 
0xFF, 0xFF, 0xFF, 0x13, 0x00, 0x00, 0x00, 0x00, 0x00, 0x00, 0x00, 0x00, 0xAB, 0xFF, 0xFF, 0xFF, 
0xFF, 0x13, 0x00, 0x00, 0x00, 0x00, 0x00, 0x00, 0x00, 0x00, 0xAB, 0xFF, 0xFF, 0xFF, 0xFF, 0x13, 
0x00, 0x00, 0x00, 0x00, 0x00, 0x00, 0x00, 0x00, 0xAB, 0xFF, 0xFF, 0xFF, 0xFF, 0x13, 0x00, 0x00, 
0x00, 0x00, 0x00, 0x00, 0x00, 0x00, 0xAB, 0xFF, 0xFF, 0xFF, 0xFF, 0x13, 0x00, 0x00, 0x00, 0x00, 
0x00, 0x00, 0x00, 0x00, 0xAB, 0xFF, 0xFF, 0xFF, 0xFF, 0x13, 0x00, 0x00, 0x00, 0x00, 0x00, 0x00, 
0x00, 0x00, 0xAB, 0xFF, 0xFF, 0xFF, 0xFF, 0x13, 0x1C, 0x61, 0x91, 0x6D, 0x30, 0x00, 0x00, 0x00, 
0xAB, 0xFF, 0xFF, 0xFF, 0xFF, 0x84, 0xFF, 0xFF, 0xFF, 0xFF, 0xFD, 0x83, 0x02, 0x00, 0xAB, 0xFF, 
0xFF, 0xFF, 0xFF, 0xFF, 0xFF, 0xFF, 0xFF, 0xFF, 0xFF, 0xFF, 0x55, 0x00, 0xAB, 0xFF, 0xFF, 0xFF, 
0xFF, 0xFF, 0xFF, 0xFF, 0xFF, 0xFF, 0xFF, 0xFF, 0xCF, 0x00, 0xAB, 0xFF, 0xFF, 0xFF, 0xFF, 0xFF, 
0x9A, 0xB0, 0xFF, 0xFF, 0xFF, 0xFF, 0xFF, 0x14, 0xAB, 0xFF, 0xFF, 0xFF, 0xFF, 0x51, 0x00, 0x00, 
0xBB, 0xFF, 0xFF, 0xFF, 0xFF, 0x31, 0xAB, 0xFF, 0xFF, 0xFF, 0xFF, 0x13, 0x00, 0x00, 0x81, 0xFF, 
0xFF, 0xFF, 0xFF, 0x4D, 0xAB, 0xFF, 0xFF, 0xFF, 0xFF, 0x13, 0x00, 0x00, 0x68, 0xFF, 0xFF, 0xFF, 
0xFF, 0x5A, 0xAB, 0xFF, 0xFF, 0xFF, 0xFF, 0x13, 0x00, 0x00, 0x66, 0xFF, 0xFF, 0xFF, 0xFF, 0x5A, 
0xAB, 0xFF, 0xFF, 0xFF, 0xFF, 0x13, 0x00, 0x00, 0x66, 0xFF, 0xFF, 0xFF, 0xFF, 0x5A, 0xAB, 0xFF, 
0xFF, 0xFF, 0xFF, 0x13, 0x00, 0x00, 0x66, 0xFF, 0xFF, 0xFF, 0xFF, 0x5A, 0xAB, 0xFF, 0xFF, 0xFF, 
0xFF, 0x13, 0x00, 0x00, 0x66, 0xFF, 0xFF, 0xFF, 0xFF, 0x5A, 0xAB, 0xFF, 0xFF, 0xFF, 0xFF, 0x13, 
0x00, 0x00, 0x66, 0xFF, 0xFF, 0xFF, 0xFF, 0x5A, 0xAB, 0xFF, 0xFF, 0xFF, 0xFF, 0x13, 0x00, 0x00, 
0x66, 0xFF, 0xFF, 0xFF, 0xFF, 0x5A, 0xAB, 0xFF, 0xFF, 0xFF, 0xFF, 0x13, 0x00, 0x00, 0x66, 0xFF, 
0xFF, 0xFF, 0xFF, 0x5A, 0xAB, 0xFF, 0xFF, 0xFF, 0xFF, 0x13, 0x00, 0x00, 0x66, 0xFF, 0xFF, 0xFF, 
0xFF, 0x5A, 0xAB, 0xFF, 0xFF, 0xFF, 0xFF, 0x13, 0x00, 0x00, 0x66, 0xFF, 0xFF, 0xFF, 0xFF, 0x5A, 
0xA6, 0xFF, 0xFF, 0xFF, 0xFE, 0x10, 0x00, 0x00, 0x62, 0xFF, 0xFF, 0xFF, 0xFF, 0x56, 0x00, 0x7C, 
0xDD, 0xE1, 0x81, 0x02, 0x3D, 0xFF, 0xFF, 0xFF, 0xFF, 0x45, 0x7D, 0xFF, 0xFF, 0xFF, 0xFF, 0x8D, 
0x41, 0xFF, 0xFF, 0xFF, 0xFF, 0x49, 0x01, 0x87, 0xE6, 0xEA, 0x8D, 0x03, 0x00, 0x00, 0x02, 0x03, 
0x00, 0x00, 0x15, 0x47, 0x47, 0x47, 0x47, 0x18, 0x5B, 0xFF, 0xFF, 0xFF, 0xFF, 0x66, 0x5B, 0xFF, 
0xFF, 0xFF, 0xFF, 0x66, 0x5B, 0xFF, 0xFF, 0xFF, 0xFF, 0x66, 0x5B, 0xFF, 0xFF, 0xFF, 0xFF, 0x66, 
0x5B, 0xFF, 0xFF, 0xFF, 0xFF, 0x66, 0x5B, 0xFF, 0xFF, 0xFF, 0xFF, 0x66, 0x5B, 0xFF, 0xFF, 0xFF, 
0xFF, 0x66, 0x5B, 0xFF, 0xFF, 0xFF, 0xFF, 0x66, 0x5B, 0xFF, 0xFF, 0xFF, 0xFF, 0x66, 0x5B, 0xFF, 
0xFF, 0xFF, 0xFF, 0x66, 0x5B, 0xFF, 0xFF, 0xFF, 0xFF, 0x66, 0x5B, 0xFF, 0xFF, 0xFF, 0xFF, 0x66, 
0x5B, 0xFF, 0xFF, 0xFF, 0xFF, 0x66, 0x5B, 0xFF, 0xFF, 0xFF, 0xFF, 0x66, 0x5B, 0xFF, 0xFF, 0xFF, 
0xFF, 0x66, 0x5B, 0xFF, 0xFF, 0xFF, 0xFF, 0x66, 0x57, 0xFF, 0xFF, 0xFF, 0xFF, 0x62, 0x00, 0x00, 
0x00, 0x05, 0x87, 0xE4, 0xD9, 0x75, 0x00, 0x00, 0x00, 0x00, 0x52, 0xFF, 0xFF, 0xFF, 0xFF, 0x31, 
0x00, 0x00, 0x00, 0x93, 0xFF, 0xFF, 0xFF, 0xFF, 0x7B, 0x00, 0x00, 0x00, 0x57, 0xFF, 0xFF, 0xFF, 
0xFF, 0x35, 0x00, 0x00, 0x00, 0x07, 0x92, 0xED, 0xE3, 0x80, 0x00, 0x00, 0x00, 0x00, 0x00, 0x00, 
0x03, 0x02, 0x00, 0x00, 0x00, 0x00, 0x00, 0x14, 0x47, 0x47, 0x47, 0x47, 0x19, 0x00, 0x00, 0x00, 
0x59, 0xFF, 0xFF, 0xFF, 0xFF, 0x6C, 0x00, 0x00, 0x00, 0x59, 0xFF, 0xFF, 0xFF, 0xFF, 0x6C, 0x00, 
0x00, 0x00, 0x59, 0xFF, 0xFF, 0xFF, 0xFF, 0x6C, 0x00, 0x00, 0x00, 0x59, 0xFF, 0xFF, 0xFF, 0xFF, 
0x6C, 0x00, 0x00, 0x00, 0x59, 0xFF, 0xFF, 0xFF, 0xFF, 0x6C, 0x00, 0x00, 0x00, 0x59, 0xFF, 0xFF, 
0xFF, 0xFF, 0x6C, 0x00, 0x00, 0x00, 0x59, 0xFF, 0xFF, 0xFF, 0xFF, 0x6C, 0x00, 0x00, 0x00, 0x59, 
0xFF, 0xFF, 0xFF, 0xFF, 0x6C, 0x00, 0x00, 0x00, 0x59, 0xFF, 0xFF, 0xFF, 0xFF, 0x6C, 0x00, 0x00, 
0x00, 0x59, 0xFF, 0xFF, 0xFF, 0xFF, 0x6C, 0x00, 0x00, 0x00, 0x59, 0xFF, 0xFF, 0xFF, 0xFF, 0x6C, 
0x00, 0x00, 0x00, 0x59, 0xFF, 0xFF, 0xFF, 0xFF, 0x6C, 0x00, 0x00, 0x00, 0x59, 0xFF, 0xFF, 0xFF, 
0xFF, 0x6C, 0x00, 0x00, 0x00, 0x59, 0xFF, 0xFF, 0xFF, 0xFF, 0x6C, 0x00, 0x00, 0x00, 0x59, 0xFF, 
0xFF, 0xFF, 0xFF, 0x6C, 0x00, 0x00, 0x00, 0x59, 0xFF, 0xFF, 0xFF, 0xFF, 0x6C, 0x00, 0x00, 0x00, 
0x59, 0xFF, 0xFF, 0xFF, 0xFF, 0x6C, 0x00, 0x00, 0x00, 0x5D, 0xFF, 0xFF, 0xFF, 0xFF, 0x6C, 0x00, 
0x00, 0x00, 0x7C, 0xFF, 0xFF, 0xFF, 0xFF, 0x52, 0x01, 0x55, 0x58, 0xE9, 0xFF, 0xFF, 0xFF, 0xFF, 
0x22, 0x05, 0xFF, 0xFF, 0xFF, 0xFF, 0xFF, 0xFF, 0xF1, 0x01, 0x05, 0xFF, 0xFF, 0xFF, 0xFF, 0xFF, 
0xFF, 0x85, 0x00, 0x05, 0xFF, 0xFF, 0xFF, 0xFF, 0xFF, 0xA8, 0x01, 0x00, 0x03, 0xAA, 0xCC, 0xC7, 
0x8C, 0x4C, 0x06, 0x00, 0x00, 0x32, 0x61, 0x61, 0x61, 0x61, 0x0E, 0x00, 0x00, 0x00, 0x00, 0x00, 
0x00, 0x00, 0x00, 0x00, 0x8F, 0xFF, 0xFF, 0xFF, 0xFF, 0x30, 0x00, 0x00, 0x00, 0x00, 0x00, 0x00, 
0x00, 0x00, 0x00, 0x8F, 0xFF, 0xFF, 0xFF, 0xFF, 0x30, 0x00, 0x00, 0x00, 0x00, 0x00, 0x00, 0x00, 
0x00, 0x00, 0x8F, 0xFF, 0xFF, 0xFF, 0xFF, 0x30, 0x00, 0x00, 0x00, 0x00, 0x00, 0x00, 0x00, 0x00, 
0x00, 0x8F, 0xFF, 0xFF, 0xFF, 0xFF, 0x30, 0x00, 0x00, 0x00, 0x00, 0x00, 0x00, 0x00, 0x00, 0x00, 
0x8F, 0xFF, 0xFF, 0xFF, 0xFF, 0x30, 0x00, 0x00, 0x00, 0x00, 0x00, 0x00, 0x00, 0x00, 0x00, 0x8F, 
0xFF, 0xFF, 0xFF, 0xFF, 0x30, 0x00, 0x00, 0x00, 0x00, 0x00, 0x00, 0x00, 0x00, 0x00, 0x8F, 0xFF, 
0xFF, 0xFF, 0xFF, 0x30, 0x00, 0x00, 0x2A, 0x47, 0x47, 0x47, 0x47, 0x44, 0x00, 0x8F, 0xFF, 0xFF, 
0xFF, 0xFF, 0x30, 0x00, 0x12, 0xEB, 0xFF, 0xFF, 0xFF, 0xFF, 0xC6, 0x02, 0x8F, 0xFF, 0xFF, 0xFF, 
0xFF, 0x30, 0x00, 0x9B, 0xFF, 0xFF, 0xFF, 0xFF, 0xF2, 0x22, 0x00, 0x8F, 0xFF, 0xFF, 0xFF, 0xFF, 
0x30, 0x39, 0xFE, 0xFF, 0xFF, 0xFF, 0xFF, 0x5F, 0x00, 0x00, 0x8F, 0xFF, 0xFF, 0xFF, 0xFF, 0x33, 
0xD0, 0xFF, 0xFF, 0xFF, 0xFF, 0xA9, 0x00, 0x00, 0x00, 0x8F, 0xFF, 0xFF, 0xFF, 0xFF, 0xA0, 0xFF, 
0xFF, 0xFF, 0xFF, 0xE3, 0x11, 0x00, 0x00, 0x00, 0x8F, 0xFF, 0xFF, 0xFF, 0xFF, 0xFF, 0xFF, 0xFF, 
0xFF, 0xFD, 0x40, 0x00, 0x00, 0x00, 0x00, 0x8F, 0xFF, 0xFF, 0xFF, 0xFF, 0xFF, 0xFF, 0xFF, 0xFF, 
0xA2, 0x00, 0x00, 0x00, 0x00, 0x00, 0x8F, 0xFF, 0xFF, 0xFF, 0xFF, 0xFF, 0xFF, 0xFF, 0xFF, 0x9E, 
0x00, 0x00, 0x00, 0x00, 0x00, 0x8F, 0xFF, 0xFF, 0xFF, 0xFF, 0xFF, 0xFF, 0xFF, 0xFF, 0xFB, 0x27, 
0x00, 0x00, 0x00, 0x00, 0x8F, 0xFF, 0xFF, 0xFF, 0xFF, 0xFF, 0xFF, 0xFF, 0xFF, 0xFF, 0xAD, 0x00, 
0x00, 0x00, 0x00, 0x8F, 0xFF, 0xFF, 0xFF, 0xFF, 0xFF, 0xFF, 0xFF, 0xFF, 0xFF, 0xFF, 0x38, 0x00, 
0x00, 0x00, 0x8F, 0xFF, 0xFF, 0xFF, 0xFF, 0xA2, 0x77, 0xFF, 0xFF, 0xFF, 0xFF, 0xC1, 0x00, 0x00, 
0x00, 0x8F, 0xFF, 0xFF, 0xFF, 0xFF, 0x30, 0x0E, 0xEF, 0xFF, 0xFF, 0xFF, 0xFF, 0x4C, 0x00, 0x00, 
0x8F, 0xFF, 0xFF, 0xFF, 0xFF, 0x30, 0x00, 0x84, 0xFF, 0xFF, 0xFF, 0xFF, 0xD3, 0x02, 0x00, 0x8F, 
0xFF, 0xFF, 0xFF, 0xFF, 0x30, 0x00, 0x15, 0xF5, 0xFF, 0xFF, 0xFF, 0xFF, 0x60, 0x00, 0x8F, 0xFF, 
0xFF, 0xFF, 0xFF, 0x30, 0x00, 0x00, 0x91, 0xFF, 0xFF, 0xFF, 0xFF, 0xE2, 0x08, 0x8B, 0xFF, 0xFF, 
0xFF, 0xFF, 0x2B, 0x00, 0x00, 0x1D, 0xFA, 0xFF, 0xFF, 0xFF, 0xFF, 0x62, 0x1D, 0x5F, 0x5F, 0x5F, 
0x5F, 0x21, 0x5B, 0xFF, 0xFF, 0xFF, 0xFF, 0x66, 0x5B, 0xFF, 0xFF, 0xFF, 0xFF, 0x66, 0x5B, 0xFF, 
0xFF, 0xFF, 0xFF, 0x66, 0x5B, 0xFF, 0xFF, 0xFF, 0xFF, 0x66, 0x5B, 0xFF, 0xFF, 0xFF, 0xFF, 0x66, 
0x5B, 0xFF, 0xFF, 0xFF, 0xFF, 0x66, 0x5B, 0xFF, 0xFF, 0xFF, 0xFF, 0x66, 0x5B, 0xFF, 0xFF, 0xFF, 
0xFF, 0x66, 0x5B, 0xFF, 0xFF, 0xFF, 0xFF, 0x66, 0x5B, 0xFF, 0xFF, 0xFF, 0xFF, 0x66, 0x5B, 0xFF, 
0xFF, 0xFF, 0xFF, 0x66, 0x5B, 0xFF, 0xFF, 0xFF, 0xFF, 0x66, 0x5B, 0xFF, 0xFF, 0xFF, 0xFF, 0x66, 
0x5B, 0xFF, 0xFF, 0xFF, 0xFF, 0x66, 0x5B, 0xFF, 0xFF, 0xFF, 0xFF, 0x66, 0x5B, 0xFF, 0xFF, 0xFF, 
0xFF, 0x66, 0x5B, 0xFF, 0xFF, 0xFF, 0xFF, 0x66, 0x5B, 0xFF, 0xFF, 0xFF, 0xFF, 0x66, 0x5B, 0xFF, 
0xFF, 0xFF, 0xFF, 0x66, 0x5B, 0xFF, 0xFF, 0xFF, 0xFF, 0x66, 0x5B, 0xFF, 0xFF, 0xFF, 0xFF, 0x66, 
0x5B, 0xFF, 0xFF, 0xFF, 0xFF, 0x66, 0x5B, 0xFF, 0xFF, 0xFF, 0xFF, 0x66, 0x57, 0xFF, 0xFF, 0xFF, 
0xFF, 0x62, 0x22, 0x47, 0x47, 0x47, 0x43, 0x00, 0x14, 0x51, 0x8B, 0x7C, 0x42, 0x00, 0x00, 0x00, 
0x20, 0x61, 0x91, 0x71, 0x37, 0x00, 0x00, 0x00, 0x8A, 0xFF, 0xFF, 0xFF, 0xFD, 0x62, 0xFD, 0xFF, 
0xFF, 0xFF, 0xFF, 0x9F, 0x05, 0x92, 0xFF, 0xFF, 0xFF, 0xFF, 0xFF, 0x8B, 0x02, 0x00, 0x8A, 0xFF, 
0xFF, 0xFF, 0xFF, 0xFF, 0xFF, 0xFF, 0xFF, 0xFF, 0xFF, 0xFF, 0xF2, 0xFF, 0xFF, 0xFF, 0xFF, 0xFF, 
0xFF, 0xFF, 0x51, 0x00, 0x8A, 0xFF, 0xFF, 0xFF, 0xFF, 0xFF, 0xFF, 0xFF, 0xFF, 0xFF, 0xFF, 0xFF, 
0xFF, 0xFF, 0xFF, 0xFF, 0xFF, 0xFF, 0xFF, 0xFF, 0xC7, 0x00, 0x8A, 0xFF, 0xFF, 0xFF, 0xFF, 0xFF, 
0x9F, 0xB2, 0xFF, 0xFF, 0xFF, 0xFF, 0xFF, 0xFF, 0xA2, 0xAD, 0xFF, 0xFF, 0xFF, 0xFF, 0xFE, 0x05, 
0x8A, 0xFF, 0xFF, 0xFF, 0xFF, 0x9C, 0x00, 0x01, 0xCB, 0xFF, 0xFF, 0xFF, 0xFF, 0xA6, 0x00, 0x00, 
0xC7, 0xFF, 0xFF, 0xFF, 0xFF, 0x1E, 0x8A, 0xFF, 0xFF, 0xFF, 0xFF, 0x3D, 0x00, 0x00, 0x98, 0xFF, 
0xFF, 0xFF, 0xFF, 0x54, 0x00, 0x00, 0x95, 0xFF, 0xFF, 0xFF, 0xFF, 0x3A, 0x8A, 0xFF, 0xFF, 0xFF, 
0xFF, 0x39, 0x00, 0x00, 0x81, 0xFF, 0xFF, 0xFF, 0xFF, 0x3A, 0x00, 0x00, 0x7F, 0xFF, 0xFF, 0xFF, 
0xFF, 0x44, 0x8A, 0xFF, 0xFF, 0xFF, 0xFF, 0x39, 0x00, 0x00, 0x80, 0xFF, 0xFF, 0xFF, 0xFF, 0x3A, 
0x00, 0x00, 0x7E, 0xFF, 0xFF, 0xFF, 0xFF, 0x44, 0x8A, 0xFF, 0xFF, 0xFF, 0xFF, 0x39, 0x00, 0x00, 
0x80, 0xFF, 0xFF, 0xFF, 0xFF, 0x3A, 0x00, 0x00, 0x7E, 0xFF, 0xFF, 0xFF, 0xFF, 0x44, 0x8A, 0xFF, 
0xFF, 0xFF, 0xFF, 0x39, 0x00, 0x00, 0x80, 0xFF, 0xFF, 0xFF, 0xFF, 0x3A, 0x00, 0x00, 0x7E, 0xFF, 
0xFF, 0xFF, 0xFF, 0x44, 0x8A, 0xFF, 0xFF, 0xFF, 0xFF, 0x39, 0x00, 0x00, 0x80, 0xFF, 0xFF, 0xFF, 
0xFF, 0x3A, 0x00, 0x00, 0x7E, 0xFF, 0xFF, 0xFF, 0xFF, 0x44, 0x8A, 0xFF, 0xFF, 0xFF, 0xFF, 0x39, 
0x00, 0x00, 0x80, 0xFF, 0xFF, 0xFF, 0xFF, 0x3A, 0x00, 0x00, 0x7E, 0xFF, 0xFF, 0xFF, 0xFF, 0x44, 
0x8A, 0xFF, 0xFF, 0xFF, 0xFF, 0x39, 0x00, 0x00, 0x80, 0xFF, 0xFF, 0xFF, 0xFF, 0x3A, 0x00, 0x00, 
0x7E, 0xFF, 0xFF, 0xFF, 0xFF, 0x44, 0x8A, 0xFF, 0xFF, 0xFF, 0xFF, 0x39, 0x00, 0x00, 0x80, 0xFF, 
0xFF, 0xFF, 0xFF, 0x3A, 0x00, 0x00, 0x7E, 0xFF, 0xFF, 0xFF, 0xFF, 0x44, 0x8A, 0xFF, 0xFF, 0xFF, 
0xFF, 0x39, 0x00, 0x00, 0x80, 0xFF, 0xFF, 0xFF, 0xFF, 0x3A, 0x00, 0x00, 0x7E, 0xFF, 0xFF, 0xFF, 
0xFF, 0x44, 0x8A, 0xFF, 0xFF, 0xFF, 0xFF, 0x39, 0x00, 0x00, 0x80, 0xFF, 0xFF, 0xFF, 0xFF, 0x3A, 
0x00, 0x00, 0x7E, 0xFF, 0xFF, 0xFF, 0xFF, 0x44, 0x86, 0xFF, 0xFF, 0xFF, 0xFF, 0x35, 0x00, 0x00, 
0x7C, 0xFF, 0xFF, 0xFF, 0xFF, 0x35, 0x00, 0x00, 0x7A, 0xFF, 0xFF, 0xFF, 0xFF, 0x3F, 0x2A, 0x47, 
0x47, 0x47, 0x3A, 0x00, 0x18, 0x57, 0x8E, 0x79, 0x42, 0x00, 0x00, 0x00, 0xA8, 0xFF, 0xFF, 0xFF, 
0xE0, 0x62, 0xFC, 0xFF, 0xFF, 0xFF, 0xFF, 0x9F, 0x06, 0x00, 0xA8, 0xFF, 0xFF, 0xFF, 0xFF, 0xFF, 
0xFF, 0xFF, 0xFF, 0xFF, 0xFF, 0xFF, 0x69, 0x00, 0xA8, 0xFF, 0xFF, 0xFF, 0xFF, 0xFF, 0xFF, 0xFF, 
0xFF, 0xFF, 0xFF, 0xFF, 0xDC, 0x01, 0xA8, 0xFF, 0xFF, 0xFF, 0xFF, 0xFF, 0x9C, 0xAC, 0xFF, 0xFF, 
0xFF, 0xFF, 0xFF, 0x19, 0xA8, 0xFF, 0xFF, 0xFF, 0xFF, 0x68, 0x00, 0x00, 0xB7, 0xFF, 0xFF, 0xFF, 
0xFF, 0x34, 0xA8, 0xFF, 0xFF, 0xFF, 0xFF, 0x1A, 0x00, 0x00, 0x7F, 0xFF, 0xFF, 0xFF, 0xFF, 0x50, 
0xA8, 0xFF, 0xFF, 0xFF, 0xFF, 0x1A, 0x00, 0x00, 0x67, 0xFF, 0xFF, 0xFF, 0xFF, 0x5A, 0xA8, 0xFF, 
0xFF, 0xFF, 0xFF, 0x1A, 0x00, 0x00, 0x66, 0xFF, 0xFF, 0xFF, 0xFF, 0x5A, 0xA8, 0xFF, 0xFF, 0xFF, 
0xFF, 0x1A, 0x00, 0x00, 0x66, 0xFF, 0xFF, 0xFF, 0xFF, 0x5A, 0xA8, 0xFF, 0xFF, 0xFF, 0xFF, 0x1A, 
0x00, 0x00, 0x66, 0xFF, 0xFF, 0xFF, 0xFF, 0x5A, 0xA8, 0xFF, 0xFF, 0xFF, 0xFF, 0x1A, 0x00, 0x00, 
0x66, 0xFF, 0xFF, 0xFF, 0xFF, 0x5A, 0xA8, 0xFF, 0xFF, 0xFF, 0xFF, 0x1A, 0x00, 0x00, 0x66, 0xFF, 
0xFF, 0xFF, 0xFF, 0x5A, 0xA8, 0xFF, 0xFF, 0xFF, 0xFF, 0x1A, 0x00, 0x00, 0x66, 0xFF, 0xFF, 0xFF, 
0xFF, 0x5A, 0xA8, 0xFF, 0xFF, 0xFF, 0xFF, 0x1A, 0x00, 0x00, 0x66, 0xFF, 0xFF, 0xFF, 0xFF, 0x5A, 
0xA8, 0xFF, 0xFF, 0xFF, 0xFF, 0x1A, 0x00, 0x00, 0x66, 0xFF, 0xFF, 0xFF, 0xFF, 0x5A, 0xA8, 0xFF, 
0xFF, 0xFF, 0xFF, 0x1A, 0x00, 0x00, 0x66, 0xFF, 0xFF, 0xFF, 0xFF, 0x5A, 0xA4, 0xFF, 0xFF, 0xFF, 
0xFF, 0x16, 0x00, 0x00, 0x62, 0xFF, 0xFF, 0xFF, 0xFF, 0x56, 0x00, 0x00, 0x00, 0x00, 0x01, 0x28, 
0x59, 0x89, 0x84, 0x54, 0x23, 0x00, 0x00, 0x00, 0x00, 0x00, 0x00, 0x00, 0x17, 0xB9, 0xFF, 0xFF, 
0xFF, 0xFF, 0xFF, 0xFF, 0xA8, 0x0F, 0x00, 0x00, 0x00, 0x00, 0x2E, 0xE8, 0xFF, 0xFF, 0xFF, 0xFF, 
0xFF, 0xFF, 0xFF, 0xFF, 0xDE, 0x1F, 0x00, 0x00, 0x00, 0xBC, 0xFF, 0xFF, 0xFF, 0xFF, 0xFF, 0xFF, 
0xFF, 0xFF, 0xFF, 0xFF, 0xA4, 0x00, 0x00, 0x45, 0xFF, 0xFF, 0xFF, 0xFF, 0xFC, 0x9C, 0xA5, 0xFF, 
0xFF, 0xFF, 0xFF, 0xFE, 0x2F, 0x00, 0xA4, 0xFF, 0xFF, 0xFF, 0xFF, 0x71, 0x00, 0x00, 0x89, 0xFF, 
0xFF, 0xFF, 0xFF, 0x8D, 0x00, 0xC7, 0xFF, 0xFF, 0xFF, 0xF7, 0x0C, 0x00, 0x00, 0x1D, 0xFE, 0xFF, 
0xFF, 0xFF, 0xB0, 0x00, 0xEA, 0xFF, 0xFF, 0xFF, 0xCF, 0x00, 0x00, 0x00, 0x00, 0xE6, 0xFF, 0xFF, 
0xFF, 0xD2, 0x0B, 0xFF, 0xFF, 0xFF, 0xFF, 0xBF, 0x00, 0x00, 0x00, 0x00, 0xD1, 0xFF, 0xFF, 0xFF, 
0xF3, 0x10, 0xFE, 0xFF, 0xFF, 0xFF, 0xB2, 0x00, 0x00, 0x00, 0x00, 0xC7, 0xFF, 0xFF, 0xFF, 0xF9, 
0x05, 0xFD, 0xFF, 0xFF, 0xFF, 0xC0, 0x00, 0x00, 0x00, 0x00, 0xD5, 0xFF, 0xFF, 0xFF, 0xEC, 0x00, 
0xE1, 0xFF, 0xFF, 0xFF, 0xD6, 0x00, 0x00, 0x00, 0x00, 0xE9, 0xFF, 0xFF, 0xFF, 0xC9, 0x00, 0xBE, 
0xFF, 0xFF, 0xFF, 0xFE, 0x1A, 0x00, 0x00, 0x28, 0xFF, 0xFF, 0xFF, 0xFF, 0xA6, 0x00, 0x94, 0xFF, 
0xFF, 0xFF, 0xFF, 0x9E, 0x00, 0x02, 0xA9, 0xFF, 0xFF, 0xFF, 0xFF, 0x7C, 0x00, 0x24, 0xFA, 0xFF, 
0xFF, 0xFF, 0xFF, 0xDF, 0xE2, 0xFF, 0xFF, 0xFF, 0xFF, 0xF2, 0x15, 0x00, 0x00, 0x95, 0xFF, 0xFF, 
0xFF, 0xFF, 0xFF, 0xFF, 0xFF, 0xFF, 0xFF, 0xFF, 0x7F, 0x00, 0x00, 0x00, 0x11, 0xB6, 0xFF, 0xFF, 
0xFF, 0xFF, 0xFF, 0xFF, 0xFF, 0xFF, 0xA8, 0x0A, 0x00, 0x00, 0x00, 0x00, 0x01, 0x71, 0xE1, 0xFF, 
0xFF, 0xFF, 0xFF, 0xDE, 0x63, 0x00, 0x00, 0x00, 0x00, 0x00, 0x00, 0x00, 0x00, 0x00, 0x12, 0x41, 
0x3E, 0x0F, 0x00, 0x00, 0x00, 0x00, 0x00, 0x22, 0x47, 0x47, 0x47, 0x3E, 0x00, 0x27, 0x6B, 0x8F, 
0x61, 0x2A, 0x00, 0x00, 0x00, 0x8D, 0xFF, 0xFF, 0xFF, 0xEF, 0x84, 0xFF, 0xFF, 0xFF, 0xFF, 0xFF, 
0x8D, 0x01, 0x00, 0x8D, 0xFF, 0xFF, 0xFF, 0xFF, 0xFF, 0xFF, 0xFF, 0xFF, 0xFF, 0xFF, 0xFF, 0x91, 
0x00, 0x8D, 0xFF, 0xFF, 0xFF, 0xFF, 0xFF, 0xFF, 0xFF, 0xFF, 0xFF, 0xFF, 0xFF, 0xF7, 0x11, 0x8D, 
0xFF, 0xFF, 0xFF, 0xFF, 0xFF, 0x9A, 0x98, 0xF8, 0xFF, 0xFF, 0xFF, 0xFF, 0x6F, 0x8D, 0xFF, 0xFF, 
0xFF, 0xFF, 0x83, 0x00, 0x00, 0x64, 0xFF, 0xFF, 0xFF, 0xFF, 0xAC, 0x8D, 0xFF, 0xFF, 0xFF, 0xFF, 
0x30, 0x00, 0x00, 0x0D, 0xFA, 0xFF, 0xFF, 0xFF, 0xC4, 0x8D, 0xFF, 0xFF, 0xFF, 0xFF, 0x2E, 0x00, 
0x00, 0x00, 0xE0, 0xFF, 0xFF, 0xFF, 0xDC, 0x8D, 0xFF, 0xFF, 0xFF, 0xFF, 0x2E, 0x00, 0x00, 0x00, 
0xD0, 0xFF, 0xFF, 0xFF, 0xEE, 0x8D, 0xFF, 0xFF, 0xFF, 0xFF, 0x2E, 0x00, 0x00, 0x00, 0xCE, 0xFF, 
0xFF, 0xFF, 0xF6, 0x8D, 0xFF, 0xFF, 0xFF, 0xFF, 0x2E, 0x00, 0x00, 0x00, 0xD4, 0xFF, 0xFF, 0xFF, 
0xEC, 0x8D, 0xFF, 0xFF, 0xFF, 0xFF, 0x2E, 0x00, 0x00, 0x00, 0xE5, 0xFF, 0xFF, 0xFF, 0xD3, 0x8D, 
0xFF, 0xFF, 0xFF, 0xFF, 0x38, 0x00, 0x00, 0x1C, 0xFF, 0xFF, 0xFF, 0xFF, 0xBA, 0x8D, 0xFF, 0xFF, 
0xFF, 0xFF, 0xBC, 0x02, 0x00, 0x95, 0xFF, 0xFF, 0xFF, 0xFF, 0x9B, 0x8D, 0xFF, 0xFF, 0xFF, 0xFF, 
0xFF, 0xEA, 0xDE, 0xFF, 0xFF, 0xFF, 0xFF, 0xFF, 0x44, 0x8D, 0xFF, 0xFF, 0xFF, 0xFF, 0xFF, 0xFF, 
0xFF, 0xFF, 0xFF, 0xFF, 0xFF, 0xDD, 0x01, 0x8D, 0xFF, 0xFF, 0xFF, 0xFF, 0xFF, 0xFF, 0xFF, 0xFF, 
0xFF, 0xFF, 0xF7, 0x49, 0x00, 0x8D, 0xFF, 0xFF, 0xFF, 0xFF, 0x6E, 0xDA, 0xFF, 0xFF, 0xFF, 0xDD, 
0x3F, 0x00, 0x00, 0x8D, 0xFF, 0xFF, 0xFF, 0xFF, 0x2E, 0x00, 0x21, 0x48, 0x17, 0x00, 0x00, 0x00, 
0x00, 0x8D, 0xFF, 0xFF, 0xFF, 0xFF, 0x2E, 0x00, 0x00, 0x00, 0x00, 0x00, 0x00, 0x00, 0x00, 0x8D, 
0xFF, 0xFF, 0xFF, 0xFF, 0x2E, 0x00, 0x00, 0x00, 0x00, 0x00, 0x00, 0x00, 0x00, 0x8D, 0xFF, 0xFF, 
0xFF, 0xFF, 0x2E, 0x00, 0x00, 0x00, 0x00, 0x00, 0x00, 0x00, 0x00, 0x8D, 0xFF, 0xFF, 0xFF, 0xFF, 
0x2E, 0x00, 0x00, 0x00, 0x00, 0x00, 0x00, 0x00, 0x00, 0x8D, 0xFF, 0xFF, 0xFF, 0xFF, 0x2E, 0x00, 
0x00, 0x00, 0x00, 0x00, 0x00, 0x00, 0x00, 0x42, 0x7F, 0x7F, 0x7F, 0x7F, 0x13, 0x00, 0x00, 0x00, 
0x00, 0x00, 0x00, 0x00, 0x00, 0x00, 0x00, 0x00, 0x02, 0x33, 0x68, 0x91, 0x61, 0x1C, 0x00, 0x3C, 
0x47, 0x47, 0x47, 0x17, 0x00, 0x00, 0x08, 0xAB, 0xFF, 0xFF, 0xFF, 0xFF, 0xFE, 0x60, 0xF2, 0xFF, 
0xFF, 0xFF, 0x65, 0x00, 0x00, 0xB7, 0xFF, 0xFF, 0xFF, 0xFF, 0xFF, 0xFF, 0xFF, 0xFF, 0xFF, 0xFF, 
0xFF, 0x65, 0x00, 0x30, 0xFF, 0xFF, 0xFF, 0xFF, 0xFF, 0xFF, 0xFF, 0xFF, 0xFF, 0xFF, 0xFF, 0xFF, 
0x65, 0x00, 0x97, 0xFF, 0xFF, 0xFF, 0xFF, 0xEA, 0x8E, 0xA3, 0xFF, 0xFF, 0xFF, 0xFF, 0xFF, 0x65, 
0x00, 0xD7, 0xFF, 0xFF, 0xFF, 0xFF, 0x38, 0x00, 0x00, 0xDA, 0xFF, 0xFF, 0xFF, 0xFF, 0x65, 0x00, 
0xF0, 0xFF, 0xFF, 0xFF, 0xDA, 0x00, 0x00, 0x00, 0x6F, 0xFF, 0xFF, 0xFF, 0xFF, 0x65, 0x09, 0xFF, 
0xFF, 0xFF, 0xFF, 0xB2, 0x00, 0x00, 0x00, 0x60, 0xFF, 0xFF, 0xFF, 0xFF, 0x65, 0x20, 0xFF, 0xFF, 
0xFF, 0xFF, 0xA6, 0x00, 0x00, 0x00, 0x60, 0xFF, 0xFF, 0xFF, 0xFF, 0x65, 0x22, 0xFF, 0xFF, 0xFF, 
0xFF, 0x9B, 0x00, 0x00, 0x00, 0x60, 0xFF, 0xFF, 0xFF, 0xFF, 0x65, 0x19, 0xFF, 0xFF, 0xFF, 0xFF, 
0xA6, 0x00, 0x00, 0x00, 0x60, 0xFF, 0xFF, 0xFF, 0xFF, 0x65, 0x03, 0xFD, 0xFF, 0xFF, 0xFF, 0xB7, 
0x00, 0x00, 0x00, 0x60, 0xFF, 0xFF, 0xFF, 0xFF, 0x65, 0x00, 0xE7, 0xFF, 0xFF, 0xFF, 0xEB, 0x02, 
0x00, 0x00, 0x83, 0xFF, 0xFF, 0xFF, 0xFF, 0x65, 0x00, 0xC7, 0xFF, 0xFF, 0xFF, 0xFF, 0x66, 0x00, 
0x07, 0xFF, 0xFF, 0xFF, 0xFF, 0xFF, 0x65, 0x00, 0x6E, 0xFF, 0xFF, 0xFF, 0xFF, 0xFE, 0xD7, 0xF2, 
0xFF, 0xFF, 0xFF, 0xFF, 0xFF, 0x65, 0x00, 0x11, 0xF6, 0xFF, 0xFF, 0xFF, 0xFF, 0xFF, 0xFF, 0xFF, 
0xFF, 0xFF, 0xFF, 0xFF, 0x65, 0x00, 0x00, 0x6A, 0xFE, 0xFF, 0xFF, 0xFF, 0xFF, 0xFF, 0xFF, 0xFF, 
0xFF, 0xFF, 0xFF, 0x65, 0x00, 0x00, 0x00, 0x5B, 0xE5, 0xFF, 0xFF, 0xFF, 0xD0, 0x88, 0xFF, 0xFF, 
0xFF, 0xFF, 0x65, 0x00, 0x00, 0x00, 0x00, 0x00, 0x1F, 0x49, 0x19, 0x00, 0x60, 0xFF, 0xFF, 0xFF, 
0xFF, 0x65, 0x00, 0x00, 0x00, 0x00, 0x00, 0x00, 0x00, 0x00, 0x00, 0x60, 0xFF, 0xFF, 0xFF, 0xFF, 
0x65, 0x00, 0x00, 0x00, 0x00, 0x00, 0x00, 0x00, 0x00, 0x00, 0x60, 0xFF, 0xFF, 0xFF, 0xFF, 0x65, 
0x00, 0x00, 0x00, 0x00, 0x00, 0x00, 0x00, 0x00, 0x00, 0x60, 0xFF, 0xFF, 0xFF, 0xFF, 0x65, 0x00, 
0x00, 0x00, 0x00, 0x00, 0x00, 0x00, 0x00, 0x00, 0x60, 0xFF, 0xFF, 0xFF, 0xFF, 0x65, 0x00, 0x00, 
0x00, 0x00, 0x00, 0x00, 0x00, 0x00, 0x00, 0x60, 0xFF, 0xFF, 0xFF, 0xFF, 0x65, 0x00, 0x00, 0x00, 
0x00, 0x00, 0x00, 0x00, 0x00, 0x00, 0x2B, 0x7F, 0x7F, 0x7F, 0x7F, 0x2E, 0x23, 0x47, 0x47, 0x47, 
0x43, 0x00, 0x38, 0x88, 0x89, 0x09, 0x90, 0xFF, 0xFF, 0xFF, 0xFC, 0x7D, 0xFF, 0xFF, 0xFF, 0x28, 
0x90, 0xFF, 0xFF, 0xFF, 0xFF, 0xFF, 0xFF, 0xFF, 0xFF, 0x25, 0x90, 0xFF, 0xFF, 0xFF, 0xFF, 0xFF, 
0xFF, 0xFF, 0xFF, 0x22, 0x90, 0xFF, 0xFF, 0xFF, 0xFF, 0xFF, 0xFF, 0xFF, 0xFF, 0x1F, 0x90, 0xFF, 
0xFF, 0xFF, 0xFF, 0xFF, 0x78, 0x41, 0x4A, 0x09, 0x90, 0xFF, 0xFF, 0xFF, 0xFF, 0x93, 0x00, 0x00, 
0x00, 0x00, 0x90, 0xFF, 0xFF, 0xFF, 0xFF, 0x38, 0x00, 0x00, 0x00, 0x00, 0x90, 0xFF, 0xFF, 0xFF, 
0xFF, 0x2E, 0x00, 0x00, 0x00, 0x00, 0x90, 0xFF, 0xFF, 0xFF, 0xFF, 0x2E, 0x00, 0x00, 0x00, 0x00, 
0x90, 0xFF, 0xFF, 0xFF, 0xFF, 0x2E, 0x00, 0x00, 0x00, 0x00, 0x90, 0xFF, 0xFF, 0xFF, 0xFF, 0x2E, 
0x00, 0x00, 0x00, 0x00, 0x90, 0xFF, 0xFF, 0xFF, 0xFF, 0x2E, 0x00, 0x00, 0x00, 0x00, 0x90, 0xFF, 
0xFF, 0xFF, 0xFF, 0x2E, 0x00, 0x00, 0x00, 0x00, 0x90, 0xFF, 0xFF, 0xFF, 0xFF, 0x2E, 0x00, 0x00, 
0x00, 0x00, 0x90, 0xFF, 0xFF, 0xFF, 0xFF, 0x2E, 0x00, 0x00, 0x00, 0x00, 0x90, 0xFF, 0xFF, 0xFF, 
0xFF, 0x2E, 0x00, 0x00, 0x00, 0x00, 0x8B, 0xFF, 0xFF, 0xFF, 0xFF, 0x2A, 0x00, 0x00, 0x00, 0x00, 
0x00, 0x00, 0x00, 0x00, 0x1F, 0x56, 0x80, 0x8D, 0x5E, 0x2A, 0x02, 0x00, 0x00, 0x00, 0x00, 0x00, 
0x0B, 0x8A, 0xFA, 0xFF, 0xFF, 0xFF, 0xFF, 0xFF, 0xEA, 0x3B, 0x00, 0x00, 0x00, 0x00, 0xAB, 0xFF, 
0xFF, 0xFF, 0xFF, 0xFF, 0xFF, 0xFF, 0xFF, 0xF7, 0x53, 0x00, 0x00, 0x53, 0xFF, 0xFF, 0xFF, 0xFF, 
0xFF, 0xFF, 0xFF, 0xFF, 0xFF, 0xFF, 0xEC, 0x01, 0x00, 0x97, 0xFF, 0xFF, 0xFF, 0xFE, 0x6E, 0x3F, 
0xD0, 0xFF, 0xFF, 0xFF, 0xFF, 0x32, 0x00, 0xC3, 0xFF, 0xFF, 0xFF, 0xE4, 0x00, 0x00, 0x54, 0xFF, 
0xFF, 0xFF, 0xFF, 0x6D, 0x00, 0xAE, 0xFF, 0xFF, 0xFF, 0xFF, 0x94, 0x0D, 0x04, 0x11, 0x11, 0x11, 
0x11, 0x06, 0x00, 0x7B, 0xFF, 0xFF, 0xFF, 0xFF, 0xFF, 0xEF, 0x89, 0x18, 0x00, 0x00, 0x00, 0x00, 
0x00, 0x0C, 0xDF, 0xFF, 0xFF, 0xFF, 0xFF, 0xFF, 0xFF, 0xF7, 0x93, 0x1A, 0x00, 0x00, 0x00, 0x00, 
0x24, 0xCC, 0xFF, 0xFF, 0xFF, 0xFF, 0xFF, 0xFF, 0xFF, 0xE4, 0x22, 0x00, 0x00, 0x00, 0x00, 0x06, 
0x69, 0xDD, 0xFF, 0xFF, 0xFF, 0xFF, 0xFF, 0xFF, 0xDF, 0x09, 0x00, 0x00, 0x00, 0x00, 0x00, 0x03, 
0x5B, 0xD5, 0xFF, 0xFF, 0xFF, 0xFF, 0xFF, 0x3E, 0x1B, 0x9A, 0x9A, 0x9A, 0x9A, 0x35, 0x00, 0x04, 
0x98, 0xFF, 0xFF, 0xFF, 0xFF, 0x77, 0x10, 0xFC, 0xFF, 0xFF, 0xFF, 0x95, 0x00, 0x00, 0x3A, 0xFF, 
0xFF, 0xFF, 0xFF, 0x81, 0x00, 0xC7, 0xFF, 0xFF, 0xFF, 0xFF, 0xA6, 0x83, 0xD9, 0xFF, 0xFF, 0xFF, 
0xFF, 0x4E, 0x00, 0x61, 0xFF, 0xFF, 0xFF, 0xFF, 0xFF, 0xFF, 0xFF, 0xFF, 0xFF, 0xFF, 0xE6, 0x10, 
0x00, 0x00, 0x6E, 0xFF, 0xFF, 0xFF, 0xFF, 0xFF, 0xFF, 0xFF, 0xFF, 0xFA, 0x3D, 0x00, 0x00, 0x00, 
0x00, 0x5D, 0xD9, 0xFF, 0xFF, 0xFF, 0xFF, 0xFD, 0xA9, 0x25, 0x00, 0x00, 0x00, 0x00, 0x00, 0x00, 
0x00, 0x24, 0x40, 0x49, 0x28, 0x06, 0x00, 0x00, 0x00, 0x00, 0x00, 0x00, 0x5A, 0x73, 0x73, 0x73, 
0x64, 0x00, 0x00, 0x00, 0x00, 0x00, 0xD2, 0xFF, 0xFF, 0xFF, 0xE8, 0x00, 0x00, 0x00, 0x00, 0x00, 
0xD2, 0xFF, 0xFF, 0xFF, 0xE8, 0x00, 0x00, 0x00, 0x00, 0x00, 0xD2, 0xFF, 0xFF, 0xFF, 0xE8, 0x00, 
0x00, 0x00, 0x35, 0x47, 0xFF, 0xFF, 0xFF, 0xFF, 0xFF, 0x47, 0x47, 0x08, 0xD0, 0xFF, 0xFF, 0xFF, 
0xFF, 0xFF, 0xFF, 0xFF, 0xFF, 0x2F, 0xD0, 0xFF, 0xFF, 0xFF, 0xFF, 0xFF, 0xFF, 0xFF, 0xFF, 0x2F, 
0xD0, 0xFF, 0xFF, 0xFF, 0xFF, 0xFF, 0xFF, 0xFF, 0xFF, 0x2F, 0x4D, 0x64, 0xFF, 0xFF, 0xFF, 0xFF, 
0xFF, 0x64, 0x64, 0x0E, 0x00, 0x00, 0xD2, 0xFF, 0xFF, 0xFF, 0xE8, 0x00, 0x00, 0x00, 0x00, 0x00, 
0xD2, 0xFF, 0xFF, 0xFF, 0xE8, 0x00, 0x00, 0x00, 0x00, 0x00, 0xD2, 0xFF, 0xFF, 0xFF, 0xE8, 0x00, 
0x00, 0x00, 0x00, 0x00, 0xD2, 0xFF, 0xFF, 0xFF, 0xE8, 0x00, 0x00, 0x00, 0x00, 0x00, 0xD2, 0xFF, 
0xFF, 0xFF, 0xE8, 0x00, 0x00, 0x00, 0x00, 0x00, 0xD2, 0xFF, 0xFF, 0xFF, 0xE8, 0x00, 0x00, 0x00, 
0x00, 0x00, 0xD2, 0xFF, 0xFF, 0xFF, 0xE8, 0x00, 0x00, 0x00, 0x00, 0x00, 0xD2, 0xFF, 0xFF, 0xFF, 
0xED, 0x00, 0x00, 0x00, 0x00, 0x00, 0xC6, 0xFF, 0xFF, 0xFF, 0xFF, 0x1C, 0x00, 0x00, 0x00, 0x00, 
0x9A, 0xFF, 0xFF, 0xFF, 0xFF, 0xEE, 0xD5, 0x30, 0x00, 0x00, 0x6B, 0xFF, 0xFF, 0xFF, 0xFF, 0xFF, 
0xFF, 0x47, 0x00, 0x00, 0x1C, 0xE5, 0xFF, 0xFF, 0xFF, 0xFF, 0xFF, 0x46, 0x00, 0x00, 0x00, 0x2B, 
0xDD, 0xFF, 0xFF, 0xFF, 0xFF, 0x41, 0x00, 0x00, 0x00, 0x00, 0x00, 0x1A, 0x49, 0x42, 0x1C, 0x00, 
0x2A, 0x47, 0x47, 0x47, 0x46, 0x03, 0x00, 0x00, 0x17, 0x47, 0x47, 0x47, 0x47, 0x15, 0xA9, 0xFF, 
0xFF, 0xFF, 0xFF, 0x19, 0x00, 0x00, 0x65, 0xFF, 0xFF, 0xFF, 0xFF, 0x5D, 0xA9, 0xFF, 0xFF, 0xFF, 
0xFF, 0x19, 0x00, 0x00, 0x65, 0xFF, 0xFF, 0xFF, 0xFF, 0x5D, 0xA9, 0xFF, 0xFF, 0xFF, 0xFF, 0x19, 
0x00, 0x00, 0x65, 0xFF, 0xFF, 0xFF, 0xFF, 0x5D, 0xA9, 0xFF, 0xFF, 0xFF, 0xFF, 0x19, 0x00, 0x00, 
0x65, 0xFF, 0xFF, 0xFF, 0xFF, 0x5D, 0xA9, 0xFF, 0xFF, 0xFF, 0xFF, 0x19, 0x00, 0x00, 0x65, 0xFF, 
0xFF, 0xFF, 0xFF, 0x5D, 0xA9, 0xFF, 0xFF, 0xFF, 0xFF, 0x19, 0x00, 0x00, 0x65, 0xFF, 0xFF, 0xFF, 
0xFF, 0x5D, 0xA9, 0xFF, 0xFF, 0xFF, 0xFF, 0x19, 0x00, 0x00, 0x65, 0xFF, 0xFF, 0xFF, 0xFF, 0x5D, 
0xA9, 0xFF, 0xFF, 0xFF, 0xFF, 0x19, 0x00, 0x00, 0x65, 0xFF, 0xFF, 0xFF, 0xFF, 0x5D, 0xA9, 0xFF, 
0xFF, 0xFF, 0xFF, 0x19, 0x00, 0x00, 0x65, 0xFF, 0xFF, 0xFF, 0xFF, 0x5D, 0xA9, 0xFF, 0xFF, 0xFF, 
0xFF, 0x19, 0x00, 0x00, 0x65, 0xFF, 0xFF, 0xFF, 0xFF, 0x5D, 0xA9, 0xFF, 0xFF, 0xFF, 0xFF, 0x1A, 
0x00, 0x00, 0x71, 0xFF, 0xFF, 0xFF, 0xFF, 0x5D, 0x9B, 0xFF, 0xFF, 0xFF, 0xFF, 0x2E, 0x00, 0x00, 
0xB2, 0xFF, 0xFF, 0xFF, 0xFF, 0x5D, 0x7C, 0xFF, 0xFF, 0xFF, 0xFF, 0x84, 0x00, 0x1E, 0xFF, 0xFF, 
0xFF, 0xFF, 0xFF, 0x5D, 0x5C, 0xFF, 0xFF, 0xFF, 0xFF, 0xFF, 0xDD, 0xFE, 0xFF, 0xFF, 0xFF, 0xFF, 
0xFF, 0x5D, 0x11, 0xF1, 0xFF, 0xFF, 0xFF, 0xFF, 0xFF, 0xFF, 0xFF, 0xFF, 0xFF, 0xFF, 0xFF, 0x5D, 
0x00, 0x81, 0xFF, 0xFF, 0xFF, 0xFF, 0xFF, 0xFF, 0xFF, 0xFF, 0xFF, 0xFF, 0xFF, 0x5D, 0x00, 0x01, 
0x79, 0xFB, 0xFF, 0xFF, 0xFC, 0xC4, 0x43, 0xFF, 0xFF, 0xFF, 0xFF, 0x59, 0x00, 0x00, 0x00, 0x09, 
0x35, 0x45, 0x0E, 0x00, 0x00, 0x00, 0x00, 0x00, 0x00, 0x00, 0x2E, 0x47, 0x47, 0x47, 0x47, 0x0F, 
0x00, 0x00, 0x00, 0x3E, 0x47, 0x47, 0x47, 0x44, 0x00, 0xA7, 0xFF, 0xFF, 0xFF, 0xFF, 0x58, 0x00, 
0x00, 0x08, 0xFB, 0xFF, 0xFF, 0xFF, 0xF2, 0x04, 0x61, 0xFF, 0xFF, 0xFF, 0xFF, 0x8C, 0x00, 0x00, 
0x37, 0xFF, 0xFF, 0xFF, 0xFF, 0xB2, 0x00, 0x1C, 0xFF, 0xFF, 0xFF, 0xFF, 0xC0, 0x00, 0x00, 0x6A, 
0xFF, 0xFF, 0xFF, 0xFF, 0x6B, 0x00, 0x00, 0xD4, 0xFF, 0xFF, 0xFF, 0xF2, 0x02, 0x00, 0x9D, 0xFF, 
0xFF, 0xFF, 0xFF, 0x25, 0x00, 0x00, 0x8E, 0xFF, 0xFF, 0xFF, 0xFF, 0x29, 0x00, 0xD1, 0xFF, 0xFF, 
0xFF, 0xDF, 0x00, 0x00, 0x00, 0x48, 0xFF, 0xFF, 0xFF, 0xFF, 0x5D, 0x09, 0xFB, 0xFF, 0xFF, 0xFF, 
0x98, 0x00, 0x00, 0x00, 0x09, 0xF8, 0xFF, 0xFF, 0xFF, 0x91, 0x38, 0xFF, 0xFF, 0xFF, 0xFF, 0x52, 
0x00, 0x00, 0x00, 0x00, 0xBB, 0xFF, 0xFF, 0xFF, 0xC5, 0x6B, 0xFF, 0xFF, 0xFF, 0xFC, 0x10, 0x00, 
0x00, 0x00, 0x00, 0x75, 0xFF, 0xFF, 0xFF, 0xF5, 0xA2, 0xFF, 0xFF, 0xFF, 0xC6, 0x00, 0x00, 0x00, 
0x00, 0x00, 0x2E, 0xFF, 0xFF, 0xFF, 0xFF, 0xFF, 0xFF, 0xFF, 0xFF, 0x7F, 0x00, 0x00, 0x00, 0x00, 
0x00, 0x01, 0xE7, 0xFF, 0xFF, 0xFF, 0xFF, 0xFF, 0xFF, 0xFF, 0x39, 0x00, 0x00, 0x00, 0x00, 0x00, 
0x00, 0xA1, 0xFF, 0xFF, 0xFF, 0xFF, 0xFF, 0xFF, 0xEF, 0x03, 0x00, 0x00, 0x00, 0x00, 0x00, 0x00, 
0x5B, 0xFF, 0xFF, 0xFF, 0xFF, 0xFF, 0xFF, 0xAC, 0x00, 0x00, 0x00, 0x00, 0x00, 0x00, 0x00, 0x16, 
0xFE, 0xFF, 0xFF, 0xFF, 0xFF, 0xFF, 0x66, 0x00, 0x00, 0x00, 0x00, 0x00, 0x00, 0x00, 0x00, 0xCE, 
0xFF, 0xFF, 0xFF, 0xFF, 0xFF, 0x20, 0x00, 0x00, 0x00, 0x00, 0x00, 0x00, 0x00, 0x00, 0x88, 0xFF, 
0xFF, 0xFF, 0xFF, 0xD9, 0x00, 0x00, 0x00, 0x00, 0x00, 0x00, 0x00, 0x00, 0x00, 0x42, 0xFF, 0xFF, 
0xFF, 0xFF, 0x93, 0x00, 0x00, 0x00, 0x00, 0x00, 0x25, 0x47, 0x47, 0x47, 0x44, 0x00, 0x00, 0x00, 
0x36, 0x8E, 0x8E, 0x59, 0x00, 0x00, 0x00, 0x34, 0x47, 0x47, 0x47, 0x36, 0x8D, 0xFF, 0xFF, 0xFF, 
0xFF, 0x11, 0x00, 0x00, 0xFA, 0xFF, 0xFF, 0xFF, 0x0F, 0x00, 0x00, 0xD5, 0xFF, 0xFF, 0xFF, 0xCB, 
0x59, 0xFF, 0xFF, 0xFF, 0xFF, 0x3A, 0x00, 0x10, 0xFF, 0xFF, 0xFF, 0xFF, 0x49, 0x00, 0x04, 0xFA, 
0xFF, 0xFF, 0xFF, 0x96, 0x23, 0xFF, 0xFF, 0xFF, 0xFF, 0x63, 0x00, 0x4B, 0xFF, 0xFF, 0xFF, 0xFF, 
0x86, 0x00, 0x27, 0xFF, 0xFF, 0xFF, 0xFF, 0x61, 0x00, 0xED, 0xFF, 0xFF, 0xFF, 0x8C, 0x00, 0x88, 
0xFF, 0xFF, 0xFF, 0xFF, 0xC3, 0x00, 0x50, 0xFF, 0xFF, 0xFF, 0xFF, 0x2C, 0x00, 0xB9, 0xFF, 0xFF, 
0xFF, 0xB6, 0x00, 0xC4, 0xFF, 0xFF, 0xFF, 0xFF, 0xF8, 0x08, 0x79, 0xFF, 0xFF, 0xFF, 0xF3, 0x02, 
0x00, 0x83, 0xFF, 0xFF, 0xFF, 0xDF, 0x08, 0xF9, 0xFF, 0xFF, 0xFF, 0xFF, 0xFF, 0x3D, 0xA2, 0xFF, 
0xFF, 0xFF, 0xC1, 0x00, 0x00, 0x4E, 0xFF, 0xFF, 0xFF, 0xFE, 0x48, 0xFF, 0xFF, 0xFF, 0xFF, 0xFF, 
0xFF, 0x7A, 0xCC, 0xFF, 0xFF, 0xFF, 0x8C, 0x00, 0x00, 0x19, 0xFF, 0xFF, 0xFF, 0xFF, 0xAC, 0xFF, 
0xFF, 0xFF, 0xFF, 0xFF, 0xFF, 0xB9, 0xF3, 0xFF, 0xFF, 0xFF, 0x57, 0x00, 0x00, 0x00, 0xE3, 0xFF, 
0xFF, 0xFF, 0xFF, 0xFF, 0xFF, 0xF6, 0xC4, 0xFF, 0xFF, 0xFF, 0xFF, 0xFF, 0xFF, 0xFF, 0x21, 0x00, 
0x00, 0x00, 0xAE, 0xFF, 0xFF, 0xFF, 0xFF, 0xFF, 0xFF, 0xBD, 0x7F, 0xFF, 0xFF, 0xFF, 0xFF, 0xFF, 
0xFF, 0xEB, 0x00, 0x00, 0x00, 0x00, 0x78, 0xFF, 0xFF, 0xFF, 0xFF, 0xFF, 0xFF, 0x7E, 0x40, 0xFF, 
0xFF, 0xFF, 0xFF, 0xFF, 0xFF, 0xB7, 0x00, 0x00, 0x00, 0x00, 0x43, 0xFF, 0xFF, 0xFF, 0xFF, 0xFF, 
0xFF, 0x3F, 0x08, 0xF8, 0xFF, 0xFF, 0xFF, 0xFF, 0xFF, 0x82, 0x00, 0x00, 0x00, 0x00, 0x0F, 0xFE, 
0xFF, 0xFF, 0xFF, 0xFF, 0xF8, 0x08, 0x00, 0xC2, 0xFF, 0xFF, 0xFF, 0xFF, 0xFF, 0x4C, 0x00, 0x00, 
0x00, 0x00, 0x00, 0xD8, 0xFF, 0xFF, 0xFF, 0xFF, 0xC2, 0x00, 0x00, 0x83, 0xFF, 0xFF, 0xFF, 0xFF, 
0xFF, 0x17, 0x00, 0x00, 0x00, 0x00, 0x00, 0xA3, 0xFF, 0xFF, 0xFF, 0xFF, 0x83, 0x00, 0x00, 0x44, 
0xFF, 0xFF, 0xFF, 0xFF, 0xE2, 0x00, 0x00, 0x00, 0x00, 0x00, 0x00, 0x6D, 0xFF, 0xFF, 0xFF, 0xFF, 
0x44, 0x00, 0x00, 0x0B, 0xFA, 0xFF, 0xFF, 0xFF, 0xAD, 0x00, 0x00, 0x00, 0x00, 0x00, 0x00, 0x38, 
0xFF, 0xFF, 0xFF, 0xFA, 0x0A, 0x00, 0x00, 0x00, 0xC6, 0xFF, 0xFF, 0xFF, 0x77, 0x00, 0x00, 0x00, 
0x1C, 0x47, 0x47, 0x47, 0x47, 0x2B, 0x00, 0x00, 0x00, 0x45, 0x47, 0x47, 0x47, 0x44, 0x00, 0x4E, 
0xFF, 0xFF, 0xFF, 0xFF, 0xE4, 0x07, 0x00, 0x42, 0xFF, 0xFF, 0xFF, 0xFF, 0xD9, 0x02, 0x01, 0xCE, 
0xFF, 0xFF, 0xFF, 0xFF, 0x68, 0x00, 0xAD, 0xFF, 0xFF, 0xFF, 0xFF, 0x57, 0x00, 0x00, 0x50, 0xFF, 
0xFF, 0xFF, 0xFF, 0xE0, 0x21, 0xFB, 0xFF, 0xFF, 0xFF, 0xD0, 0x01, 0x00, 0x00, 0x01, 0xCF, 0xFF, 
0xFF, 0xFF, 0xFF, 0xE5, 0xFF, 0xFF, 0xFF, 0xFF, 0x4C, 0x00, 0x00, 0x00, 0x00, 0x51, 0xFF, 0xFF, 
0xFF, 0xFF, 0xFF, 0xFF, 0xFF, 0xFF, 0xC6, 0x00, 0x00, 0x00, 0x00, 0x00, 0x01, 0xD0, 0xFF, 0xFF, 
0xFF, 0xFF, 0xFF, 0xFF, 0xFF, 0x40, 0x00, 0x00, 0x00, 0x00, 0x00, 0x00, 0x52, 0xFF, 0xFF, 0xFF, 
0xFF, 0xFF, 0xFF, 0xBA, 0x00, 0x00, 0x00, 0x00, 0x00, 0x00, 0x00, 0x01, 0xD1, 0xFF, 0xFF, 0xFF, 
0xFF, 0xFF, 0x35, 0x00, 0x00, 0x00, 0x00, 0x00, 0x00, 0x00, 0x00, 0xA5, 0xFF, 0xFF, 0xFF, 0xFF, 
0xFA, 0x13, 0x00, 0x00, 0x00, 0x00, 0x00, 0x00, 0x00, 0x20, 0xFA, 0xFF, 0xFF, 0xFF, 0xFF, 0xFF, 
0x89, 0x00, 0x00, 0x00, 0x00, 0x00, 0x00, 0x00, 0x9A, 0xFF, 0xFF, 0xFF, 0xFF, 0xFF, 0xFF, 0xF6, 
0x19, 0x00, 0x00, 0x00, 0x00, 0x00, 0x20, 0xFA, 0xFF, 0xFF, 0xFF, 0xFF, 0xFF, 0xFF, 0xFF, 0x94, 
0x00, 0x00, 0x00, 0x00, 0x00, 0x9B, 0xFF, 0xFF, 0xFF, 0xFF, 0xFF, 0xFF, 0xFF, 0xFF, 0xF9, 0x1F, 
0x00, 0x00, 0x00, 0x20, 0xFA, 0xFF, 0xFF, 0xFF, 0xF0, 0x88, 0xFF, 0xFF, 0xFF, 0xFF, 0x9E, 0x00, 
0x00, 0x00, 0x9B, 0xFF, 0xFF, 0xFF, 0xFF, 0x88, 0x0F, 0xF0, 0xFF, 0xFF, 0xFF, 0xFC, 0x27, 0x00, 
0x21, 0xFA, 0xFF, 0xFF, 0xFF, 0xF9, 0x1A, 0x00, 0x85, 0xFF, 0xFF, 0xFF, 0xFF, 0xA8, 0x00, 0x8A, 
0xFF, 0xFF, 0xFF, 0xFF, 0x9E, 0x00, 0x00, 0x14, 0xF5, 0xFF, 0xFF, 0xFF, 0xFE, 0x1D, 0x38, 0x47, 
0x47, 0x47, 0x47, 0x0D, 0x00, 0x00, 0x00, 0x3A, 0x47, 0x47, 0x47, 0x46, 0x02, 0xCA, 0xFF, 0xFF, 
0xFF, 0xFF, 0x54, 0x00, 0x00, 0x04, 0xF4, 0xFF, 0xFF, 0xFF, 0xFA, 0x0D, 0x81, 0xFF, 0xFF, 0xFF, 
0xFF, 0x8B, 0x00, 0x00, 0x35, 0xFF, 0xFF, 0xFF, 0xFF, 0xBF, 0x00, 0x38, 0xFF, 0xFF, 0xFF, 0xFF, 
0xC3, 0x00, 0x00, 0x71, 0xFF, 0xFF, 0xFF, 0xFF, 0x76, 0x00, 0x02, 0xEC, 0xFF, 0xFF, 0xFF, 0xF5, 
0x04, 0x00, 0xAD, 0xFF, 0xFF, 0xFF, 0xFF, 0x2D, 0x00, 0x00, 0xA6, 0xFF, 0xFF, 0xFF, 0xFF, 0x31, 
0x00, 0xE9, 0xFF, 0xFF, 0xFF, 0xE3, 0x00, 0x00, 0x00, 0x5D, 0xFF, 0xFF, 0xFF, 0xFF, 0x69, 0x26, 
0xFF, 0xFF, 0xFF, 0xFF, 0x9A, 0x00, 0x00, 0x00, 0x16, 0xFE, 0xFF, 0xFF, 0xFF, 0xA0, 0x62, 0xFF, 
0xFF, 0xFF, 0xFF, 0x51, 0x00, 0x00, 0x00, 0x00, 0xCB, 0xFF, 0xFF, 0xFF, 0xD8, 0x9E, 0xFF, 0xFF, 
0xFF, 0xFA, 0x0D, 0x00, 0x00, 0x00, 0x00, 0x82, 0xFF, 0xFF, 0xFF, 0xFE, 0xEB, 0xFF, 0xFF, 0xFF, 
0xBF, 0x00, 0x00, 0x00, 0x00, 0x00, 0x38, 0xFF, 0xFF, 0xFF, 0xFF, 0xFF, 0xFF, 0xFF, 0xFF, 0x76, 
0x00, 0x00, 0x00, 0x00, 0x00, 0x02, 0xEC, 0xFF, 0xFF, 0xFF, 0xFF, 0xFF, 0xFF, 0xFF, 0x2C, 0x00, 
0x00, 0x00, 0x00, 0x00, 0x00, 0xA6, 0xFF, 0xFF, 0xFF, 0xFF, 0xFF, 0xFF, 0xE3, 0x00, 0x00, 0x00, 
0x00, 0x00, 0x00, 0x00, 0x5D, 0xFF, 0xFF, 0xFF, 0xFF, 0xFF, 0xFF, 0x9A, 0x00, 0x00, 0x00, 0x00, 
0x00, 0x00, 0x00, 0x16, 0xFE, 0xFF, 0xFF, 0xFF, 0xFF, 0xFF, 0x51, 0x00, 0x00, 0x00, 0x00, 0x00, 
0x00, 0x00, 0x00, 0xCB, 0xFF, 0xFF, 0xFF, 0xFF, 0xFA, 0x0D, 0x00, 0x00, 0x00, 0x00, 0x00, 0x00, 
0x00, 0x00, 0x82, 0xFF, 0xFF, 0xFF, 0xFF, 0xBE, 0x00, 0x00, 0x00, 0x00, 0x00, 0x00, 0x00, 0x00, 
0x00, 0x3B, 0xFF, 0xFF, 0xFF, 0xFF, 0x75, 0x00, 0x00, 0x00, 0x00, 0x00, 0x00, 0x00, 0x00, 0x00, 
0x41, 0xFF, 0xFF, 0xFF, 0xFF, 0x2C, 0x00, 0x00, 0x00, 0x00, 0x00, 0x00, 0x00, 0x00, 0x00, 0xA6, 
0xFF, 0xFF, 0xFF, 0xE2, 0x00, 0x00, 0x00, 0x00, 0x00, 0x00, 0x00, 0x03, 0x47, 0x8D, 0xFE, 0xFF, 
0xFF, 0xFF, 0x97, 0x00, 0x00, 0x00, 0x00, 0x00, 0x00, 0x00, 0x45, 0xFF, 0xFF, 0xFF, 0xFF, 0xFF, 
0xFF, 0x3A, 0x00, 0x00, 0x00, 0x00, 0x00, 0x00, 0x00, 0x47, 0xFF, 0xFF, 0xFF, 0xFF, 0xFF, 0xB6, 
0x00, 0x00, 0x00, 0x00, 0x00, 0x00, 0x00, 0x00, 0x46, 0xFF, 0xFF, 0xFF, 0xFF, 0xD6, 0x1D, 0x00, 
0x00, 0x00, 0x00, 0x00, 0x00, 0x00, 0x00, 0x28, 0xB8, 0xD2, 0xB3, 0x7A, 0x0D, 0x00, 0x00, 0x00, 
0x00, 0x00, 0x00, 0x00, 0x00, 0x31, 0x47, 0x47, 0x47, 0x47, 0x47, 0x47, 0x47, 0x51, 0x8E, 0x76, 
0x47, 0x0D, 0xC2, 0xFF, 0xFF, 0xFF, 0xFF, 0xFF, 0xFF, 0xFF, 0xFF, 0xFF, 0xFF, 0xFF, 0x42, 0xC2, 
0xFF, 0xFF, 0xFF, 0xFF, 0xFF, 0xFF, 0xFF, 0xFF, 0xFF, 0xFF, 0xFF, 0x42, 0xC2, 0xFF, 0xFF, 0xFF, 
0xFF, 0xFF, 0xFF, 0xFF, 0xFF, 0xFF, 0xFF, 0xFF, 0x3D, 0x8B, 0xBD, 0xBD, 0xBD, 0xBD, 0xBD, 0xFF, 
0xFF, 0xFF, 0xFF, 0xFF, 0xC8, 0x02, 0x00, 0x00, 0x00, 0x00, 0x00, 0x1B, 0xF2, 0xFF, 0xFF, 0xFF, 
0xFB, 0x2F, 0x00, 0x00, 0x00, 0x00, 0x00, 0x00, 0xAD, 0xFF, 0xFF, 0xFF, 0xFF, 0x8B, 0x00, 0x00, 
0x00, 0x00, 0x00, 0x00, 0x4E, 0xFF, 0xFF, 0xFF, 0xFF, 0xE0, 0x0A, 0x00, 0x00, 0x00, 0x00, 0x00, 
0x0C, 0xE2, 0xFF, 0xFF, 0xFF, 0xFF, 0x4B, 0x00, 0x00, 0x00, 0x00, 0x00, 0x00, 0x8F, 0xFF, 0xFF, 
0xFF, 0xFF, 0xAB, 0x00, 0x00, 0x00, 0x00, 0x00, 0x00, 0x33, 0xFC, 0xFF, 0xFF, 0xFF, 0xF1, 0x1A, 
0x00, 0x00, 0x00, 0x00, 0x00, 0x03, 0xCD, 0xFF, 0xFF, 0xFF, 0xFF, 0x6B, 0x00, 0x00, 0x00, 0x00, 
0x00, 0x00, 0x71, 0xFF, 0xFF, 0xFF, 0xFF, 0xC9, 0x02, 0x00, 0x00, 0x00, 0x00, 0x00, 0x1E, 0xF5, 
0xFF, 0xFF, 0xFF, 0xFE, 0x32, 0x02, 0x02, 0x02, 0x02, 0x02, 0x00, 0xB1, 0xFF, 0xFF, 0xFF, 0xFF, 
0xFF, 0xFF, 0xFF, 0xFF, 0xFF, 0xFF, 0xFF, 0x5A, 0xEF, 0xFF, 0xFF, 0xFF, 0xFF, 0xFF, 0xFF, 0xFF, 
0xFF, 0xFF, 0xFF, 0xFF, 0x5E, 0xEF, 0xFF, 0xFF, 0xFF, 0xFF, 0xFF, 0xFF, 0xFF, 0xFF, 0xFF, 0xFF, 
0xFF, 0x5E, 0xEA, 0xFF, 0xFF, 0xFF, 0xFF, 0xFF, 0xFF, 0xFF, 0xFF, 0xFF, 0xFF, 0xFF, 0x5A, 0x00, 
0x00, 0x00, 0x00, 0x00, 0x00, 0x00, 0x2C, 0x09, 0x00, 0x00, 0x00, 0x00, 0x00, 0x37, 0xBA, 0xFF, 
0x55, 0x00, 0x00, 0x00, 0x00, 0x47, 0xFB, 0xFF, 0xFF, 0xA8, 0x00, 0x00, 0x00, 0x07, 0xDC, 0xFF, 
0xFF, 0xFF, 0xCC, 0x00, 0x00, 0x00, 0x7A, 0xFF, 0xFF, 0xFF, 0xF6, 0x2F, 0x00, 0x00, 0x00, 0xCB, 
0xFF, 0xFF, 0xFF, 0x81, 0x00, 0x00, 0x00, 0x00, 0xEF, 0xFF, 0xFF, 0xFF, 0x5A, 0x00, 0x00, 0x00, 
0x13, 0xFF, 0xFF, 0xFF, 0xFF, 0x3C, 0x00, 0x00, 0x00, 0x24, 0xFF, 0xFF, 0xFF, 0xFF, 0x26, 0x00, 
0x00, 0x00, 0x24, 0xFF, 0xFF, 0xFF, 0xFF, 0x24, 0x00, 0x00, 0x00, 0x24, 0xFF, 0xFF, 0xFF, 0xFF, 
0x24, 0x00, 0x00, 0x00, 0x39, 0xFF, 0xFF, 0xFF, 0xFF, 0x1D, 0x00, 0x00, 0x00, 0x70, 0xFF, 0xFF, 
0xFF, 0xEB, 0x00, 0x00, 0x00, 0x04, 0xBF, 0xFF, 0xFF, 0xFF, 0xB4, 0x00, 0x00, 0x35, 0xD9, 0xFF, 
0xFF, 0xFF, 0xFE, 0x56, 0x00, 0x00, 0x8C, 0xFF, 0xFF, 0xFF, 0xFF, 0x6B, 0x00, 0x00, 0x00, 0x9B, 
0xFF, 0xFF, 0xFF, 0xFF, 0x34, 0x00, 0x00, 0x00, 0x50, 0xFF, 0xFF, 0xFF, 0xFF, 0xED, 0x2D, 0x00, 
0x00, 0x00, 0x35, 0xE7, 0xFF, 0xFF, 0xFF, 0xA4, 0x00, 0x00, 0x00, 0x00, 0x69, 0xFF, 0xFF, 0xFF, 
0xDC, 0x00, 0x00, 0x00, 0x00, 0x3A, 0xFF, 0xFF, 0xFF, 0xFF, 0x13, 0x00, 0x00, 0x00, 0x24, 0xFF, 
0xFF, 0xFF, 0xFF, 0x24, 0x00, 0x00, 0x00, 0x24, 0xFF, 0xFF, 0xFF, 0xFF, 0x24, 0x00, 0x00, 0x00, 
0x24, 0xFF, 0xFF, 0xFF, 0xFF, 0x24, 0x00, 0x00, 0x00, 0x1C, 0xFF, 0xFF, 0xFF, 0xFF, 0x2D, 0x00, 
0x00, 0x00, 0x02, 0xF8, 0xFF, 0xFF, 0xFF, 0x3E, 0x00, 0x00, 0x00, 0x00, 0xD5, 0xFF, 0xFF, 0xFF, 
0x6B, 0x00, 0x00, 0x00, 0x00, 0x9D, 0xFF, 0xFF, 0xFF, 0xC3, 0x01, 0x00, 0x00, 0x00, 0x1B, 0xF4, 
0xFF, 0xFF, 0xFF, 0x90, 0x00, 0x00, 0x00, 0x00, 0x77, 0xFF, 0xFF, 0xFF, 0xBB, 0x00, 0x00, 0x00, 
0x00, 0x00, 0x58, 0xE2, 0xFF, 0x6C, 0x00, 0x00, 0x00, 0x00, 0x00, 0x00, 0x0A, 0x7B, 0x1A, 0x0A, 
0x1F, 0x1F, 0x0F, 0x77, 0xFF, 0xFF, 0x9E, 0x77, 0xFF, 0xFF, 0x9F, 0x77, 0xFF, 0xFF, 0x9F, 0x77, 
0xFF, 0xFF, 0x9F, 0x77, 0xFF, 0xFF, 0x9F, 0x77, 0xFF, 0xFF, 0x9F, 0x77, 0xFF, 0xFF, 0x9F, 0x77, 
0xFF, 0xFF, 0x9F, 0x77, 0xFF, 0xFF, 0x9F, 0x77, 0xFF, 0xFF, 0x9F, 0x77, 0xFF, 0xFF, 0x9F, 0x77, 
0xFF, 0xFF, 0x9F, 0x77, 0xFF, 0xFF, 0x9F, 0x77, 0xFF, 0xFF, 0x9F, 0x77, 0xFF, 0xFF, 0x9F, 0x77, 
0xFF, 0xFF, 0x9F, 0x77, 0xFF, 0xFF, 0x9F, 0x77, 0xFF, 0xFF, 0x9F, 0x77, 0xFF, 0xFF, 0x9F, 0x77, 
0xFF, 0xFF, 0x9F, 0x77, 0xFF, 0xFF, 0x9F, 0x77, 0xFF, 0xFF, 0x9F, 0x77, 0xFF, 0xFF, 0x9F, 0x77, 
0xFF, 0xFF, 0x9F, 0x77, 0xFF, 0xFF, 0x9F, 0x77, 0xFF, 0xFF, 0x9F, 0x77, 0xFF, 0xFF, 0x9F, 0x15, 
0x37, 0x37, 0x1E, 0x00, 0x2D, 0x0D, 0x00, 0x00, 0x00, 0x00, 0x00, 0x00, 0x00, 0xC9, 0xE7, 0x5F, 
0x01, 0x00, 0x00, 0x00, 0x00, 0x20, 0xFF, 0xFF, 0xFF, 0xC1, 0x04, 0x00, 0x00, 0x00, 0x37, 0xFE, 
0xFF, 0xFF, 0xFF, 0x6F, 0x00, 0x00, 0x00, 0x00, 0x6C, 0xFF, 0xFF, 0xFF, 0xF0, 0x15, 0x00, 0x00, 
0x00, 0x07, 0xF3, 0xFF, 0xFF, 0xFF, 0x56, 0x00, 0x00, 0x00, 0x00, 0xBD, 0xFF, 0xFF, 0xFF, 0x7A, 
0x00, 0x00, 0x00, 0x00, 0xA9, 0xFF, 0xFF, 0xFF, 0x9E, 0x00, 0x00, 0x00, 0x00, 0x9B, 0xFF, 0xFF, 
0xFF, 0xAE, 0x00, 0x00, 0x00, 0x00, 0x9A, 0xFF, 0xFF, 0xFF, 0xAE, 0x00, 0x00, 0x00, 0x00, 0x9A, 
0xFF, 0xFF, 0xFF, 0xAE, 0x00, 0x00, 0x00, 0x00, 0x92, 0xFF, 0xFF, 0xFF, 0xBB, 0x00, 0x00, 0x00, 
0x00, 0x61, 0xFF, 0xFF, 0xFF, 0xDF, 0x00, 0x00, 0x00, 0x00, 0x2A, 0xFF, 0xFF, 0xFF, 0xFF, 0x54, 
0x00, 0x00, 0x00, 0x02, 0xC7, 0xFF, 0xFF, 0xFF, 0xFD, 0xA9, 0x00, 0x00, 0x00, 0x0F, 0xCD, 0xFF, 
0xFF, 0xFF, 0xFF, 0x00, 0x00, 0x00, 0x00, 0xA7, 0xFF, 0xFF, 0xFF, 0xFF, 0x00, 0x00, 0x00, 0x8E, 
0xFF, 0xFF, 0xFF, 0xFF, 0xE2, 0x00, 0x00, 0x1A, 0xFF, 0xFF, 0xFF, 0xFF, 0x89, 0x0A, 0x00, 0x00, 
0x52, 0xFF, 0xFF, 0xFF, 0xFD, 0x0D, 0x00, 0x00, 0x00, 0x88, 0xFF, 0xFF, 0xFF, 0xD4, 0x00, 0x00, 
0x00, 0x00, 0x9A, 0xFF, 0xFF, 0xFF, 0xAF, 0x00, 0x00, 0x00, 0x00, 0x9A, 0xFF, 0xFF, 0xFF, 0xAE, 
0x00, 0x00, 0x00, 0x00, 0x9A, 0xFF, 0xFF, 0xFF, 0xAE, 0x00, 0x00, 0x00, 0x00, 0xA3, 0xFF, 0xFF, 
0xFF, 0xA7, 0x00, 0x00, 0x00, 0x00, 0xB3, 0xFF, 0xFF, 0xFF, 0x85, 0x00, 0x00, 0x00, 0x00, 0xE0, 
0xFF, 0xFF, 0xFF, 0x60, 0x00, 0x00, 0x00, 0x3A, 0xFF, 0xFF, 0xFF, 0xFD, 0x2A, 0x00, 0x00, 0x25, 
0xEA, 0xFF, 0xFF, 0xFF, 0x9B, 0x00, 0x00, 0x00, 0x34, 0xFF, 0xFF, 0xFF, 0xEE, 0x14, 0x00, 0x00, 
0x00, 0x00, 0xE0, 0xFF, 0xC6, 0x32, 0x00, 0x00, 0x00, 0x00, 0x00, 0x58, 0x4B, 0x00, 0x00, 0x00, 
0x00, 0x00, 0x00, 0x00, 0x00, 0x00, 0x03, 0x33, 0x39, 0x04, 0x00, 0x00, 0x00, 0x00, 0x00, 0x00, 
0x00, 0x00, 0x00, 0x00, 0x00, 0x55, 0xF0, 0xFF, 0xFF, 0xF1, 0x7A, 0x00, 0x00, 0x00, 0x1D, 0xC1, 
0xC7, 0xC5, 0x58, 0x00, 0x52, 0xFD, 0xFF, 0xFF, 0xFF, 0xFF, 0xFF, 0x9A, 0x02, 0x00, 0x4D, 0xFF, 
0xFF, 0xFF, 0x59, 0x01, 0xD4, 0xFF, 0xFF, 0xFF, 0xFF, 0xFF, 0xFF, 0xFF, 0x9D, 0x20, 0xC7, 0xFF, 
0xFF, 0xFF, 0x38, 0x3F, 0xFF, 0xFF, 0xFF, 0xFF, 0xF3, 0xFF, 0xFF, 0xFF, 0xFF, 0xFF, 0xFF, 0xFF, 
0xFF, 0xF3, 0x0D, 0x67, 0xFF, 0xFF, 0xFF, 0x85, 0x02, 0x93, 0xFF, 0xFF, 0xFF, 0xFF, 0xFF, 0xFF, 
0xFF, 0x8F, 0x00, 0x87, 0xFF, 0xFF, 0xFF, 0x22, 0x00, 0x01, 0x8C, 0xFF, 0xFF, 0xFF, 0xFF, 0xFF, 
0xDD, 0x19, 0x00, 0x4E, 0x83, 0x86, 0x88, 0x04, 0x00, 0x00, 0x00, 0x6B, 0xD7, 0xFF, 0xF6, 0xB5, 
0x19, 0x00, 0x00, 0x00, 0x00, 0x00, 0x00, 0x00, 0x00, 0x00, 0x00, 0x00, 0x00, 0x16, 0x06, 0x00, 
0x00, 0x00, 0x00, 0x00, 0x00, 0x00, 0x00, 0x00, 0x00, 0x00, 0x00, 0x00, 0x00, 0x1C, 0x37, 0x1E, 
0x04, 0x00, 0x00, 0x00, 0x00, 0x00, 0x00, 0x00, 0x00, 0x00, 0x00, 0x39, 0xBC, 0xEE, 0xFF, 0xFF, 
0xFF, 0xFC, 0xCA, 0x85, 0x3D, 0x00, 0x00, 0x00, 0x00, 0x00, 0x09, 0x90, 0xFD, 0xFF, 0xFC, 0xD4, 
0xB8, 0xDD, 0xFF, 0xFF, 0xFF, 0xEB, 0x00, 0x00, 0x00, 0x00, 0x00, 0x9B, 0xFF, 0xFF, 0xCB, 0x1F, 
0x00, 0x00, 0x00, 0x44, 0xE7, 0xFF, 0xEB, 0x00, 0x00, 0x00, 0x00, 0x52, 0xFF, 0xFF, 0xDD, 0x08, 
0x00, 0x00, 0x00, 0x00, 0x00, 0x7E, 0xFF, 0xEB, 0x00, 0x00, 0x00, 0x07, 0xEC, 0xFF, 0xFF, 0x5B, 
0x00, 0x00, 0x00, 0x00, 0x00, 0x00, 0x55, 0xFF, 0xEB, 0x00, 0x00, 0x00, 0x4B, 0xFF, 0xFF, 0xEB, 
0x02, 0x00, 0x00, 0x00, 0x00, 0x00, 0x00, 0x2D, 0xFF, 0xEB, 0x00, 0x00, 0x00, 0x9C, 0xFF, 0xFF, 
0xAD, 0x00, 0x00, 0x00, 0x00, 0x00, 0x00, 0x00, 0x03, 0x28, 0x20, 0x26, 0x53, 0x53, 0xEA, 0xFF, 
0xFF, 0xB1, 0x53, 0x53, 0x53, 0x53, 0x53, 0x53, 0x25, 0x00, 0x00, 0x00, 0x9C, 0xFF, 0xFF, 0xFF, 
0xFF, 0xFF, 0xFF, 0xFF, 0xFF, 0xFF, 0xFF, 0xFF, 0xFF, 0x74, 0x00, 0x00, 0x00, 0x40, 0x64, 0x91, 
0xFF, 0xFF, 0xFF, 0x7C, 0x64, 0x64, 0x64, 0x64, 0x64, 0x64, 0x1D, 0x00, 0x00, 0x00, 0x00, 0x00, 
0x43, 0xFF, 0xFF, 0xFF, 0x20, 0x00, 0x00, 0x00, 0x00, 0x00, 0x00, 0x00, 0x00, 0x00, 0x00, 0x00, 
0x00, 0x47, 0xFF, 0xFF, 0xFF, 0x1D, 0x00, 0x00, 0x00, 0x00, 0x00, 0x00, 0x00, 0x00, 0x00, 0x00, 
0x52, 0xA7, 0xC8, 0xFF, 0xFF, 0xFF, 0xB2, 0xA7, 0xA7, 0xA7, 0xA7, 0xA7, 0x33, 0x00, 0x00, 0x00, 
0x00, 0xA7, 0xFF, 0xFF, 0xFF, 0xFF, 0xFF, 0xFF, 0xFF, 0xFF, 0xFF, 0xFF, 0xFF, 0x31, 0x00, 0x00, 
0x00, 0x00, 0x09, 0x10, 0x15, 0xF7, 0xFF, 0xFF, 0x75, 0x10, 0x10, 0x10, 0x10, 0x10, 0x01, 0x00, 
0x00, 0x00, 0x00, 0x00, 0x00, 0x00, 0xBF, 0xFF, 0xFF, 0x9B, 0x00, 0x00, 0x00, 0x00, 0x00, 0x00, 
0x00, 0x01, 0x2B, 0x23, 0x00, 0x00, 0x00, 0x7F, 0xFF, 0xFF, 0xD1, 0x00, 0x00, 0x00, 0x00, 0x00, 
0x00, 0x00, 0x26, 0xFF, 0xEB, 0x00, 0x00, 0x00, 0x3B, 0xFF, 0xFF, 0xFF, 0x39, 0x00, 0x00, 0x00, 
0x00, 0x00, 0x00, 0x5B, 0xFF, 0xEB, 0x00, 0x00, 0x00, 0x00, 0xB1, 0xFF, 0xFF, 0xBB, 0x00, 0x00, 
0x00, 0x00, 0x00, 0x00, 0x90, 0xFF, 0xEB, 0x00, 0x00, 0x00, 0x00, 0x1D, 0xF3, 0xFF, 0xFF, 0xAB, 
0x0F, 0x00, 0x00, 0x00, 0x06, 0xD2, 0xFF, 0xEB, 0x00, 0x00, 0x00, 0x00, 0x00, 0x4D, 0xEB, 0xFF, 
0xFF, 0xEF, 0xBD, 0xA0, 0xA8, 0xE4, 0xFF, 0xFF, 0xEB, 0x00, 0x00, 0x00, 0x00, 0x00, 0x00, 0x16, 
0xA8, 0xF8, 0xFF, 0xFF, 0xFF, 0xFF, 0xFF, 0xED, 0xA9, 0x5C, 0x00, 0x00, 0x00, 0x00, 0x00, 0x00, 
0x00, 0x00, 0x03, 0x27, 0x52, 0x5C, 0x42, 0x27, 0x02, 0x00, 0x00, 0x00, 0x00, 0x00, 0x00, 0x00, 
0x00, 0x00, 0x00, 0x00, 0x00, 0x00, 0x00, 0x00, 0x00, 0x00, 0x00, 0x00, 0x00, 0x00, 0x00, 0x00, 
0x00, 0x00, 0x00, 0x00, 0x00, 0x00, 0x00, 0x00, 0x00, 0x00, 0x00, 0x00, 0x04, 0x51, 0x89, 0x35, 
0x00, 0x00, 0xB5, 0xFF, 0xFF, 0xFF, 0x6F, 0x1A, 0xFD, 0xFF, 0xFF, 0xFF, 0xCC, 0x18, 0xFC, 0xFF, 
0xFF, 0xFF, 0xCB, 0x00, 0xB3, 0xFF, 0xFF, 0xFF, 0x6D, 0x00, 0x04, 0x4F, 0x88, 0x34, 0x00, 0x00, 
0x00, 0x00, 0x00, 0x00, 0x00, 0x00, 0x3B, 0x5A, 0x5A, 0x5A, 0x20, 0x00, 0xAF, 0xFF, 0xFF, 0xFF, 
0x60, 0x00, 0xB7, 0xFF, 0xFF, 0xFF, 0x69, 0x00, 0xC0, 0xFF, 0xFF, 0xFF, 0x71, 0x00, 0xC8, 0xFF, 
0xFF, 0xFF, 0x79, 0x00, 0xD1, 0xFF, 0xFF, 0xFF, 0x81, 0x00, 0xD9, 0xFF, 0xFF, 0xFF, 0x8A, 0x00, 
0xE2, 0xFF, 0xFF, 0xFF, 0x92, 0x00, 0xEA, 0xFF, 0xFF, 0xFF, 0x9A, 0x00, 0xF3, 0xFF, 0xFF, 0xFF, 
0xA2, 0x00, 0xFB, 0xFF, 0xFF, 0xFF, 0xAB, 0x04, 0xFF, 0xFF, 0xFF, 0xFF, 0xB3, 0x0C, 0xFF, 0xFF, 
0xFF, 0xFF, 0xBB, 0x15, 0xFF, 0xFF, 0xFF, 0xFF, 0xC3, 0x1D, 0xFF, 0xFF, 0xFF, 0xFF, 0xCC, 0x26, 
0xFF, 0xFF, 0xFF, 0xFF, 0xD4, 0x19, 0xC1, 0xC1, 0xC1, 0xC1, 0x9D, 0x00, 0x00, 0x00, 0x00, 0x00, 
0x69, 0xF7, 0xF7, 0xDD, 0x00, 0x00, 0x00, 0x00, 0x00, 0x00, 0x00, 0x00, 0x00, 0x00, 0x72, 0xFF, 
0xFF, 0xEA, 0x00, 0x00, 0x00, 0x00, 0x00, 0x00, 0x00, 0x00, 0x00, 0x00, 0x72, 0xFF, 0xFF, 0xEA, 
0x00, 0x00, 0x00, 0x00, 0x00, 0x00, 0x00, 0x00, 0x00, 0x0A, 0xB1, 0xFF, 0xFF, 0xFF, 0x3A, 0x00, 
0x00, 0x00, 0x00, 0x00, 0x00, 0x00, 0x69, 0xFA, 0xFF, 0xFF, 0xFF, 0xFF, 0xFF, 0xC1, 0x0C, 0x00, 
0x00, 0x00, 0x00, 0x89, 0xFF, 0xFF, 0xFF, 0xFF, 0xFF, 0xFF, 0xFF, 0xFF, 0xBB, 0x06, 0x00, 0x00, 
0x46, 0xFF, 0xFF, 0xFF, 0xFF, 0xFF, 0xFF, 0xFF, 0xFF, 0xFF, 0xFF, 0x98, 0x00, 0x00, 0xBB, 0xFF, 
0xFF, 0xFF, 0xFF, 0xB8, 0xA1, 0xF8, 0xFF, 0xFF, 0xFF, 0xE6, 0x00, 0x2A, 0xFF, 0xFF, 0xFF, 0xFF, 
0xBC, 0x00, 0x00, 0x7E, 0xFF, 0xFF, 0xFF, 0xFF, 0x1D, 0x5A, 0xFF, 0xFF, 0xFF, 0xFF, 0x5D, 0x00, 
0x00, 0x29, 0xFF, 0xFF, 0xFF, 0xFF, 0x54, 0x79, 0xFF, 0xFF, 0xFF, 0xFF, 0x30, 0x00, 0x00, 0x06, 
0x65, 0x65, 0x65, 0x65, 0x24, 0x99, 0xFF, 0xFF, 0xFF, 0xFF, 0x21, 0x00, 0x00, 0x00, 0x00, 0x00, 
0x00, 0x00, 0x00, 0xA6, 0xFF, 0xFF, 0xFF, 0xFF, 0x1B, 0x00, 0x00, 0x00, 0x00, 0x00, 0x00, 0x00, 
0x00, 0x90, 0xFF, 0xFF, 0xFF, 0xFF, 0x23, 0x00, 0x00, 0x00, 0x00, 0x00, 0x00, 0x00, 0x00, 0x71, 
0xFF, 0xFF, 0xFF, 0xFF, 0x38, 0x00, 0x00, 0x02, 0x36, 0x36, 0x36, 0x36, 0x18, 0x51, 0xFF, 0xFF, 
0xFF, 0xFF, 0x6A, 0x00, 0x00, 0x2A, 0xFF, 0xFF, 0xFF, 0xFF, 0x66, 0x18, 0xF8, 0xFF, 0xFF, 0xFF, 
0xDB, 0x0B, 0x00, 0x95, 0xFF, 0xFF, 0xFF, 0xFF, 0x47, 0x00, 0x9C, 0xFF, 0xFF, 0xFF, 0xFF, 0xF2, 
0xE8, 0xFF, 0xFF, 0xFF, 0xFF, 0xEF, 0x09, 0x00, 0x28, 0xFB, 0xFF, 0xFF, 0xFF, 0xFF, 0xFF, 0xFF, 
0xFF, 0xFF, 0xFF, 0x6E, 0x00, 0x00, 0x00, 0x49, 0xF3, 0xFF, 0xFF, 0xFF, 0xFF, 0xFF, 0xFF, 0xFF, 
0x7A, 0x00, 0x00, 0x00, 0x00, 0x00, 0x30, 0xBE, 0xFF, 0xFF, 0xFF, 0xFF, 0xC5, 0x67, 0x00, 0x00, 
0x00, 0x00, 0x00, 0x00, 0x00, 0x00, 0x75, 0xFF, 0xFF, 0xF7, 0x00, 0x00, 0x00, 0x00, 0x00, 0x00, 
0x00, 0x00, 0x00, 0x00, 0x72, 0xFF, 0xFF, 0xEA, 0x00, 0x00, 0x00, 0x00, 0x00, 0x00, 0x00, 0x00, 
0x00, 0x00, 0x72, 0xFF, 0xFF, 0xEA, 0x00, 0x00, 0x00, 0x00, 0x00, 0x00, 0x00, 0x00, 0x00, 0x00, 
0x5A, 0xD3, 0xD3, 0xBD, 0x00, 0x00, 0x00, 0x00, 0x00, 0x00, 0x00, 0x00, 0x00, 0x00, 0x00, 0x22, 
0x50, 0x69, 0x58, 0x36, 0x01, 0x00, 0x00, 0x00, 0x00, 0x00, 0x00, 0x00, 0x13, 0xB9, 0xFE, 0xFF, 
0xFF, 0xFF, 0xFF, 0xDC, 0x42, 0x00, 0x00, 0x00, 0x00, 0x00, 0x0C, 0xC9, 0xFF, 0xFF, 0xFF, 0xFF, 
0xFF, 0xFF, 0xFF, 0xF3, 0x34, 0x00, 0x00, 0x00, 0x00, 0xBB, 0xFF, 0xFF, 0xFF, 0xFF, 0xFF, 0xFF, 
0xFF, 0xFF, 0xFF, 0xEB, 0x1D, 0x00, 0x00, 0x21, 0xFF, 0xFF, 0xFF, 0xFF, 0xFF, 0xE8, 0xFC, 0xFF, 
0xFF, 0xFF, 0xFF, 0x65, 0x00, 0x00, 0x57, 0xFF, 0xFF, 0xFF, 0xFF, 0xB6, 0x01, 0x4B, 0xFF, 0xFF, 
0xFF, 0xFF, 0x9B, 0x00, 0x00, 0x8E, 0xFF, 0xFF, 0xFF, 0xFF, 0x52, 0x00, 0x00, 0xE8, 0xFF, 0xFF, 
0xFF, 0xD0, 0x00, 0x00, 0xBA, 0xFF, 0xFF, 0xFF, 0xFF, 0x3D, 0x00, 0x00, 0x5D, 0x75, 0x75, 0x75, 
0x65, 0x00, 0x00, 0xB9, 0xFF, 0xFF, 0xFF, 0xFF, 0x33, 0x00, 0x00, 0x00, 0x00, 0x00, 0x00, 0x00, 
0x00, 0x00, 0xB3, 0xFF, 0xFF, 0xFF, 0xFF, 0x3C, 0x00, 0x00, 0x00, 0x00, 0x00, 0x00, 0x00, 0x06, 
0x10, 0xBC, 0xFF, 0xFF, 0xFF, 0xFF, 0x55, 0x10, 0x10, 0x10, 0x00, 0x00, 0x00, 0x00, 0x8D, 0xFF, 
0xFF, 0xFF, 0xFF, 0xFF, 0xFF, 0xFF, 0xFF, 0xFF, 0xFF, 0x2E, 0x00, 0x00, 0x00, 0x8F, 0xFF, 0xFF, 
0xFF, 0xFF, 0xFF, 0xFF, 0xFF, 0xFF, 0xFF, 0xFF, 0x2F, 0x00, 0x00, 0x00, 0x8F, 0xFF, 0xFF, 0xFF, 
0xFF, 0xFF, 0xFF, 0xFF, 0xFF, 0xFF, 0xFF, 0x2F, 0x00, 0x00, 0x00, 0x88, 0xFB, 0xFF, 0xFF, 0xFF, 
0xFF, 0xFF, 0xFF, 0xFB, 0xFB, 0xFB, 0x2A, 0x00, 0x00, 0x00, 0x00, 0x00, 0x8B, 0xFF, 0xFF, 0xFF, 
0xFF, 0x71, 0x00, 0x00, 0x00, 0x00, 0x00, 0x00, 0x00, 0x00, 0x00, 0x84, 0xFF, 0xFF, 0xFF, 0xFF, 
0x79, 0x00, 0x00, 0x00, 0x00, 0x00, 0x00, 0x00, 0x00, 0x00, 0x84, 0xFF, 0xFF, 0xFF, 0xFF, 0x68, 
0x00, 0x00, 0x00, 0x00, 0x00, 0x00, 0x00, 0x00, 0x00, 0x9E, 0xFF, 0xFF, 0xFF, 0xFF, 0x30, 0x00, 
0x00, 0x00, 0x00, 0x00, 0x00, 0x00, 0x10, 0x49, 0xFF, 0xFF, 0xFF, 0xFF, 0xFF, 0x2B, 0x28, 0x28, 
0x28, 0x28, 0x28, 0x28, 0x22, 0x85, 0xFF, 0xFF, 0xFF, 0xFF, 0xFF, 0xFF, 0xFF, 0xFF, 0xFF, 0xFF, 
0xFF, 0xFF, 0xFF, 0xFB, 0x85, 0xFF, 0xFF, 0xFF, 0xFF, 0xFF, 0xFF, 0xFF, 0xFF, 0xFF, 0xFF, 0xFF, 
0xFF, 0xFF, 0xFE, 0x85, 0xFF, 0xFF, 0xFF, 0xFF, 0xFF, 0xFF, 0xFF, 0xFF, 0xFF, 0xFF, 0xFF, 0xFF, 
0xFF, 0xFE, 0x81, 0xFF, 0xFF, 0xFF, 0xFF, 0xFF, 0xFF, 0xFF, 0xFF, 0xFF, 0xFF, 0xFF, 0xFF, 0xFF, 
0xFD, 0x00, 0x00, 0x0F, 0x00, 0x00, 0x00, 0x00, 0x00, 0x00, 0x00, 0x00, 0x00, 0x00, 0x00, 0x00, 
0x00, 0x00, 0x0E, 0x03, 0x00, 0x00, 0x00, 0x56, 0xF5, 0x4B, 0x00, 0x00, 0x01, 0x26, 0x5B, 0x8F, 
0x9A, 0x68, 0x33, 0x06, 0x00, 0x00, 0x1B, 0xDC, 0xA4, 0x02, 0x00, 0x52, 0xFB, 0xFF, 0xF8, 0x47, 
0x54, 0xE9, 0xFF, 0xFF, 0xFF, 0xFF, 0xFF, 0xFF, 0xF8, 0x81, 0x1C, 0xD9, 0xFF, 0xFF, 0xA0, 0x02, 
0xC6, 0xFF, 0xFF, 0xFF, 0xFF, 0xFF, 0xFF, 0xFF, 0xFF, 0xFF, 0xFF, 0xFF, 0xFF, 0xFF, 0xFF, 0xFF, 
0xFF, 0xFF, 0xFF, 0xF7, 0x24, 0x16, 0xD5, 0xFF, 0xFF, 0xFF, 0xFF, 0xFF, 0xFF, 0xFD, 0xD6, 0xCA, 
0xF8, 0xFF, 0xFF, 0xFF, 0xFF, 0xFF, 0xFF, 0xF8, 0x47, 0x00, 0x00, 0x18, 0xFF, 0xFF, 0xFF, 0xFF, 
0xF6, 0x6C, 0x0D, 0x00, 0x00, 0x05, 0x48, 0xE2, 0xFF, 0xFF, 0xFF, 0xFF, 0x4C, 0x00, 0x00, 0x00, 
0x2A, 0xFF, 0xFF, 0xFF, 0xDC, 0x2A, 0x00, 0x00, 0x00, 0x00, 0x00, 0x00, 0x11, 0xB6, 0xFF, 0xFF, 
0xFF, 0x63, 0x00, 0x00, 0x00, 0xAA, 0xFF, 0xFF, 0xFE, 0x3C, 0x00, 0x00, 0x00, 0x00, 0x00, 0x00, 
0x00, 0x00, 0x13, 0xEA, 0xFF, 0xFF, 0xE8, 0x00, 0x00, 0x00, 0xDE, 0xFF, 0xFF, 0x9B, 0x00, 0x00, 
0x00, 0x00, 0x00, 0x00, 0x00, 0x00, 0x00, 0x00, 0x5D, 0xFF, 0xFF, 0xFF, 0x1C, 0x00, 0x0F, 0xFF, 
0xFF, 0xFF, 0x45, 0x00, 0x00, 0x00, 0x00, 0x00, 0x00, 0x00, 0x00, 0x00, 0x00, 0x0A, 0xFD, 0xFF, 
0xFF, 0x4C, 0x00, 0x3E, 0xFF, 0xFF, 0xFF, 0x16, 0x00, 0x00, 0x00, 0x00, 0x00, 0x00, 0x00, 0x00, 
0x00, 0x00, 0x00, 0xD8, 0xFF, 0xFF, 0x7B, 0x00, 0x4E, 0xFF, 0xFF, 0xFF, 0x02, 0x00, 0x00, 0x00, 
0x00, 0x00, 0x00, 0x00, 0x00, 0x00, 0x00, 0x00, 0xC1, 0xFF, 0xFF, 0x93, 0x00, 0x2D, 0xFF, 0xFF, 
0xFF, 0x27, 0x00, 0x00, 0x00, 0x00, 0x00, 0x00, 0x00, 0x00, 0x00, 0x00, 0x00, 0xEA, 0xFF, 0xFF, 
0x6A, 0x00, 0x04, 0xF8, 0xFF, 0xFF, 0x59, 0x00, 0x00, 0x00, 0x00, 0x00, 0x00, 0x00, 0x00, 0x00, 
0x00, 0x1B, 0xFF, 0xFF, 0xFF, 0x3A, 0x00, 0x00, 0xCC, 0xFF, 0xFF, 0xD0, 0x04, 0x00, 0x00, 0x00, 
0x00, 0x00, 0x00, 0x00, 0x00, 0x00, 0x97, 0xFF, 0xFF, 0xFE, 0x0C, 0x00, 0x00, 0x84, 0xFF, 0xFF, 
0xFF, 0x76, 0x00, 0x00, 0x00, 0x00, 0x00, 0x00, 0x00, 0x00, 0x3A, 0xFE, 0xFF, 0xFF, 0xC3, 0x00, 
0x00, 0x00, 0x0C, 0xFF, 0xFF, 0xFF, 0xFB, 0x7C, 0x03, 0x00, 0x00, 0x00, 0x00, 0x00, 0x50, 0xEC, 
0xFF, 0xFF, 0xFF, 0x49, 0x00, 0x00, 0x02, 0xA0, 0xFF, 0xFF, 0xFF, 0xFF, 0xFF, 0xC4, 0x66, 0x30, 
0x24, 0x58, 0xA3, 0xFF, 0xFF, 0xFF, 0xFF, 0xFF, 0xDB, 0x1B, 0x00, 0x99, 0xFF, 0xFF, 0xFF, 0xFF, 
0xFF, 0xFF, 0xFF, 0xFF, 0xFF, 0xFF, 0xFF, 0xFF, 0xFF, 0xFF, 0xFF, 0xFF, 0xFF, 0xFF, 0xD9, 0x14, 
0x91, 0xFF, 0xFF, 0xFF, 0xCE, 0xE6, 0xFF, 0xFF, 0xFF, 0xFF, 0xFF, 0xFF, 0xFF, 0xFF, 0xF8, 0xB5, 
0xF8, 0xFF, 0xFF, 0xD4, 0x11, 0x01, 0x98, 0xFF, 0x8C, 0x00, 0x13, 0x91, 0xCD, 0xFA, 0xFF, 0xFF, 
0xFF, 0xDB, 0xA5, 0x2E, 0x00, 0x46, 0xF8, 0xD7, 0x17, 0x00, 0x00, 0x01, 0x4E, 0x00, 0x00, 0x00, 
0x00, 0x00, 0x08, 0x38, 0x43, 0x11, 0x00, 0x00, 0x00, 0x00, 0x00, 0x3B, 0x19, 0x00, 0x00, 0x14, 
0x1F, 0x1F, 0x1F, 0x1F, 0x0B, 0x00, 0x00, 0x00, 0x03, 0x1F, 0x1F, 0x1F, 0x1F, 0x19, 0xAE, 0xFF, 
0xFF, 0xFF, 0xFF, 0x87, 0x00, 0x00, 0x00, 0x4C, 0xFF, 0xFF, 0xFF, 0xFF, 0xDE, 0x55, 0xFF, 0xFF, 
0xFF, 0xFF, 0xD8, 0x00, 0x00, 0x00, 0x9D, 0xFF, 0xFF, 0xFF, 0xFF, 0x86, 0x07, 0xEE, 0xFF, 0xFF, 
0xFF, 0xFF, 0x2A, 0x00, 0x03, 0xEA, 0xFF, 0xFF, 0xFF, 0xFF, 0x28, 0x00, 0x96, 0xFF, 0xFF, 0xFF, 
0xFF, 0x7B, 0x00, 0x3E, 0xFF, 0xFF, 0xFF, 0xFF, 0xC9, 0x00, 0x00, 0x37, 0xFF, 0xFF, 0xFF, 0xFF, 
0xCC, 0x00, 0x8E, 0xFF, 0xFF, 0xFF, 0xFF, 0x6B, 0x00, 0x00, 0x00, 0xD7, 0xFF, 0xFF, 0xFF, 0xFF, 
0x1E, 0xDF, 0xFF, 0xFF, 0xFF, 0xF9, 0x12, 0x00, 0x00, 0x00, 0x78, 0xFF, 0xFF, 0xFF, 0xFF, 0x9F, 
0xFF, 0xFF, 0xFF, 0xFF, 0xAE, 0x00, 0x00, 0x00, 0x00, 0x1B, 0xFD, 0xFF, 0xFF, 0xFF, 0xFF, 0xFF, 
0xFF, 0xFF, 0xFF, 0x4F, 0x00, 0x00, 0x00, 0x00, 0x00, 0xB9, 0xFF, 0xFF, 0xFF, 0xFF, 0xFF, 0xFF, 
0xFF, 0xEB, 0x05, 0x00, 0x00, 0x00, 0x00, 0x00, 0x59, 0xFF, 0xFF, 0xFF, 0xFF, 0xFF, 0xFF, 0xFF, 
0x92, 0x00, 0x00, 0x00, 0x00, 0x00, 0x00, 0x09, 0xF0, 0xFF, 0xFF, 0xFF, 0xFF, 0xFF, 0xFF, 0x33, 
0x00, 0x00, 0x00, 0x00, 0xAD, 0xF8, 0xF8, 0xFF, 0xFF, 0xFF, 0xFF, 0xFF, 0xFF, 0xFF, 0xF8, 0xF8, 
0x7B, 0x00, 0x00, 0xB7, 0xFF, 0xFF, 0xFF, 0xFF, 0xFF, 0xFF, 0xFF, 0xFF, 0xFF, 0xFF, 0xFF, 0x84, 
0x00, 0x00, 0xB6, 0xFF, 0xFF, 0xFF, 0xFF, 0xFF, 0xFF, 0xFF, 0xFF, 0xFF, 0xFF, 0xFF, 0x83, 0x00, 
0x00, 0x11, 0x1E, 0x1E, 0x1E, 0xFF, 0xFF, 0xFF, 0xFF, 0xFF, 0x1E, 0x1E, 0x1E, 0x0B, 0x00, 0x00, 
0x4B, 0x6F, 0x6F, 0x6F, 0xFF, 0xFF, 0xFF, 0xFF, 0xFF, 0x6F, 0x6F, 0x6F, 0x34, 0x00, 0x00, 0xB7, 
0xFF, 0xFF, 0xFF, 0xFF, 0xFF, 0xFF, 0xFF, 0xFF, 0xFF, 0xFF, 0xFF, 0x84, 0x00, 0x00, 0xB7, 0xFF, 
0xFF, 0xFF, 0xFF, 0xFF, 0xFF, 0xFF, 0xFF, 0xFF, 0xFF, 0xFF, 0x84, 0x00, 0x00, 0x70, 0xA3, 0xA3, 
0xA3, 0xFF, 0xFF, 0xFF, 0xFF, 0xFF, 0xA3, 0xA3, 0xA3, 0x50, 0x00, 0x00, 0x00, 0x00, 0x00, 0x00, 
0xEB, 0xFF, 0xFF, 0xFF, 0xFF, 0x00, 0x00, 0x00, 0x00, 0x00, 0x00, 0x00, 0x00, 0x00, 0x00, 0xEB, 
0xFF, 0xFF, 0xFF, 0xFF, 0x00, 0x00, 0x00, 0x00, 0x00, 0x00, 0x00, 0x00, 0x00, 0x00, 0xEB, 0xFF, 
0xFF, 0xFF, 0xFF, 0x00, 0x00, 0x00, 0x00, 0x00, 0x00, 0x00, 0x00, 0x00, 0x00, 0xE7, 0xFF, 0xFF, 
0xFF, 0xFB, 0x00, 0x00, 0x00, 0x00, 0x00, 0x01, 0x1E, 0x1F, 0x1F, 0x1F, 0x03, 0x2D, 0xFF, 0xFF, 
0xFF, 0xFF, 0x3E, 0x2E, 0xFF, 0xFF, 0xFF, 0xFF, 0x3E, 0x2E, 0xFF, 0xFF, 0xFF, 0xFF, 0x3E, 0x2E, 
0xFF, 0xFF, 0xFF, 0xFF, 0x3E, 0x2E, 0xFF, 0xFF, 0xFF, 0xFF, 0x3E, 0x2E, 0xFF, 0xFF, 0xFF, 0xFF, 
0x3E, 0x2E, 0xFF, 0xFF, 0xFF, 0xFF, 0x3E, 0x2E, 0xFF, 0xFF, 0xFF, 0xFF, 0x3E, 0x2E, 0xFF, 0xFF, 
0xFF, 0xFF, 0x3E, 0x2E, 0xFF, 0xFF, 0xFF, 0xFF, 0x3E, 0x2E, 0xFF, 0xFF, 0xFF, 0xFF, 0x3E, 0x2D, 
0xFF, 0xFF, 0xFF, 0xFF, 0x3D, 0x01, 0x17, 0x18, 0x18, 0x18, 0x02, 0x00, 0x00, 0x00, 0x00, 0x00, 
0x00, 0x16, 0x93, 0x93, 0x93, 0x93, 0x1F, 0x2E, 0xFF, 0xFF, 0xFF, 0xFF, 0x3E, 0x2E, 0xFF, 0xFF, 
0xFF, 0xFF, 0x3E, 0x2E, 0xFF, 0xFF, 0xFF, 0xFF, 0x3E, 0x2E, 0xFF, 0xFF, 0xFF, 0xFF, 0x3E, 0x2E, 
0xFF, 0xFF, 0xFF, 0xFF, 0x3E, 0x2E, 0xFF, 0xFF, 0xFF, 0xFF, 0x3E, 0x2E, 0xFF, 0xFF, 0xFF, 0xFF, 
0x3E, 0x2E, 0xFF, 0xFF, 0xFF, 0xFF, 0x3E, 0x2E, 0xFF, 0xFF, 0xFF, 0xFF, 0x3E, 0x2E, 0xFF, 0xFF, 
0xFF, 0xFF, 0x3E, 0x2E, 0xFF, 0xFF, 0xFF, 0xFF, 0x3E, 0x2E, 0xFF, 0xFF, 0xFF, 0xFF, 0x3E, 0x05, 
0x37, 0x37, 0x37, 0x37, 0x09, 0x00, 0x00, 0x00, 0x00, 0x02, 0x21, 0x47, 0x69, 0x53, 0x1E, 0x00, 
0x00, 0x00, 0x00, 0x00, 0x00, 0x00, 0x00, 0x01, 0x5B, 0xDF, 0xFF, 0xFF, 0xFF, 0xFF, 0xFF, 0xE9, 
0xAA, 0x12, 0x00, 0x00, 0x00, 0x00, 0x01, 0xB3, 0xFF, 0xFF, 0xFF, 0xFF, 0xFF, 0xFF, 0xFF, 0xFF, 
0xFF, 0xD3, 0x19, 0x00, 0x00, 0x00, 0x7A, 0xFF, 0xFF, 0xFF, 0xFF, 0xFF, 0xFF, 0xFF, 0xFF, 0xFF, 
0xFF, 0xFF, 0xDD, 0x12, 0x00, 0x05, 0xF8, 0xFF, 0xFF, 0xFF, 0xFF, 0xE7, 0xB1, 0xD5, 0xFF, 0xFF, 
0xFF, 0xFF, 0xFF, 0x71, 0x00, 0x30, 0xFF, 0xFF, 0xFF, 0xFF, 0xCF, 0x0F, 0x00, 0x00, 0x8F, 0xFF, 
0xFF, 0xFF, 0xFF, 0xC0, 0x00, 0x5C, 0xFF, 0xFF, 0xFF, 0xFF, 0x75, 0x00, 0x00, 0x00, 0x09, 0xFC, 
0xFF, 0xFF, 0xFF, 0xDD, 0x00, 0x48, 0xFF, 0xFF, 0xFF, 0xFF, 0x98, 0x00, 0x00, 0x00, 0x00, 0x83, 
0x96, 0x96, 0x96, 0x84, 0x00, 0x1E, 0xFF, 0xFF, 0xFF, 0xFF, 0xFE, 0x89, 0x0F, 0x00, 0x00, 0x00, 
0x00, 0x00, 0x00, 0x00, 0x00, 0x00, 0xDE, 0xFF, 0xFF, 0xFF, 0xFF, 0xFF, 0xF6, 0xA4, 0x43, 0x01, 
0x00, 0x00, 0x00, 0x00, 0x00, 0x00, 0x3E, 0xFF, 0xFF, 0xFF, 0xFF, 0xFF, 0xFF, 0xFF, 0xFF, 0xDF, 
0x77, 0x06, 0x00, 0x00, 0x00, 0x00, 0x1F, 0xFF, 0xFF, 0xFF, 0xFF, 0xFF, 0xFF, 0xFF, 0xFF, 0xFF, 
0xFF, 0xD2, 0x30, 0x00, 0x00, 0x08, 0xCD, 0xFF, 0xFF, 0xFF, 0xFF, 0xFF, 0xFF, 0xFF, 0xFF, 0xFF, 
0xFF, 0xFF, 0xE9, 0x15, 0x00, 0x56, 0xFF, 0xFF, 0xFF, 0xFF, 0xA6, 0x78, 0xE0, 0xFF, 0xFF, 0xFF, 
0xFF, 0xFF, 0xFF, 0xA6, 0x00, 0x8A, 0xFF, 0xFF, 0xFF, 0xFF, 0x2D, 0x00, 0x03, 0x58, 0xE5, 0xFF, 
0xFF, 0xFF, 0xFF, 0xEE, 0x00, 0xAE, 0xFF, 0xFF, 0xFF, 0xFF, 0x28, 0x00, 0x00, 0x00, 0x16, 0xE6, 
0xFF, 0xFF, 0xFF, 0xFF, 0x1A, 0x8D, 0xFF, 0xFF, 0xFF, 0xFF, 0xA3, 0x04, 0x00, 0x00, 0x00, 0x95, 
0xFF, 0xFF, 0xFF, 0xFF, 0x2E, 0x61, 0xFF, 0xFF, 0xFF, 0xFF, 0xFF, 0xCD, 0x51, 0x02, 0x00, 0xB0, 
0xFF, 0xFF, 0xFF, 0xF8, 0x06, 0x15, 0xEA, 0xFF, 0xFF, 0xFF, 0xFF, 0xFF, 0xFF, 0xE1, 0xD3, 0xFF, 
0xFF, 0xFF, 0xFF, 0xC6, 0x00, 0x00, 0x51, 0xFE, 0xFF, 0xFF, 0xFF, 0xFF, 0xFF, 0xFF, 0xFF, 0xFF, 
0xFF, 0xFF, 0xF5, 0x30, 0x00, 0x00, 0x00, 0x43, 0xE0, 0xFF, 0xFF, 0xFF, 0xFF, 0xFF, 0xFF, 0xFF, 
0xFF, 0xFF, 0x86, 0x00, 0x00, 0x00, 0x00, 0x00, 0x0C, 0x6E, 0xD1, 0xFF, 0xFF, 0xFF, 0xFF, 0xFF, 
0xFF, 0xFF, 0xE0, 0x0E, 0x00, 0x00, 0x00, 0x00, 0x00, 0x00, 0x00, 0x35, 0x9E, 0xF6, 0xFF, 0xFF, 
0xFF, 0xFF, 0xFF, 0x7C, 0x00, 0x00, 0x00, 0x00, 0x00, 0x00, 0x00, 0x00, 0x00, 0x1E, 0xBE, 0xFF, 
0xFF, 0xFF, 0xFF, 0xAC, 0x00, 0x91, 0xD1, 0xD1, 0xD2, 0xD2, 0x17, 0x00, 0x00, 0x00, 0x0F, 0xF9, 
0xFF, 0xFF, 0xFF, 0xD6, 0x00, 0x88, 0xFF, 0xFF, 0xFF, 0xFF, 0x50, 0x00, 0x00, 0x00, 0x09, 0xFA, 
0xFF, 0xFF, 0xFF, 0xD6, 0x00, 0x56, 0xFF, 0xFF, 0xFF, 0xFF, 0xE2, 0x42, 0x04, 0x1F, 0xA7, 0xFF, 
0xFF, 0xFF, 0xFF, 0xA5, 0x00, 0x1F, 0xFC, 0xFF, 0xFF, 0xFF, 0xFF, 0xFF, 0xFF, 0xFF, 0xFF, 0xFF, 
0xFF, 0xFF, 0xFF, 0x6E, 0x00, 0x00, 0x6E, 0xFF, 0xFF, 0xFF, 0xFF, 0xFF, 0xFF, 0xFF, 0xFF, 0xFF, 
0xFF, 0xFF, 0xCB, 0x06, 0x00, 0x00, 0x00, 0x8B, 0xFC, 0xFF, 0xFF, 0xFF, 0xFF, 0xFF, 0xFF, 0xFF, 
0xFF, 0xD2, 0x20, 0x00, 0x00, 0x00, 0x00, 0x00, 0x20, 0x90, 0xD2, 0xF1, 0xFF, 0xFB, 0xDD, 0xB9, 
0x56, 0x01, 0x00, 0x00, 0x00, 0x00, 0x00, 0x00, 0x00, 0x00, 0x00, 0x00, 0x0D, 0x04, 0x00, 0x00, 
0x00, 0x00, 0x00, 0x00, 0x00, 0x04, 0x56, 0xA5, 0x72, 0x13, 0x00, 0x00, 0x00, 0x19, 0x7B, 0xA3, 
0x4E, 0x01, 0x61, 0xFF, 0xFF, 0xFF, 0xA7, 0x00, 0x00, 0x00, 0xC1, 0xFF, 0xFF, 0xFF, 0x46, 0xA2, 
0xFF, 0xFF, 0xFF, 0xF8, 0x00, 0x00, 0x07, 0xFB, 0xFF, 0xFF, 0xFF, 0x96, 0x56, 0xFF, 0xFF, 0xFF, 
0xA7, 0x00, 0x00, 0x00, 0xB8, 0xFF, 0xFF, 0xFF, 0x46, 0x02, 0x48, 0x97, 0x63, 0x0D, 0x00, 0x00, 
0x00, 0x13, 0x6D, 0x96, 0x41, 0x00, 0x00, 0x00, 0x00, 0x00, 0x00, 0x00, 0x00, 0x00, 0x10, 0x42, 
0x5B, 0x6C, 0x59, 0x3F, 0x0B, 0x00, 0x00, 0x00, 0x00, 0x00, 0x00, 0x00, 0x00, 0x00, 0x00, 0x00, 
0x00, 0x00, 0x00, 0x3D, 0xB8, 0xFA, 0xFF, 0xFF, 0xFF, 0xFF, 0xFF, 0xF7, 0xB0, 0x2F, 0x00, 0x00, 
0x00, 0x00, 0x00, 0x00, 0x00, 0x00, 0x00, 0x00, 0x06, 0x88, 0xFD, 0xFF, 0xFF, 0xFF, 0xFF, 0xFB, 
0xFF, 0xFF, 0xFF, 0xFF, 0xF9, 0x76, 0x02, 0x00, 0x00, 0x00, 0x00, 0x00, 0x00, 0x00, 0x2A, 0xCF, 
0xFF, 0xFF, 0xEC, 0x89, 0x54, 0x20, 0x01, 0x25, 0x5A, 0x90, 0xF4, 0xFF, 0xFF, 0xC1, 0x1E, 0x00, 
0x00, 0x00, 0x00, 0x00, 0x0F, 0xE4, 0xFF, 0xFF, 0xB8, 0x19, 0x00, 0x00, 0x00, 0x00, 0x00, 0x00, 
0x00, 0x24, 0xC8, 0xFF, 0xFF, 0xD3, 0x05, 0x00, 0x00, 0x00, 0x00, 0x98, 0xFF, 0xFF, 0x6F, 0x01, 
0x00, 0x12, 0x53, 0x97, 0xB6, 0x95, 0x68, 0x09, 0x00, 0x04, 0x86, 0xFF, 0xFF, 0x7D, 0x00, 0x00, 
0x00, 0x3E, 0xFE, 0xFF, 0x9D, 0x00, 0x00, 0x48, 0xFB, 0xFF, 0xFF, 0xFF, 0xFF, 0xFF, 0xE3, 0x3C, 
0x00, 0x00, 0xB7, 0xFF, 0xF8, 0x28, 0x00, 0x02, 0xD9, 0xFF, 0xE8, 0x11, 0x00, 0x34, 0xF4, 0xFF, 
0xFF, 0xF9, 0xEA, 0xFF, 0xFF, 0xFF, 0xE3, 0x10, 0x00, 0x20, 0xF4, 0xFF, 0xBF, 0x00, 0x38, 0xFF, 
0xFF, 0x58, 0x00, 0x00, 0xCE, 0xFF, 0xFF, 0x97, 0x0D, 0x01, 0x33, 0xCB, 0xFF, 0xFF, 0x64, 0x00, 
0x00, 0x74, 0xFF, 0xFF, 0x1C, 0x82, 0xFF, 0xFC, 0x09, 0x00, 0x0A, 0xFB, 0xFF, 0xD5, 0x06, 0x00, 
0x00, 0x00, 0x4C, 0xFF, 0xFF, 0x8E, 0x00, 0x00, 0x22, 0xFF, 0xFF, 0x65, 0xAB, 0xFF, 0xD6, 0x00, 
0x00, 0x3C, 0xFF, 0xFF, 0x93, 0x00, 0x00, 0x00, 0x00, 0x18, 0x8D, 0x8D, 0x55, 0x00, 0x00, 0x01, 
0xF1, 0xFF, 0x8E, 0xC2, 0xFF, 0xA7, 0x00, 0x00, 0x65, 0xFF, 0xFF, 0x6A, 0x00, 0x00, 0x00, 0x00, 
0x00, 0x00, 0x00, 0x00, 0x00, 0x00, 0x00, 0xC4, 0xFF, 0xA5, 0xC8, 0xFF, 0x91, 0x00, 0x00, 0x67, 
0xFF, 0xFF, 0x60, 0x00, 0x00, 0x00, 0x00, 0x00, 0x00, 0x00, 0x00, 0x00, 0x00, 0x00, 0xA6, 0xFF, 
0xB3, 0xBF, 0xFF, 0xAE, 0x00, 0x00, 0x62, 0xFF, 0xFF, 0x6F, 0x00, 0x00, 0x00, 0x00, 0x00, 0x00, 
0x00, 0x00, 0x00, 0x00, 0x00, 0xCB, 0xFF, 0xA1, 0xA8, 0xFF, 0xDD, 0x00, 0x00, 0x34, 0xFF, 0xFF, 
0x99, 0x00, 0x00, 0x00, 0x00, 0x1F, 0xAC, 0xAD, 0x66, 0x00, 0x00, 0x03, 0xF6, 0xFF, 0x8A, 0x77, 
0xFF, 0xFE, 0x0E, 0x00, 0x06, 0xF8, 0xFF, 0xE1, 0x0E, 0x00, 0x00, 0x00, 0x58, 0xFF, 0xFF, 0x85, 
0x00, 0x00, 0x29, 0xFF, 0xFF, 0x5A, 0x2D, 0xFF, 0xFF, 0x6D, 0x00, 0x00, 0xC1, 0xFF, 0xFF, 0xB2, 
0x2A, 0x0E, 0x55, 0xDC, 0xFF, 0xFF, 0x5A, 0x00, 0x00, 0x89, 0xFF, 0xFD, 0x13, 0x00, 0xC6, 0xFF, 
0xF3, 0x1D, 0x00, 0x21, 0xE7, 0xFF, 0xFF, 0xFF, 0xFF, 0xFF, 0xFF, 0xFF, 0xD2, 0x06, 0x00, 0x30, 
0xFB, 0xFF, 0xAA, 0x00, 0x00, 0x2B, 0xF9, 0xFF, 0xB3, 0x00, 0x00, 0x32, 0xE8, 0xFF, 0xFF, 0xFF, 
0xFF, 0xFF, 0xC8, 0x28, 0x00, 0x03, 0xCB, 0xFF, 0xEF, 0x19, 0x00, 0x00, 0x00, 0x80, 0xFF, 0xFF, 
0x92, 0x08, 0x00, 0x01, 0x30, 0x74, 0x93, 0x72, 0x45, 0x00, 0x00, 0x0E, 0xA6, 0xFF, 0xFF, 0x65, 
0x00, 0x00, 0x00, 0x00, 0x06, 0xD5, 0xFF, 0xFF, 0xD3, 0x2D, 0x00, 0x00, 0x00, 0x00, 0x00, 0x00, 
0x00, 0x3C, 0xDF, 0xFF, 0xFF, 0xC0, 0x01, 0x00, 0x00, 0x00, 0x00, 0x00, 0x15, 0xB1, 0xFF, 0xFF, 
0xF8, 0xA9, 0x73, 0x3E, 0x1B, 0x43, 0x79, 0xB0, 0xFC, 0xFF, 0xFF, 0xA0, 0x0D, 0x00, 0x00, 0x00, 
0x00, 0x00, 0x00, 0x00, 0x00, 0x66, 0xF4, 0xFF, 0xFF, 0xFF, 0xFF, 0xFF, 0xFF, 0xFF, 0xFF, 0xFF, 
0xED, 0x54, 0x00, 0x00, 0x00, 0x00, 0x00, 0x00, 0x00, 0x00, 0x00, 0x00, 0x00, 0x25, 0x99, 0xE8, 
0xFF, 0xFF, 0xFF, 0xFF, 0xFF, 0xE2, 0x91, 0x1B, 0x00, 0x00, 0x00, 0x00, 0x00, 0x00, 0x00, 0x00, 
0x00, 0x00, 0x00, 0x00, 0x00, 0x00, 0x02, 0x23, 0x3D, 0x4E, 0x3B, 0x21, 0x01, 0x00, 0x00, 0x00, 
0x00, 0x00, 0x00, 0x00, 0x00, 0x00, 0x00, 0x00, 0x11, 0x47, 0x6A, 0x3A, 0x06, 0x00, 0x00, 0x00, 
0x00, 0x78, 0xFE, 0xFF, 0xFF, 0xFF, 0xEC, 0x2D, 0x00, 0x00, 0x63, 0xFF, 0xFF, 0xFF, 0xFF, 0xFF, 
0xFF, 0xE8, 0x0C, 0x00, 0xB3, 0xFF, 0xFF, 0xBB, 0x65, 0xEB, 0xFF, 0xFF, 0x3F, 0x00, 0x8A, 0xB2, 
0xC8, 0x26, 0x00, 0x8D, 0xFF, 0xFF, 0x73, 0x00, 0x00, 0x00, 0x08, 0x2F, 0x52, 0xCA, 0xFF, 0xFF, 
0x87, 0x00, 0x10, 0xA8, 0xFD, 0xFF, 0xFF, 0xFF, 0xFF, 0xFF, 0x87, 0x00, 0xAC, 0xFF, 0xFF, 0xFF, 
0xED, 0xFF, 0xFF, 0xFF, 0x87, 0x02, 0xEF, 0xFF, 0xFF, 0x4D, 0x00, 0x75, 0xFF, 0xFF, 0x87, 0x1E, 
0xFF, 0xFF, 0xF5, 0x03, 0x00, 0xD1, 0xFF, 0xFF, 0x87, 0x06, 0xFC, 0xFF, 0xFF, 0xB0, 0xA2, 0xFF, 
0xFF, 0xFF, 0x8F, 0x00, 0xB1, 0xFF, 0xFF, 0xFF, 0xFF, 0xFF, 0xFF, 0xFF, 0xA6, 0x00, 0x1B, 0xC3, 
0xFF, 0xFF, 0xF5, 0xA2, 0xFA, 0xFA, 0xC4, 0x00, 0x00, 0x00, 0x16, 0x2B, 0x04, 0x00, 0x00, 0x00, 
0x00, 0x00, 0x00, 0x00, 0x00, 0x85, 0xCF, 0xCF, 0x7C, 0x00, 0x47, 0xD3, 0xD3, 0xC0, 0x00, 0x00, 
0x00, 0x32, 0xFD, 0xFF, 0xFF, 0x3F, 0x07, 0xDA, 0xFF, 0xFF, 0x8D, 0x00, 0x00, 0x01, 0xC7, 0xFF, 
0xFF, 0xC4, 0x00, 0x7B, 0xFF, 0xFF, 0xF8, 0x19, 0x00, 0x00, 0x61, 0xFF, 0xFF, 0xFF, 0x48, 0x1E, 
0xF5, 0xFF, 0xFF, 0x96, 0x00, 0x00, 0x10, 0xEA, 0xFF, 0xFF, 0xCC, 0x00, 0xAC, 0xFF, 0xFF, 0xFB, 
0x1F, 0x00, 0x00, 0x93, 0xFF, 0xFF, 0xFF, 0x51, 0x46, 0xFF, 0xFF, 0xFF, 0x9F, 0x00, 0x00, 0x0E, 
0xFF, 0xFF, 0xFF, 0xFF, 0x01, 0xFF, 0xFF, 0xFF, 0xFF, 0x3B, 0x00, 0x00, 0x00, 0xB7, 0xFF, 0xFF, 
0xFF, 0x34, 0x65, 0xFF, 0xFF, 0xFF, 0x85, 0x00, 0x00, 0x00, 0x25, 0xF9, 0xFF, 0xFF, 0xAF, 0x02, 
0xCA, 0xFF, 0xFF, 0xF1, 0x10, 0x00, 0x00, 0x00, 0x86, 0xFF, 0xFF, 0xFE, 0x2C, 0x35, 0xFD, 0xFF, 
0xFF, 0x7D, 0x00, 0x00, 0x00, 0x0A, 0xE2, 0xFF, 0xFF, 0xA6, 0x00, 0x9A, 0xFF, 0xFF, 0xEC, 0x0B, 
0x00, 0x00, 0x00, 0x54, 0xFF, 0xFF, 0xFC, 0x25, 0x14, 0xED, 0xFF, 0xFF, 0x74, 0x00, 0x00, 0x00, 
0x00, 0xBA, 0xFF, 0xFF, 0x90, 0x00, 0x68, 0xFF, 0xFF, 0xE1, 0x00, 0x00, 0x00, 0x00, 0x05, 0x0C, 
0x0C, 0x06, 0x00, 0x00, 0x08, 0x08, 0x06, 0x2B, 0xF1, 0xF1, 0xF1, 0xF1, 0xF1, 0xF1, 0xF1, 0xF1, 
0xF1, 0xF1, 0xF1, 0x33, 0x32, 0xFF, 0xFF, 0xFF, 0xFF, 0xFF, 0xFF, 0xFF, 0xFF, 0xFF, 0xFF, 0xFF, 
0x64, 0x31, 0xFF, 0xFF, 0xFF, 0xFF, 0xFF, 0xFF, 0xFF, 0xFF, 0xFF, 0xFF, 0xFF, 0x76, 0x01, 0x19, 
0x19, 0x19, 0x19, 0x19, 0x19, 0x19, 0x39, 0xFF, 0xFF, 0xFF, 0x3E, 0x00, 0x00, 0x00, 0x00, 0x00, 
0x00, 0x00, 0x00, 0x1F, 0xFF, 0xFF, 0xFF, 0x3B, 0x00, 0x00, 0x00, 0x00, 0x00, 0x00, 0x00, 0x00, 
0x1F, 0xFF, 0xFF, 0xFF, 0x3B, 0x00, 0x00, 0x00, 0x00, 0x00, 0x00, 0x00, 0x00, 0x1F, 0xFF, 0xFF, 
0xFF, 0x3B, 0x00, 0x00, 0x00, 0x00, 0x00, 0x00, 0x00, 0x00, 0x01, 0x28, 0x29, 0x29, 0x05, 0x43, 
0xF3, 0xF3, 0xF3, 0xF3, 0xF3, 0xF3, 0xF3, 0xA2, 0x4B, 0xFF, 0xFF, 0xFF, 0xFF, 0xFF, 0xFF, 0xFF, 
0xAF, 0x4B, 0xFF, 0xFF, 0xFF, 0xFF, 0xFF, 0xFF, 0xFF, 0xAF, 0x49, 0xFF, 0xFF, 0xFF, 0xFF, 0xFF, 
0xFF, 0xFF, 0xAD, 0x02, 0x10, 0x10, 0x10, 0x10, 0x10, 0x10, 0x10, 0x08, 0x00, 0x00, 0x00, 0x00, 
0x00, 0x00, 0x00, 0x00, 0x10, 0x42, 0x5B, 0x6C, 0x59, 0x3F, 0x0B, 0x00, 0x00, 0x00, 0x00, 0x00, 
0x00, 0x00, 0x00, 0x00, 0x00, 0x00, 0x00, 0x00, 0x00, 0x3D, 0xB9, 0xFA, 0xFF, 0xFF, 0xFF, 0xFF, 
0xFF, 0xF6, 0xB0, 0x2F, 0x00, 0x00, 0x00, 0x00, 0x00, 0x00, 0x00, 0x00, 0x00, 0x00, 0x06, 0x88, 
0xFD, 0xFF, 0xFF, 0xFF, 0xFF, 0xFB, 0xFF, 0xFF, 0xFF, 0xFF, 0xF9, 0x75, 0x02, 0x00, 0x00, 0x00, 
0x00, 0x00, 0x00, 0x00, 0x2B, 0xCF, 0xFF, 0xFF, 0xED, 0x8A, 0x55, 0x20, 0x01, 0x25, 0x5A, 0x91, 
0xF4, 0xFF, 0xFF, 0xC0, 0x1E, 0x00, 0x00, 0x00, 0x00, 0x00, 0x0F, 0xE5, 0xFF, 0xFF, 0xB9, 0x1A, 
0x00, 0x00, 0x00, 0x00, 0x00, 0x00, 0x00, 0x24, 0xC8, 0xFF, 0xFF, 0xD2, 0x05, 0x00, 0x00, 0x00, 
0x00, 0x99, 0xFF, 0xFF, 0x70, 0x2E, 0x95, 0x95, 0x95, 0x95, 0x8E, 0x66, 0x3A, 0x06, 0x00, 0x04, 
0x87, 0xFF, 0xFF, 0x7C, 0x00, 0x00, 0x00, 0x40, 0xFE, 0xFF, 0x9D, 0x00, 0x55, 0xFF, 0xFF, 0xFF, 
0xFF, 0xFF, 0xFF, 0xFF, 0xCB, 0x1E, 0x00, 0x00, 0xB8, 0xFF, 0xF8, 0x28, 0x00, 0x02, 0xDA, 0xFF, 
0xE8, 0x11, 0x00, 0x55, 0xFF, 0xFF, 0xEF, 0xDD, 0xEA, 0xFF, 0xFF, 0xFF, 0xE6, 0x02, 0x00, 0x20, 
0xF4, 0xFF, 0xBF, 0x00, 0x39, 0xFF, 0xFF, 0x59, 0x00, 0x00, 0x55, 0xFF, 0xFF, 0x64, 0x00, 0x00, 
0x12, 0xB9, 0xFF, 0xFF, 0x38, 0x00, 0x00, 0x74, 0xFF, 0xFF, 0x1D, 0x83, 0xFF, 0xFD, 0x0A, 0x00, 
0x00, 0x55, 0xFF, 0xFF, 0x64, 0x00, 0x00, 0x00, 0x57, 0xFF, 0xFF, 0x76, 0x00, 0x00, 0x21, 0xFF, 
0xFF, 0x67, 0xAD, 0xFF, 0xD8, 0x00, 0x00, 0x00, 0x55, 0xFF, 0xFF, 0x64, 0x00, 0x00, 0x0A, 0xAE, 
0xFF, 0xFF, 0x54, 0x00, 0x00, 0x01, 0xF0, 0xFF, 0x90, 0xC4, 0xFF, 0xA9, 0x00, 0x00, 0x00, 0x55, 
0xFF, 0xFF, 0xFF, 0xA9, 0xC9, 0xFF, 0xFF, 0xFF, 0xD9, 0x0F, 0x00, 0x00, 0x00, 0xC2, 0xFF, 0xA7, 
0xC9, 0xFF, 0x94, 0x00, 0x00, 0x00, 0x55, 0xFF, 0xFF, 0xFF, 0xFF, 0xFF, 0xFF, 0xFF, 0xFF, 0x47, 
0x00, 0x00, 0x00, 0x00, 0xA3, 0xFF, 0xB6, 0xC0, 0xFF, 0xB0, 0x00, 0x00, 0x00, 0x55, 0xFF, 0xFF, 
0xFF, 0xCD, 0xFF, 0xFF, 0xFF, 0xFF, 0xE3, 0x09, 0x00, 0x00, 0x00, 0xC9, 0xFF, 0xA4, 0xA9, 0xFF, 
0xDF, 0x00, 0x00, 0x00, 0x55, 0xFF, 0xFF, 0x64, 0x00, 0x00, 0x1C, 0xC6, 0xFF, 0xFF, 0x4B, 0x00, 
0x00, 0x02, 0xF5, 0xFF, 0x8D, 0x79, 0xFF, 0xFF, 0x0F, 0x00, 0x00, 0x55, 0xFF, 0xFF, 0x64, 0x00, 
0x00, 0x00, 0x6B, 0xFF, 0xFF, 0x6E, 0x00, 0x00, 0x28, 0xFF, 0xFF, 0x5C, 0x2E, 0xFF, 0xFF, 0x6E, 
0x00, 0x00, 0x55, 0xFF, 0xFF, 0x64, 0x00, 0x00, 0x00, 0x45, 0xFF, 0xFF, 0x76, 0x00, 0x00, 0x89, 
0xFF, 0xFD, 0x14, 0x00, 0xC7, 0xFF, 0xF3, 0x1E, 0x00, 0x55, 0xFF, 0xFF, 0x64, 0x00, 0x00, 0x00, 
0x41, 0xFF, 0xFF, 0x85, 0x00, 0x30, 0xFB, 0xFF, 0xAB, 0x00, 0x00, 0x2C, 0xFA, 0xFF, 0xB4, 0x00, 
0x53, 0xFF, 0xFF, 0x62, 0x00, 0x00, 0x00, 0x27, 0xFF, 0xFF, 0xB0, 0x03, 0xCC, 0xFF, 0xEF, 0x19, 
0x00, 0x00, 0x00, 0x81, 0xFF, 0xFF, 0x93, 0x0A, 0x0E, 0x0E, 0x03, 0x00, 0x00, 0x00, 0x01, 0x0E, 
0x0E, 0x17, 0xA7, 0xFF, 0xFF, 0x64, 0x00, 0x00, 0x00, 0x00, 0x06, 0xD6, 0xFF, 0xFF, 0xD4, 0x2E, 
0x00, 0x00, 0x00, 0x00, 0x00, 0x00, 0x00, 0x3D, 0xE0, 0xFF, 0xFF, 0xBF, 0x01, 0x00, 0x00, 0x00, 
0x00, 0x00, 0x16, 0xB2, 0xFF, 0xFF, 0xF9, 0xA9, 0x74, 0x3E, 0x1B, 0x43, 0x79, 0xB0, 0xFD, 0xFF, 
0xFF, 0x9F, 0x0D, 0x00, 0x00, 0x00, 0x00, 0x00, 0x00, 0x00, 0x00, 0x67, 0xF5, 0xFF, 0xFF, 0xFF, 
0xFF, 0xFF, 0xFF, 0xFF, 0xFF, 0xFF, 0xED, 0x53, 0x00, 0x00, 0x00, 0x00, 0x00, 0x00, 0x00, 0x00, 
0x00, 0x00, 0x00, 0x26, 0x99, 0xE9, 0xFF, 0xFF, 0xFF, 0xFF, 0xFF, 0xE2, 0x91, 0x1A, 0x00, 0x00, 
0x00, 0x00, 0x00, 0x00, 0x00, 0x00, 0x00, 0x00, 0x00, 0x00, 0x00, 0x00, 0x02, 0x24, 0x3D, 0x4E, 
0x3B, 0x21, 0x00, 0x00, 0x00, 0x00, 0x00, 0x00, 0x00, 0x00, 0x00, 0x0B, 0x1A, 0x1A, 0x1A, 0x1A, 
0x1A, 0x1A, 0x1A, 0x1A, 0x1A, 0x00, 0x8F, 0xFF, 0xFF, 0xFF, 0xFF, 0xFF, 0xFF, 0xFF, 0xFF, 0xFF, 
0x27, 0x90, 0xFF, 0xFF, 0xFF, 0xFF, 0xFF, 0xFF, 0xFF, 0xFF, 0xFF, 0x28, 0x7A, 0xE0, 0xE0, 0xE0, 
0xE0, 0xE0, 0xE0, 0xE0, 0xE0, 0xE0, 0x1F, 0x00, 0x00, 0x00, 0x0A, 0x49, 0x63, 0x22, 0x00, 0x00, 
0x00, 0x00, 0x00, 0x6D, 0xF8, 0xFF, 0xFF, 0xFF, 0xC5, 0x0F, 0x00, 0x00, 0x64, 0xFF, 0xFF, 0xFF, 
0xFF, 0xFF, 0xFF, 0xC7, 0x05, 0x00, 0xD6, 0xFF, 0xFF, 0x9F, 0x78, 0xE2, 0xFF, 0xFF, 0x3E, 0x19, 
0xFF, 0xFF, 0xC6, 0x00, 0x00, 0x57, 0xFF, 0xFF, 0x80, 0x1A, 0xFF, 0xFF, 0xC3, 0x00, 0x00, 0x4F, 
0xFF, 0xFF, 0x86, 0x00, 0xDE, 0xFF, 0xFE, 0x8F, 0x69, 0xD9, 0xFF, 0xFF, 0x45, 0x00, 0x74, 0xFF, 
0xFF, 0xFF, 0xFF, 0xFF, 0xFF, 0xD5, 0x09, 0x00, 0x00, 0x7F, 0xFE, 0xFF, 0xFF, 0xFF, 0xD5, 0x17, 
0x00, 0x00, 0x00, 0x00, 0x14, 0x58, 0x71, 0x32, 0x01, 0x00, 0x00, 0x00, 0x00, 0x00, 0x00, 0x3D, 
0x79, 0x79, 0x79, 0x4C, 0x00, 0x00, 0x00, 0x00, 0x00, 0x00, 0x00, 0x00, 0x8A, 0xFF, 0xFF, 0xFF, 
0xAA, 0x00, 0x00, 0x00, 0x00, 0x00, 0x00, 0x00, 0x00, 0x8A, 0xFF, 0xFF, 0xFF, 0xAA, 0x00, 0x00, 
0x00, 0x00, 0x00, 0x00, 0x00, 0x00, 0x8A, 0xFF, 0xFF, 0xFF, 0xAA, 0x00, 0x00, 0x00, 0x00, 0x00, 
0x00, 0x00, 0x00, 0x8A, 0xFF, 0xFF, 0xFF, 0xAA, 0x00, 0x00, 0x00, 0x00, 0x0C, 0x18, 0x18, 0x18, 
0xA2, 0xFF, 0xFF, 0xFF, 0xC3, 0x18, 0x18, 0x18, 0x0E, 0xA5, 0xFF, 0xFF, 0xFF, 0xFF, 0xFF, 0xFF, 
0xFF, 0xFF, 0xFF, 0xFF, 0xFF, 0xBB, 0xA6, 0xFF, 0xFF, 0xFF, 0xFF, 0xFF, 0xFF, 0xFF, 0xFF, 0xFF, 
0xFF, 0xFF, 0xBC, 0xA6, 0xFF, 0xFF, 0xFF, 0xFF, 0xFF, 0xFF, 0xFF, 0xFF, 0xFF, 0xFF, 0xFF, 0xBC, 
0xA3, 0xFF, 0xFF, 0xFF, 0xFF, 0xFF, 0xFF, 0xFF, 0xFF, 0xFF, 0xFF, 0xFF, 0xB9, 0x03, 0x07, 0x07, 
0x07, 0x91, 0xFF, 0xFF, 0xFF, 0xB2, 0x07, 0x07, 0x07, 0x04, 0x00, 0x00, 0x00, 0x00, 0x8A, 0xFF, 
0xFF, 0xFF, 0xAA, 0x00, 0x00, 0x00, 0x00, 0x00, 0x00, 0x00, 0x00, 0x8A, 0xFF, 0xFF, 0xFF, 0xAA, 
0x00, 0x00, 0x00, 0x00, 0x00, 0x00, 0x00, 0x00, 0x8A, 0xFF, 0xFF, 0xFF, 0xAA, 0x00, 0x00, 0x00, 
0x00, 0x00, 0x00, 0x00, 0x00, 0x8A, 0xFF, 0xFF, 0xFF, 0xAA, 0x00, 0x00, 0x00, 0x00, 0x00, 0x00, 
0x00, 0x00, 0x5F, 0xB9, 0xB9, 0xB9, 0x77, 0x00, 0x00, 0x00, 0x00, 0x05, 0x14, 0x14, 0x14, 0x14, 
0x14, 0x14, 0x14, 0x14, 0x14, 0x14, 0x14, 0x04, 0x69, 0xFF, 0xFF, 0xFF, 0xFF, 0xFF, 0xFF, 0xFF, 
0xFF, 0xFF, 0xFF, 0xFF, 0x5E, 0x6A, 0xFF, 0xFF, 0xFF, 0xFF, 0xFF, 0xFF, 0xFF, 0xFF, 0xFF, 0xFF, 
0xFF, 0x5F, 0x6A, 0xFF, 0xFF, 0xFF, 0xFF, 0xFF, 0xFF, 0xFF, 0xFF, 0xFF, 0xFF, 0xFF, 0x5F, 0x64, 
0xFB, 0xFB, 0xFB, 0xFB, 0xFB, 0xFB, 0xFB, 0xFB, 0xFB, 0xFB, 0xFB, 0x59, 0x00, 0x00, 0x00, 0x3D, 
0x5F, 0x5F, 0x5F, 0x5F, 0x40, 0x00, 0x00, 0x1F, 0xF4, 0xFF, 0xFF, 0xFF, 0xFD, 0x54, 0x00, 0x00, 
0xB7, 0xFF, 0xFF, 0xFF, 0xFF, 0x6B, 0x00, 0x00, 0x5A, 0xFF, 0xFF, 0xFF, 0xFF, 0x85, 0x00, 0x00, 
0x13, 0xEA, 0xFF, 0xFF, 0xFF, 0x9E, 0x00, 0x00, 0x00, 0x64, 0xD2, 0xD2, 0xD2, 0xA4, 0x04, 0x00, 
0x00, 0x00, 0x04, 0x46, 0x47, 0x47, 0x47, 0x28, 0x00, 0x00, 0x00, 0x18, 0x47, 0x47, 0x47, 0x47, 
0x15, 0x1F, 0xFF, 0xFF, 0xFF, 0xFF, 0xA2, 0x00, 0x00, 0x00, 0x66, 0xFF, 0xFF, 0xFF, 0xFF, 0x5B, 
0x1F, 0xFF, 0xFF, 0xFF, 0xFF, 0xA2, 0x00, 0x00, 0x00, 0x66, 0xFF, 0xFF, 0xFF, 0xFF, 0x5B, 0x1F, 
0xFF, 0xFF, 0xFF, 0xFF, 0xA2, 0x00, 0x00, 0x00, 0x66, 0xFF, 0xFF, 0xFF, 0xFF, 0x5B, 0x1F, 0xFF, 
0xFF, 0xFF, 0xFF, 0xA2, 0x00, 0x00, 0x00, 0x66, 0xFF, 0xFF, 0xFF, 0xFF, 0x5B, 0x1F, 0xFF, 0xFF, 
0xFF, 0xFF, 0xA2, 0x00, 0x00, 0x00, 0x66, 0xFF, 0xFF, 0xFF, 0xFF, 0x5B, 0x1F, 0xFF, 0xFF, 0xFF, 
0xFF, 0xA2, 0x00, 0x00, 0x00, 0x66, 0xFF, 0xFF, 0xFF, 0xFF, 0x5B, 0x1F, 0xFF, 0xFF, 0xFF, 0xFF, 
0xA2, 0x00, 0x00, 0x00, 0x66, 0xFF, 0xFF, 0xFF, 0xFF, 0x5B, 0x1F, 0xFF, 0xFF, 0xFF, 0xFF, 0xA2, 
0x00, 0x00, 0x00, 0x66, 0xFF, 0xFF, 0xFF, 0xFF, 0x5B, 0x1F, 0xFF, 0xFF, 0xFF, 0xFF, 0xA2, 0x00, 
0x00, 0x00, 0x66, 0xFF, 0xFF, 0xFF, 0xFF, 0x5B, 0x1F, 0xFF, 0xFF, 0xFF, 0xFF, 0xFF, 0x00, 0x00, 
0x00, 0x66, 0xFF, 0xFF, 0xFF, 0xFF, 0x5B, 0x1F, 0xFF, 0xFF, 0xFF, 0xFF, 0xFF, 0x00, 0x00, 0x00, 
0x6D, 0xFF, 0xFF, 0xFF, 0xFF, 0x5B, 0x1F, 0xFF, 0xFF, 0xFF, 0xFF, 0xFF, 0x00, 0x00, 0x00, 0xB4, 
0xFF, 0xFF, 0xFF, 0xFF, 0x5B, 0x1F, 0xFF, 0xFF, 0xFF, 0xFF, 0xFF, 0x3D, 0x00, 0x17, 0xFF, 0xFF, 
0xFF, 0xFF, 0xFF, 0x5B, 0x1F, 0xFF, 0xFF, 0xFF, 0xFF, 0xFF, 0xF8, 0xD3, 0xFA, 0xFF, 0xFF, 0xFF, 
0xFF, 0xFF, 0x5B, 0x1F, 0xFF, 0xFF, 0xFF, 0xFF, 0xFF, 0xFF, 0xFF, 0xFF, 0xFF, 0xFF, 0xFF, 0xFF, 
0xFF, 0x5B, 0x1F, 0xFF, 0xFF, 0xFF, 0xFF, 0xFF, 0xFF, 0xFF, 0xFF, 0xFF, 0xFF, 0xFF, 0xFF, 0xFF, 
0x5B, 0x1F, 0xFF, 0xFF, 0xFF, 0xFF, 0xFF, 0xFF, 0xFF, 0xFB, 0xD2, 0xFF, 0xFF, 0xFF, 0xFF, 0x57, 
0x1F, 0xFF, 0xFF, 0xFF, 0xFF, 0xA5, 0x2D, 0x4B, 0x10, 0x00, 0x00, 0x00, 0x00, 0x00, 0x00, 0x1F, 
0xFF, 0xFF, 0xFF, 0xFF, 0xA2, 0x00, 0x00, 0x00, 0x00, 0x00, 0x00, 0x00, 0x00, 0x00, 0x1F, 0xFF, 
0xFF, 0xFF, 0xFF, 0xA2, 0x00, 0x00, 0x00, 0x00, 0x00, 0x00, 0x00, 0x00, 0x00, 0x1F, 0xFF, 0xFF, 
0xFF, 0xFF, 0xA2, 0x00, 0x00, 0x00, 0x00, 0x00, 0x00, 0x00, 0x00, 0x00, 0x1F, 0xFF, 0xFF, 0xFF, 
0xFF, 0xA2, 0x00, 0x00, 0x00, 0x00, 0x00, 0x00, 0x00, 0x00, 0x00, 0x1F, 0xFF, 0xFF, 0xFF, 0xFF, 
0xA2, 0x00, 0x00, 0x00, 0x00, 0x00, 0x00, 0x00, 0x00, 0x00, 0x0B, 0x7F, 0x7F, 0x7F, 0x7F, 0x4C, 
0x00, 0x00, 0x00, 0x00, 0x00, 0x00, 0x00, 0x00, 0x00, 0x00, 0x00, 0x00, 0x00, 0x00, 0x03, 0x1A, 
0x1F, 0x1F, 0x1F, 0x1F, 0x01, 0x00, 0x00, 0x03, 0x65, 0xD0, 0xFB, 0xFF, 0xFF, 0xFF, 0xFF, 0xFF, 
0x2A, 0x00, 0x00, 0x91, 0xFF, 0xFF, 0xFF, 0xFF, 0xFF, 0xFF, 0xFF, 0xFF, 0x2B, 0x00, 0x68, 0xFF, 
0xFF, 0xFF, 0xFF, 0xFF, 0xFF, 0xFF, 0xFF, 0xFF, 0x2B, 0x29, 0xFB, 0xFF, 0xFF, 0xFF, 0xFF, 0xFF, 
0xFF, 0xFF, 0xFF, 0xFF, 0x2B, 0x68, 0xFF, 0xFF, 0xFF, 0xFF, 0xFF, 0xFF, 0xFF, 0xFF, 0xFF, 0xFF, 
0x2B, 0x9B, 0xFF, 0xFF, 0xFF, 0xFF, 0xFF, 0xFF, 0xFF, 0xFF, 0xFF, 0xFF, 0x2B, 0xCE, 0xFF, 0xFF, 
0xFF, 0xFF, 0xFF, 0xFF, 0xFF, 0xFF, 0xFF, 0xFF, 0x2B, 0xEB, 0xFF, 0xFF, 0xFF, 0xFF, 0xFF, 0xFF, 
0xFF, 0xFF, 0xFF, 0xFF, 0x2B, 0xC1, 0xFF, 0xFF, 0xFF, 0xFF, 0xFF, 0xFF, 0xFF, 0xFF, 0xFF, 0xFF, 
0x2B, 0x8F, 0xFF, 0xFF, 0xFF, 0xFF, 0xFF, 0xFF, 0xFF, 0xFF, 0xFF, 0xFF, 0x2B, 0x5C, 0xFF, 0xFF, 
0xFF, 0xFF, 0xFF, 0xFF, 0xFF, 0xFF, 0xFF, 0xFF, 0x2B, 0x19, 0xEB, 0xFF, 0xFF, 0xFF, 0xFF, 0xFF, 
0xFF, 0xFF, 0xFF, 0xFF, 0x2B, 0x00, 0x3C, 0xF9, 0xFF, 0xFF, 0xFF, 0xFF, 0xFF, 0xFF, 0xFF, 0xFF, 
0x2B, 0x00, 0x00, 0x5F, 0xFE, 0xFF, 0xFF, 0xFF, 0xFF, 0xFF, 0xFF, 0xFF, 0x2B, 0x00, 0x00, 0x00, 
0x29, 0x92, 0xC0, 0xDB, 0xF4, 0xFF, 0xFF, 0xFF, 0x2B, 0x00, 0x00, 0x00, 0x00, 0x00, 0x00, 0x00, 
0x80, 0xFF, 0xFF, 0xFF, 0x2B, 0x00, 0x00, 0x00, 0x00, 0x00, 0x00, 0x00, 0x80, 0xFF, 0xFF, 0xFF, 
0x2B, 0x00, 0x00, 0x00, 0x00, 0x00, 0x00, 0x00, 0x80, 0xFF, 0xFF, 0xFF, 0x2B, 0x00, 0x00, 0x00, 
0x00, 0x00, 0x00, 0x00, 0x80, 0xFF, 0xFF, 0xFF, 0x2B, 0x00, 0x00, 0x00, 0x00, 0x00, 0x00, 0x00, 
0x80, 0xFF, 0xFF, 0xFF, 0x2B, 0x00, 0x00, 0x00, 0x00, 0x00, 0x00, 0x00, 0x80, 0xFF, 0xFF, 0xFF, 
0x2B, 0x00, 0x00, 0x00, 0x00, 0x00, 0x00, 0x00, 0x80, 0xFF, 0xFF, 0xFF, 0x2B, 0x00, 0x00, 0x00, 
0x00, 0x00, 0x00, 0x00, 0x7B, 0xFF, 0xFF, 0xFF, 0x26, 0x00, 0x0A, 0x62, 0xA7, 0x5C, 0x08, 0x00, 
0x00, 0xA8, 0xFF, 0xFF, 0xFF, 0x9D, 0x00, 0x06, 0xF6, 0xFF, 0xFF, 0xFF, 0xF2, 0x07, 0x06, 0xEF, 
0xFF, 0xFF, 0xFF, 0xE7, 0x03, 0x00, 0x8D, 0xFF, 0xFF, 0xFF, 0x82, 0x00, 0x00, 0x00, 0x35, 0x7B, 
0x2F, 0x00, 0x00, 0x24, 0x7E, 0x7E, 0x7E, 0x26, 0x00, 0x00, 0x6E, 0xFF, 0xFF, 0xFF, 0x8F, 0x04, 
0x00, 0x9C, 0xFF, 0xFF, 0xFF, 0xFF, 0x9D, 0x00, 0x1E, 0x6F, 0xFF, 0xFF, 0xFF, 0xEE, 0x04, 0x00, 
0x0E, 0xFE, 0xFF, 0xFF, 0xFF, 0x1C, 0x0E, 0xE4, 0xFF, 0xFF, 0xFF, 0xEF, 0x00, 0x0C, 0xFF, 0xFF, 
0xFF, 0xFF, 0x78, 0x00, 0x03, 0xFF, 0xFF, 0xE5, 0x6F, 0x01, 0x00, 0x00, 0x31, 0x14, 0x00, 0x00, 
0x00, 0x00, 0x00, 0x00, 0x00, 0x02, 0x38, 0x68, 0x30, 0x01, 0x00, 0x00, 0x00, 0x00, 0x00, 0x60, 
0xEC, 0xFF, 0xFF, 0xFF, 0xE6, 0x4C, 0x00, 0x00, 0x00, 0x3C, 0xFA, 0xFF, 0xFF, 0xFF, 0xFF, 0xFF, 
0xF2, 0x2A, 0x00, 0x00, 0xDA, 0xFF, 0xFF, 0xBF, 0x6B, 0xCD, 0xFF, 0xFF, 0xBF, 0x00, 0x12, 0xFF, 
0xFF, 0xEE, 0x12, 0x00, 0x22, 0xF9, 0xFF, 0xF3, 0x02, 0x45, 0xFF, 0xFF, 0xB5, 0x00, 0x00, 0x00, 
0xD1, 0xFF, 0xFF, 0x27, 0x64, 0xFF, 0xFF, 0x9A, 0x00, 0x00, 0x00, 0xB3, 0xFF, 0xFF, 0x46, 0x5E, 
0xFF, 0xFF, 0x9A, 0x00, 0x00, 0x00, 0xB7, 0xFF, 0xFF, 0x43, 0x3B, 0xFF, 0xFF, 0xBB, 0x00, 0x00, 
0x00, 0xD8, 0xFF, 0xFF, 0x1D, 0x0A, 0xFC, 0xFF, 0xF8, 0x24, 0x00, 0x36, 0xFE, 0xFF, 0xEB, 0x00, 
0x00, 0xC4, 0xFF, 0xFF, 0xE0, 0x9B, 0xE6, 0xFF, 0xFF, 0xA9, 0x00, 0x00, 0x1E, 0xE9, 0xFF, 0xFF, 
0xFF, 0xFF, 0xFF, 0xDD, 0x12, 0x00, 0x00, 0x00, 0x36, 0xB4, 0xF5, 0xFF, 0xF2, 0xAF, 0x2A, 0x00, 
0x00, 0x00, 0x00, 0x00, 0x00, 0x07, 0x2F, 0x05, 0x00, 0x00, 0x00, 0x00, 0x9A, 0xCB, 0xCB, 0x65, 
0x00, 0x47, 0xCB, 0xCB, 0xB3, 0x04, 0x00, 0x00, 0x00, 0x69, 0xFF, 0xFF, 0xF1, 0x18, 0x10, 0xF1, 
0xFF, 0xFF, 0x71, 0x00, 0x00, 0x00, 0x07, 0xE5, 0xFF, 0xFF, 0xA3, 0x00, 0x85, 0xFF, 0xFF, 0xF2, 
0x19, 0x00, 0x00, 0x00, 0x71, 0xFF, 0xFF, 0xFF, 0x3D, 0x14, 0xF4, 0xFF, 0xFF, 0xA4, 0x00, 0x00, 
0x00, 0x0A, 0xEA, 0xFF, 0xFF, 0xD1, 0x03, 0x8D, 0xFF, 0xFF, 0xFF, 0x3E, 0x00, 0x00, 0x00, 0x7A, 
0xFF, 0xFF, 0xFF, 0x6F, 0x19, 0xF8, 0xFF, 0xFF, 0xD2, 0x04, 0x00, 0x00, 0x12, 0xFF, 0xFF, 0xFF, 
0xFF, 0x00, 0xE5, 0xFF, 0xFF, 0xFF, 0x6F, 0x00, 0x00, 0x5B, 0xFF, 0xFF, 0xFF, 0x93, 0x09, 0xE9, 
0xFF, 0xFF, 0xEA, 0x11, 0x00, 0x01, 0xD5, 0xFF, 0xFF, 0xEA, 0x10, 0x6E, 0xFF, 0xFF, 0xFF, 0x63, 
0x00, 0x00, 0x52, 0xFF, 0xFF, 0xFF, 0x62, 0x06, 0xE3, 0xFF, 0xFF, 0xC9, 0x01, 0x00, 0x00, 0xCC, 
0xFF, 0xFF, 0xC8, 0x01, 0x65, 0xFF, 0xFF, 0xFD, 0x34, 0x00, 0x00, 0x48, 0xFF, 0xFF, 0xFD, 0x34, 
0x03, 0xDC, 0xFF, 0xFF, 0x99, 0x00, 0x00, 0x00, 0xB8, 0xFF, 0xFF, 0x99, 0x00, 0x50, 0xFF, 0xFF, 
0xED, 0x13, 0x00, 0x00, 0x00, 0x0B, 0x10, 0x10, 0x04, 0x00, 0x04, 0x10, 0x10, 0x0B, 0x00, 0x00, 
0x00, 0x00, 0x00, 0x00, 0x00, 0x00, 0x00, 0x01, 0x41, 0x8F, 0x4D, 0x03, 0x00, 0x00, 0x00, 0x00, 
0x00, 0x00, 0x00, 0x00, 0x00, 0x87, 0xFF, 0xFF, 0xFF, 0xA3, 0x00, 0x00, 0x00, 0x00, 0x00, 0x00, 
0x00, 0x00, 0x02, 0xE8, 0xFF, 0xFF, 0xFF, 0xF6, 0x08, 0x00, 0x00, 0x00, 0x00, 0x00, 0x00, 0x00, 
0x01, 0xE3, 0xFF, 0xFF, 0xFF, 0xF4, 0x08, 0x00, 0x00, 0x00, 0x00, 0x00, 0x00, 0x00, 0x00, 0x81, 
0xFF, 0xFF, 0xFF, 0x9C, 0x00, 0x00, 0x00, 0x00, 0x00, 0x00, 0x00, 0x00, 0x00, 0x00, 0x38, 0x86, 
0x44, 0x01, 0x00, 0x00, 0x00, 0x00, 0x00, 0x00, 0x00, 0x00, 0x00, 0x00, 0x00, 0x00, 0x00, 0x00, 
0x00, 0x00, 0x00, 0x00, 0x00, 0x00, 0x00, 0x00, 0x00, 0x3F, 0x6B, 0x6B, 0x6B, 0x3A, 0x00, 0x00, 
0x00, 0x00, 0x00, 0x00, 0x00, 0x00, 0x00, 0xAF, 0xFF, 0xFF, 0xFF, 0x94, 0x00, 0x00, 0x00, 0x00, 
0x00, 0x00, 0x00, 0x00, 0x00, 0xDF, 0xFF, 0xFF, 0xFF, 0x81, 0x00, 0x00, 0x00, 0x00, 0x00, 0x00, 
0x00, 0x00, 0x4F, 0xFF, 0xFF, 0xFF, 0xFF, 0x61, 0x00, 0x00, 0x00, 0x00, 0x00, 0x00, 0x00, 0x1E, 
0xEA, 0xFF, 0xFF, 0xFF, 0xFB, 0x13, 0x00, 0x00, 0x00, 0x00, 0x00, 0x00, 0x0C, 0xD1, 0xFF, 0xFF, 
0xFF, 0xFF, 0x98, 0x00, 0x00, 0x00, 0x00, 0x00, 0x00, 0x00, 0x9A, 0xFF, 0xFF, 0xFF, 0xFF, 0xD5, 
0x09, 0x00, 0x00, 0x00, 0x00, 0x00, 0x00, 0x38, 0xFE, 0xFF, 0xFF, 0xFF, 0xF2, 0x28, 0x00, 0x00, 
0x00, 0x00, 0x00, 0x00, 0x00, 0xA5, 0xFF, 0xFF, 0xFF, 0xFF, 0x6C, 0x00, 0x00, 0x00, 0x00, 0x00, 
0x00, 0x00, 0x00, 0xD6, 0xFF, 0xFF, 0xFF, 0xF0, 0x05, 0x00, 0x00, 0x00, 0x00, 0x00, 0x00, 0x00, 
0x05, 0xFD, 0xFF, 0xFF, 0xFF, 0xCA, 0x00, 0x00, 0x20, 0xBB, 0xBB, 0xBB, 0xBB, 0x6F, 0x00, 0xE8, 
0xFF, 0xFF, 0xFF, 0xDC, 0x00, 0x00, 0x58, 0xFF, 0xFF, 0xFF, 0xFF, 0x8E, 0x00, 0xB0, 0xFF, 0xFF, 
0xFF, 0xFF, 0x6F, 0x35, 0xDE, 0xFF, 0xFF, 0xFF, 0xFF, 0x6D, 0x00, 0x79, 0xFF, 0xFF, 0xFF, 0xFF, 
0xFF, 0xFF, 0xFF, 0xFF, 0xFF, 0xFF, 0xFC, 0x1B, 0x00, 0x21, 0xE5, 0xFF, 0xFF, 0xFF, 0xFF, 0xFF, 
0xFF, 0xFF, 0xFF, 0xFF, 0x83, 0x00, 0x00, 0x00, 0x25, 0xE4, 0xFF, 0xFF, 0xFF, 0xFF, 0xFF, 0xFF, 
0xFF, 0x79, 0x00, 0x00, 0x00, 0x00, 0x00, 0x1F, 0x77, 0xAE, 0xE5, 0xFA, 0xCA, 0x93, 0x4C, 0x00, 
0x00, 0x00, 0x00, 0x00, 0x00, 0x00, 0x00, 0x00, 0x00, 0x02, 0x00, 0x00, 0x00, 0x00, 0x00, 0x00, 
0x00, 0x00, 0x00, 0x0D, 0x37, 0x37, 0x37, 0x37, 0x36, 0x01, 0x00, 0x00, 0x00, 0x00, 0x00, 0x00, 
0x00, 0x00, 0x00, 0x00, 0x00, 0x00, 0x21, 0xEA, 0xFF, 0xFF, 0xFF, 0xFF, 0x64, 0x00, 0x00, 0x00, 
0x00, 0x00, 0x00, 0x00, 0x00, 0x00, 0x00, 0x00, 0x00, 0x00, 0x36, 0xF4, 0xFF, 0xFF, 0xFF, 0xEF, 
0x19, 0x00, 0x00, 0x00, 0x00, 0x00, 0x00, 0x00, 0x00, 0x00, 0x00, 0x00, 0x00, 0x00, 0x4A, 0xFB, 
0xFF, 0xFF, 0xFF, 0xAC, 0x00, 0x00, 0x00, 0x00, 0x00, 0x00, 0x00, 0x00, 0x00, 0x00, 0x00, 0x00, 
0x00, 0x00, 0x61, 0xFF, 0xFF, 0xFF, 0xFF, 0x50, 0x00, 0x00, 0x00, 0x00, 0x00, 0x00, 0x00, 0x00, 
0x00, 0x00, 0x00, 0x00, 0x00, 0x00, 0x7A, 0xFC, 0xFC, 0xFC, 0xDB, 0x00, 0x00, 0x00, 0x00, 0x00, 
0x00, 0x00, 0x00, 0x00, 0x00, 0x00, 0x00, 0x00, 0x00, 0x16, 0x2D, 0x3E, 0x2F, 0x19, 0x00, 0x00, 
0x00, 0x00, 0x00, 0x00, 0x00, 0x00, 0x00, 0x00, 0x00, 0x00, 0x00, 0x01, 0xE7, 0xFF, 0xFF, 0xFF, 
0xF6, 0x0B, 0x00, 0x00, 0x00, 0x00, 0x00, 0x00, 0x00, 0x00, 0x00, 0x00, 0x00, 0x00, 0x39, 0xFF, 
0xFF, 0xFF, 0xFF, 0xFF, 0x52, 0x00, 0x00, 0x00, 0x00, 0x00, 0x00, 0x00, 0x00, 0x00, 0x00, 0x00, 
0x00, 0x89, 0xFF, 0xFF, 0xFF, 0xFF, 0xFF, 0xA3, 0x00, 0x00, 0x00, 0x00, 0x00, 0x00, 0x00, 0x00, 
0x00, 0x00, 0x00, 0x00, 0xD9, 0xFF, 0xFF, 0xFF, 0xFF, 0xFF, 0xEE, 0x04, 0x00, 0x00, 0x00, 0x00, 
0x00, 0x00, 0x00, 0x00, 0x00, 0x00, 0x29, 0xFF, 0xFF, 0xFF, 0xFF, 0xFF, 0xFF, 0xFF, 0x44, 0x00, 
0x00, 0x00, 0x00, 0x00, 0x00, 0x00, 0x00, 0x00, 0x00, 0x79, 0xFF, 0xFF, 0xFF, 0xFF, 0xFF, 0xFF, 
0xFF, 0x95, 0x00, 0x00, 0x00, 0x00, 0x00, 0x00, 0x00, 0x00, 0x00, 0x00, 0xC9, 0xFF, 0xFF, 0xFF, 
0xFF, 0xFF, 0xFF, 0xFF, 0xE4, 0x01, 0x00, 0x00, 0x00, 0x00, 0x00, 0x00, 0x00, 0x00, 0x1A, 0xFE, 
0xFF, 0xFF, 0xFF, 0xC1, 0xFF, 0xFF, 0xFF, 0xFF, 0x36, 0x00, 0x00, 0x00, 0x00, 0x00, 0x00, 0x00, 
0x00, 0x69, 0xFF, 0xFF, 0xFF, 0xFF, 0x3E, 0xFD, 0xFF, 0xFF, 0xFF, 0x87, 0x00, 0x00, 0x00, 0x00, 
0x00, 0x00, 0x00, 0x00, 0xB9, 0xFF, 0xFF, 0xFF, 0xE6, 0x00, 0xCD, 0xFF, 0xFF, 0xFF, 0xD7, 0x00, 
0x00, 0x00, 0x00, 0x00, 0x00, 0x00, 0x0F, 0xFA, 0xFF, 0xFF, 0xFF, 0xA4, 0x00, 0x8A, 0xFF, 0xFF, 
0xFF, 0xFF, 0x28, 0x00, 0x00, 0x00, 0x00, 0x00, 0x00, 0x59, 0xFF, 0xFF, 0xFF, 0xFF, 0x61, 0x00, 
0x46, 0xFF, 0xFF, 0xFF, 0xFF, 0x79, 0x00, 0x00, 0x00, 0x00, 0x00, 0x00, 0xA9, 0xFF, 0xFF, 0xFF, 
0xFF, 0x1E, 0x00, 0x0A, 0xF9, 0xFF, 0xFF, 0xFF, 0xCA, 0x00, 0x00, 0x00, 0x00, 0x00, 0x06, 0xF2, 
0xFF, 0xFF, 0xFF, 0xDB, 0x00, 0x00, 0x00, 0xC0, 0xFF, 0xFF, 0xFF, 0xFE, 0x1B, 0x00, 0x00, 0x00, 
0x00, 0x49, 0xFF, 0xFF, 0xFF, 0xFF, 0xFF, 0xDB, 0xDB, 0xDB, 0xFF, 0xFF, 0xFF, 0xFF, 0xFF, 0x6B, 
0x00, 0x00, 0x00, 0x00, 0x99, 0xFF, 0xFF, 0xFF, 0xFF, 0xFF, 0xFF, 0xFF, 0xFF, 0xFF, 0xFF, 0xFF, 
0xFF, 0xFF, 0xBC, 0x00, 0x00, 0x00, 0x01, 0xE7, 0xFF, 0xFF, 0xFF, 0xFF, 0xFF, 0xFF, 0xFF, 0xFF, 
0xFF, 0xFF, 0xFF, 0xFF, 0xFF, 0xFB, 0x11, 0x00, 0x00, 0x39, 0xFF, 0xFF, 0xFF, 0xFF, 0xFF, 0xFF, 
0xFF, 0xFF, 0xFF, 0xFF, 0xFF, 0xFF, 0xFF, 0xFF, 0xFF, 0x5D, 0x00, 0x00, 0x89, 0xFF, 0xFF, 0xFF, 
0xFF, 0xDD, 0x4F, 0x4F, 0x4F, 0x4F, 0x4F, 0xBF, 0xFF, 0xFF, 0xFF, 0xFF, 0xAE, 0x00, 0x00, 0xD9, 
0xFF, 0xFF, 0xFF, 0xFF, 0x4A, 0x00, 0x00, 0x00, 0x00, 0x00, 0x2B, 0xFF, 0xFF, 0xFF, 0xFF, 0xF5, 
0x09, 0x29, 0xFF, 0xFF, 0xFF, 0xFF, 0xFA, 0x0C, 0x00, 0x00, 0x00, 0x00, 0x00, 0x00, 0xE7, 0xFF, 
0xFF, 0xFF, 0xFF, 0x4F, 0x79, 0xFF, 0xFF, 0xFF, 0xFF, 0xC4, 0x00, 0x00, 0x00, 0x00, 0x00, 0x00, 
0x00, 0xA5, 0xFF, 0xFF, 0xFF, 0xFF, 0xA0, 0xBA, 0xFF, 0xFF, 0xFF, 0xFF, 0x81, 0x00, 0x00, 0x00, 
0x00, 0x00, 0x00, 0x00, 0x61, 0xFF, 0xFF, 0xFF, 0xFF, 0xE2, 0x00, 0x00, 0x00, 0x00, 0x00, 0x00, 
0x00, 0x00, 0x00, 0x00, 0x29, 0x37, 0x37, 0x37, 0x37, 0x1A, 0x00, 0x00, 0x00, 0x00, 0x00, 0x00, 
0x00, 0x00, 0x00, 0x00, 0x00, 0x00, 0x2A, 0xF9, 0xFF, 0xFF, 0xFF, 0xFC, 0x4B, 0x00, 0x00, 0x00, 
0x00, 0x00, 0x00, 0x00, 0x00, 0x00, 0x00, 0x00, 0x01, 0xC4, 0xFF, 0xFF, 0xFF, 0xFF, 0x67, 0x00, 
0x00, 0x00, 0x00, 0x00, 0x00, 0x00, 0x00, 0x00, 0x00, 0x00, 0x00, 0x68, 0xFF, 0xFF, 0xFF, 0xFF, 
0x81, 0x00, 0x00, 0x00, 0x00, 0x00, 0x00, 0x00, 0x00, 0x00, 0x00, 0x00, 0x00, 0x1A, 0xF0, 0xFF, 
0xFF, 0xFF, 0x9B, 0x00, 0x00, 0x00, 0x00, 0x00, 0x00, 0x00, 0x00, 0x00, 0x00, 0x00, 0x00, 0x00, 
0x95, 0xFC, 0xFC, 0xFC, 0xB1, 0x03, 0x00, 0x00, 0x00, 0x00, 0x00, 0x00, 0x00, 0x00, 0x00, 0x00, 
0x00, 0x00, 0x00, 0x16, 0x2D, 0x3E, 0x2F, 0x19, 0x00, 0x00, 0x00, 0x00, 0x00, 0x00, 0x00, 0x00, 
0x00, 0x00, 0x00, 0x00, 0x00, 0x01, 0xE7, 0xFF, 0xFF, 0xFF, 0xF6, 0x0B, 0x00, 0x00, 0x00, 0x00, 
0x00, 0x00, 0x00, 0x00, 0x00, 0x00, 0x00, 0x00, 0x39, 0xFF, 0xFF, 0xFF, 0xFF, 0xFF, 0x52, 0x00, 
0x00, 0x00, 0x00, 0x00, 0x00, 0x00, 0x00, 0x00, 0x00, 0x00, 0x00, 0x89, 0xFF, 0xFF, 0xFF, 0xFF, 
0xFF, 0xA3, 0x00, 0x00, 0x00, 0x00, 0x00, 0x00, 0x00, 0x00, 0x00, 0x00, 0x00, 0x00, 0xD9, 0xFF, 
0xFF, 0xFF, 0xFF, 0xFF, 0xEE, 0x04, 0x00, 0x00, 0x00, 0x00, 0x00, 0x00, 0x00, 0x00, 0x00, 0x00, 
0x29, 0xFF, 0xFF, 0xFF, 0xFF, 0xFF, 0xFF, 0xFF, 0x44, 0x00, 0x00, 0x00, 0x00, 0x00, 0x00, 0x00, 
0x00, 0x00, 0x00, 0x79, 0xFF, 0xFF, 0xFF, 0xFF, 0xFF, 0xFF, 0xFF, 0x95, 0x00, 0x00, 0x00, 0x00, 
0x00, 0x00, 0x00, 0x00, 0x00, 0x00, 0xC9, 0xFF, 0xFF, 0xFF, 0xFF, 0xFF, 0xFF, 0xFF, 0xE4, 0x01, 
0x00, 0x00, 0x00, 0x00, 0x00, 0x00, 0x00, 0x00, 0x1A, 0xFE, 0xFF, 0xFF, 0xFF, 0xC1, 0xFF, 0xFF, 
0xFF, 0xFF, 0x36, 0x00, 0x00, 0x00, 0x00, 0x00, 0x00, 0x00, 0x00, 0x69, 0xFF, 0xFF, 0xFF, 0xFF, 
0x3E, 0xFD, 0xFF, 0xFF, 0xFF, 0x87, 0x00, 0x00, 0x00, 0x00, 0x00, 0x00, 0x00, 0x00, 0xB9, 0xFF, 
0xFF, 0xFF, 0xE6, 0x00, 0xCD, 0xFF, 0xFF, 0xFF, 0xD7, 0x00, 0x00, 0x00, 0x00, 0x00, 0x00, 0x00, 
0x0F, 0xFA, 0xFF, 0xFF, 0xFF, 0xA4, 0x00, 0x8A, 0xFF, 0xFF, 0xFF, 0xFF, 0x28, 0x00, 0x00, 0x00, 
0x00, 0x00, 0x00, 0x59, 0xFF, 0xFF, 0xFF, 0xFF, 0x61, 0x00, 0x46, 0xFF, 0xFF, 0xFF, 0xFF, 0x79, 
0x00, 0x00, 0x00, 0x00, 0x00, 0x00, 0xA9, 0xFF, 0xFF, 0xFF, 0xFF, 0x1E, 0x00, 0x0A, 0xF9, 0xFF, 
0xFF, 0xFF, 0xCA, 0x00, 0x00, 0x00, 0x00, 0x00, 0x06, 0xF2, 0xFF, 0xFF, 0xFF, 0xDB, 0x00, 0x00, 
0x00, 0xC0, 0xFF, 0xFF, 0xFF, 0xFE, 0x1B, 0x00, 0x00, 0x00, 0x00, 0x49, 0xFF, 0xFF, 0xFF, 0xFF, 
0xFF, 0xDB, 0xDB, 0xDB, 0xFF, 0xFF, 0xFF, 0xFF, 0xFF, 0x6B, 0x00, 0x00, 0x00, 0x00, 0x99, 0xFF, 
0xFF, 0xFF, 0xFF, 0xFF, 0xFF, 0xFF, 0xFF, 0xFF, 0xFF, 0xFF, 0xFF, 0xFF, 0xBC, 0x00, 0x00, 0x00, 
0x01, 0xE7, 0xFF, 0xFF, 0xFF, 0xFF, 0xFF, 0xFF, 0xFF, 0xFF, 0xFF, 0xFF, 0xFF, 0xFF, 0xFF, 0xFB, 
0x11, 0x00, 0x00, 0x39, 0xFF, 0xFF, 0xFF, 0xFF, 0xFF, 0xFF, 0xFF, 0xFF, 0xFF, 0xFF, 0xFF, 0xFF, 
0xFF, 0xFF, 0xFF, 0x5D, 0x00, 0x00, 0x89, 0xFF, 0xFF, 0xFF, 0xFF, 0xDD, 0x4F, 0x4F, 0x4F, 0x4F, 
0x4F, 0xBF, 0xFF, 0xFF, 0xFF, 0xFF, 0xAE, 0x00, 0x00, 0xD9, 0xFF, 0xFF, 0xFF, 0xFF, 0x4A, 0x00, 
0x00, 0x00, 0x00, 0x00, 0x2B, 0xFF, 0xFF, 0xFF, 0xFF, 0xF5, 0x09, 0x29, 0xFF, 0xFF, 0xFF, 0xFF, 
0xFA, 0x0C, 0x00, 0x00, 0x00, 0x00, 0x00, 0x00, 0xE7, 0xFF, 0xFF, 0xFF, 0xFF, 0x4F, 0x79, 0xFF, 
0xFF, 0xFF, 0xFF, 0xC4, 0x00, 0x00, 0x00, 0x00, 0x00, 0x00, 0x00, 0xA5, 0xFF, 0xFF, 0xFF, 0xFF, 
0xA0, 0xBA, 0xFF, 0xFF, 0xFF, 0xFF, 0x81, 0x00, 0x00, 0x00, 0x00, 0x00, 0x00, 0x00, 0x61, 0xFF, 
0xFF, 0xFF, 0xFF, 0xE2, 0x00, 0x00, 0x00, 0x00, 0x00, 0x00, 0x00, 0x00, 0x37, 0x3B, 0x3B, 0x08, 
0x00, 0x00, 0x00, 0x00, 0x00, 0x00, 0x00, 0x00, 0x00, 0x00, 0x00, 0x00, 0x00, 0x00, 0x87, 0xFF, 
0xFF, 0xFF, 0xB2, 0x04, 0x00, 0x00, 0x00, 0x00, 0x00, 0x00, 0x00, 0x00, 0x00, 0x00, 0x00, 0x00, 
0x77, 0xFF, 0xFF, 0xFF, 0xFF, 0xFF, 0xA6, 0x02, 0x00, 0x00, 0x00, 0x00, 0x00, 0x00, 0x00, 0x00, 
0x00, 0x00, 0x68, 0xFF, 0xFF, 0xFF, 0xF1, 0xFF, 0xFF, 0xFF, 0x99, 0x00, 0x00, 0x00, 0x00, 0x00, 
0x00, 0x00, 0x00, 0x00, 0x5A, 0xFD, 0xFF, 0xFF, 0xD0, 0x0F, 0xAB, 0xFF, 0xFF, 0xFF, 0x8B, 0x00, 
0x00, 0x00, 0x00, 0x00, 0x00, 0x00, 0x00, 0x99, 0xB0, 0xB0, 0xAB, 0x1A, 0x00, 0x08, 0x9C, 0xB0, 
0xB0, 0xAF, 0x12, 0x00, 0x00, 0x00, 0x00, 0x00, 0x00, 0x00, 0x00, 0x00, 0x00, 0x16, 0x2D, 0x3E, 
0x2F, 0x19, 0x00, 0x00, 0x00, 0x00, 0x00, 0x00, 0x00, 0x00, 0x00, 0x00, 0x00, 0x00, 0x00, 0x01, 
0xE7, 0xFF, 0xFF, 0xFF, 0xF6, 0x0B, 0x00, 0x00, 0x00, 0x00, 0x00, 0x00, 0x00, 0x00, 0x00, 0x00, 
0x00, 0x00, 0x39, 0xFF, 0xFF, 0xFF, 0xFF, 0xFF, 0x52, 0x00, 0x00, 0x00, 0x00, 0x00, 0x00, 0x00, 
0x00, 0x00, 0x00, 0x00, 0x00, 0x89, 0xFF, 0xFF, 0xFF, 0xFF, 0xFF, 0xA3, 0x00, 0x00, 0x00, 0x00, 
0x00, 0x00, 0x00, 0x00, 0x00, 0x00, 0x00, 0x00, 0xD9, 0xFF, 0xFF, 0xFF, 0xFF, 0xFF, 0xEE, 0x04, 
0x00, 0x00, 0x00, 0x00, 0x00, 0x00, 0x00, 0x00, 0x00, 0x00, 0x29, 0xFF, 0xFF, 0xFF, 0xFF, 0xFF, 
0xFF, 0xFF, 0x44, 0x00, 0x00, 0x00, 0x00, 0x00, 0x00, 0x00, 0x00, 0x00, 0x00, 0x79, 0xFF, 0xFF, 
0xFF, 0xFF, 0xFF, 0xFF, 0xFF, 0x95, 0x00, 0x00, 0x00, 0x00, 0x00, 0x00, 0x00, 0x00, 0x00, 0x00, 
0xC9, 0xFF, 0xFF, 0xFF, 0xFF, 0xFF, 0xFF, 0xFF, 0xE4, 0x01, 0x00, 0x00, 0x00, 0x00, 0x00, 0x00, 
0x00, 0x00, 0x1A, 0xFE, 0xFF, 0xFF, 0xFF, 0xC1, 0xFF, 0xFF, 0xFF, 0xFF, 0x36, 0x00, 0x00, 0x00, 
0x00, 0x00, 0x00, 0x00, 0x00, 0x69, 0xFF, 0xFF, 0xFF, 0xFF, 0x3E, 0xFD, 0xFF, 0xFF, 0xFF, 0x87, 
0x00, 0x00, 0x00, 0x00, 0x00, 0x00, 0x00, 0x00, 0xB9, 0xFF, 0xFF, 0xFF, 0xE6, 0x00, 0xCD, 0xFF, 
0xFF, 0xFF, 0xD7, 0x00, 0x00, 0x00, 0x00, 0x00, 0x00, 0x00, 0x0F, 0xFA, 0xFF, 0xFF, 0xFF, 0xA4, 
0x00, 0x8A, 0xFF, 0xFF, 0xFF, 0xFF, 0x28, 0x00, 0x00, 0x00, 0x00, 0x00, 0x00, 0x59, 0xFF, 0xFF, 
0xFF, 0xFF, 0x61, 0x00, 0x46, 0xFF, 0xFF, 0xFF, 0xFF, 0x79, 0x00, 0x00, 0x00, 0x00, 0x00, 0x00, 
0xA9, 0xFF, 0xFF, 0xFF, 0xFF, 0x1E, 0x00, 0x0A, 0xF9, 0xFF, 0xFF, 0xFF, 0xCA, 0x00, 0x00, 0x00, 
0x00, 0x00, 0x06, 0xF2, 0xFF, 0xFF, 0xFF, 0xDB, 0x00, 0x00, 0x00, 0xC0, 0xFF, 0xFF, 0xFF, 0xFE, 
0x1B, 0x00, 0x00, 0x00, 0x00, 0x49, 0xFF, 0xFF, 0xFF, 0xFF, 0xFF, 0xDB, 0xDB, 0xDB, 0xFF, 0xFF, 
0xFF, 0xFF, 0xFF, 0x6B, 0x00, 0x00, 0x00, 0x00, 0x99, 0xFF, 0xFF, 0xFF, 0xFF, 0xFF, 0xFF, 0xFF, 
0xFF, 0xFF, 0xFF, 0xFF, 0xFF, 0xFF, 0xBC, 0x00, 0x00, 0x00, 0x01, 0xE7, 0xFF, 0xFF, 0xFF, 0xFF, 
0xFF, 0xFF, 0xFF, 0xFF, 0xFF, 0xFF, 0xFF, 0xFF, 0xFF, 0xFB, 0x11, 0x00, 0x00, 0x39, 0xFF, 0xFF, 
0xFF, 0xFF, 0xFF, 0xFF, 0xFF, 0xFF, 0xFF, 0xFF, 0xFF, 0xFF, 0xFF, 0xFF, 0xFF, 0x5D, 0x00, 0x00, 
0x89, 0xFF, 0xFF, 0xFF, 0xFF, 0xDD, 0x4F, 0x4F, 0x4F, 0x4F, 0x4F, 0xBF, 0xFF, 0xFF, 0xFF, 0xFF, 
0xAE, 0x00, 0x00, 0xD9, 0xFF, 0xFF, 0xFF, 0xFF, 0x4A, 0x00, 0x00, 0x00, 0x00, 0x00, 0x2B, 0xFF, 
0xFF, 0xFF, 0xFF, 0xF5, 0x09, 0x29, 0xFF, 0xFF, 0xFF, 0xFF, 0xFA, 0x0C, 0x00, 0x00, 0x00, 0x00, 
0x00, 0x00, 0xE7, 0xFF, 0xFF, 0xFF, 0xFF, 0x4F, 0x79, 0xFF, 0xFF, 0xFF, 0xFF, 0xC4, 0x00, 0x00, 
0x00, 0x00, 0x00, 0x00, 0x00, 0xA5, 0xFF, 0xFF, 0xFF, 0xFF, 0xA0, 0xBA, 0xFF, 0xFF, 0xFF, 0xFF, 
0x81, 0x00, 0x00, 0x00, 0x00, 0x00, 0x00, 0x00, 0x61, 0xFF, 0xFF, 0xFF, 0xFF, 0xE2, 0x00, 0x00, 
0x00, 0x00, 0x00, 0x00, 0x00, 0x03, 0x00, 0x00, 0x00, 0x00, 0x1B, 0x13, 0x03, 0x00, 0x00, 0x00, 
0x00, 0x00, 0x00, 0x00, 0x00, 0x00, 0x28, 0xB1, 0xFA, 0xDA, 0x61, 0x02, 0x2D, 0xFF, 0xFF, 0xD2, 
0x00, 0x00, 0x00, 0x00, 0x00, 0x00, 0x00, 0x00, 0x08, 0xD4, 0xFF, 0xFF, 0xFF, 0xFF, 0xE0, 0xEA, 
0xFF, 0xFF, 0xA6, 0x00, 0x00, 0x00, 0x00, 0x00, 0x00, 0x00, 0x00, 0x5D, 0xFF, 0xFF, 0xFF, 0xFF, 
0xFF, 0xFF, 0xFF, 0xFF, 0xFF, 0x63, 0x00, 0x00, 0x00, 0x00, 0x00, 0x00, 0x00, 0x00, 0x8F, 0xFF, 
0xFF, 0xAE, 0x62, 0xDB, 0xFF, 0xFF, 0xFF, 0xB6, 0x01, 0x00, 0x00, 0x00, 0x00, 0x00, 0x00, 0x00, 
0x00, 0x60, 0x9D, 0xAE, 0x2F, 0x00, 0x06, 0x5D, 0x85, 0x48, 0x04, 0x00, 0x00, 0x00, 0x00, 0x00, 
0x00, 0x00, 0x00, 0x00, 0x00, 0x00, 0x00, 0x16, 0x2D, 0x3E, 0x2F, 0x19, 0x00, 0x00, 0x00, 0x00, 
0x00, 0x00, 0x00, 0x00, 0x00, 0x00, 0x00, 0x00, 0x00, 0x01, 0xE7, 0xFF, 0xFF, 0xFF, 0xF6, 0x0B, 
0x00, 0x00, 0x00, 0x00, 0x00, 0x00, 0x00, 0x00, 0x00, 0x00, 0x00, 0x00, 0x39, 0xFF, 0xFF, 0xFF, 
0xFF, 0xFF, 0x52, 0x00, 0x00, 0x00, 0x00, 0x00, 0x00, 0x00, 0x00, 0x00, 0x00, 0x00, 0x00, 0x89, 
0xFF, 0xFF, 0xFF, 0xFF, 0xFF, 0xA3, 0x00, 0x00, 0x00, 0x00, 0x00, 0x00, 0x00, 0x00, 0x00, 0x00, 
0x00, 0x00, 0xD9, 0xFF, 0xFF, 0xFF, 0xFF, 0xFF, 0xEE, 0x04, 0x00, 0x00, 0x00, 0x00, 0x00, 0x00, 
0x00, 0x00, 0x00, 0x00, 0x29, 0xFF, 0xFF, 0xFF, 0xFF, 0xFF, 0xFF, 0xFF, 0x44, 0x00, 0x00, 0x00, 
0x00, 0x00, 0x00, 0x00, 0x00, 0x00, 0x00, 0x79, 0xFF, 0xFF, 0xFF, 0xFF, 0xFF, 0xFF, 0xFF, 0x95, 
0x00, 0x00, 0x00, 0x00, 0x00, 0x00, 0x00, 0x00, 0x00, 0x00, 0xC9, 0xFF, 0xFF, 0xFF, 0xFF, 0xFF, 
0xFF, 0xFF, 0xE4, 0x01, 0x00, 0x00, 0x00, 0x00, 0x00, 0x00, 0x00, 0x00, 0x1A, 0xFE, 0xFF, 0xFF, 
0xFF, 0xC1, 0xFF, 0xFF, 0xFF, 0xFF, 0x36, 0x00, 0x00, 0x00, 0x00, 0x00, 0x00, 0x00, 0x00, 0x69, 
0xFF, 0xFF, 0xFF, 0xFF, 0x3E, 0xFD, 0xFF, 0xFF, 0xFF, 0x87, 0x00, 0x00, 0x00, 0x00, 0x00, 0x00, 
0x00, 0x00, 0xB9, 0xFF, 0xFF, 0xFF, 0xE6, 0x00, 0xCD, 0xFF, 0xFF, 0xFF, 0xD7, 0x00, 0x00, 0x00, 
0x00, 0x00, 0x00, 0x00, 0x0F, 0xFA, 0xFF, 0xFF, 0xFF, 0xA4, 0x00, 0x8A, 0xFF, 0xFF, 0xFF, 0xFF, 
0x28, 0x00, 0x00, 0x00, 0x00, 0x00, 0x00, 0x59, 0xFF, 0xFF, 0xFF, 0xFF, 0x61, 0x00, 0x46, 0xFF, 
0xFF, 0xFF, 0xFF, 0x79, 0x00, 0x00, 0x00, 0x00, 0x00, 0x00, 0xA9, 0xFF, 0xFF, 0xFF, 0xFF, 0x1E, 
0x00, 0x0A, 0xF9, 0xFF, 0xFF, 0xFF, 0xCA, 0x00, 0x00, 0x00, 0x00, 0x00, 0x06, 0xF2, 0xFF, 0xFF, 
0xFF, 0xDB, 0x00, 0x00, 0x00, 0xC0, 0xFF, 0xFF, 0xFF, 0xFE, 0x1B, 0x00, 0x00, 0x00, 0x00, 0x49, 
0xFF, 0xFF, 0xFF, 0xFF, 0xFF, 0xDB, 0xDB, 0xDB, 0xFF, 0xFF, 0xFF, 0xFF, 0xFF, 0x6B, 0x00, 0x00, 
0x00, 0x00, 0x99, 0xFF, 0xFF, 0xFF, 0xFF, 0xFF, 0xFF, 0xFF, 0xFF, 0xFF, 0xFF, 0xFF, 0xFF, 0xFF, 
0xBC, 0x00, 0x00, 0x00, 0x01, 0xE7, 0xFF, 0xFF, 0xFF, 0xFF, 0xFF, 0xFF, 0xFF, 0xFF, 0xFF, 0xFF, 
0xFF, 0xFF, 0xFF, 0xFB, 0x11, 0x00, 0x00, 0x39, 0xFF, 0xFF, 0xFF, 0xFF, 0xFF, 0xFF, 0xFF, 0xFF, 
0xFF, 0xFF, 0xFF, 0xFF, 0xFF, 0xFF, 0xFF, 0x5D, 0x00, 0x00, 0x89, 0xFF, 0xFF, 0xFF, 0xFF, 0xDD, 
0x4F, 0x4F, 0x4F, 0x4F, 0x4F, 0xBF, 0xFF, 0xFF, 0xFF, 0xFF, 0xAE, 0x00, 0x00, 0xD9, 0xFF, 0xFF, 
0xFF, 0xFF, 0x4A, 0x00, 0x00, 0x00, 0x00, 0x00, 0x2B, 0xFF, 0xFF, 0xFF, 0xFF, 0xF5, 0x09, 0x29, 
0xFF, 0xFF, 0xFF, 0xFF, 0xFA, 0x0C, 0x00, 0x00, 0x00, 0x00, 0x00, 0x00, 0xE7, 0xFF, 0xFF, 0xFF, 
0xFF, 0x4F, 0x79, 0xFF, 0xFF, 0xFF, 0xFF, 0xC4, 0x00, 0x00, 0x00, 0x00, 0x00, 0x00, 0x00, 0xA5, 
0xFF, 0xFF, 0xFF, 0xFF, 0xA0, 0xBA, 0xFF, 0xFF, 0xFF, 0xFF, 0x81, 0x00, 0x00, 0x00, 0x00, 0x00, 
0x00, 0x00, 0x61, 0xFF, 0xFF, 0xFF, 0xFF, 0xE2, 0x00, 0x00, 0x00, 0x00, 0x23, 0x7A, 0x58, 0x08, 
0x00, 0x00, 0x00, 0x02, 0x46, 0x80, 0x34, 0x00, 0x00, 0x00, 0x00, 0x00, 0x00, 0x00, 0x2B, 0xFE, 
0xFF, 0xFF, 0xB9, 0x00, 0x00, 0x00, 0x89, 0xFF, 0xFF, 0xFF, 0x58, 0x00, 0x00, 0x00, 0x00, 0x00, 
0x00, 0x7D, 0xFF, 0xFF, 0xFF, 0xFF, 0x19, 0x00, 0x00, 0xDC, 0xFF, 0xFF, 0xFF, 0xB7, 0x00, 0x00, 
0x00, 0x00, 0x00, 0x00, 0x43, 0xFF, 0xFF, 0xFF, 0xDB, 0x03, 0x00, 0x00, 0xA5, 0xFF, 0xFF, 0xFF, 
0x7D, 0x00, 0x00, 0x00, 0x00, 0x00, 0x00, 0x00, 0x64, 0xBB, 0x9A, 0x2E, 0x00, 0x00, 0x00, 0x1A, 
0x87, 0xC1, 0x75, 0x0C, 0x00, 0x00, 0x00, 0x00, 0x00, 0x00, 0x00, 0x00, 0x00, 0x00, 0x16, 0x2D, 
0x3E, 0x2F, 0x19, 0x00, 0x00, 0x00, 0x00, 0x00, 0x00, 0x00, 0x00, 0x00, 0x00, 0x00, 0x00, 0x00, 
0x01, 0xE7, 0xFF, 0xFF, 0xFF, 0xF6, 0x0B, 0x00, 0x00, 0x00, 0x00, 0x00, 0x00, 0x00, 0x00, 0x00, 
0x00, 0x00, 0x00, 0x39, 0xFF, 0xFF, 0xFF, 0xFF, 0xFF, 0x52, 0x00, 0x00, 0x00, 0x00, 0x00, 0x00, 
0x00, 0x00, 0x00, 0x00, 0x00, 0x00, 0x89, 0xFF, 0xFF, 0xFF, 0xFF, 0xFF, 0xA3, 0x00, 0x00, 0x00, 
0x00, 0x00, 0x00, 0x00, 0x00, 0x00, 0x00, 0x00, 0x00, 0xD9, 0xFF, 0xFF, 0xFF, 0xFF, 0xFF, 0xEE, 
0x04, 0x00, 0x00, 0x00, 0x00, 0x00, 0x00, 0x00, 0x00, 0x00, 0x00, 0x29, 0xFF, 0xFF, 0xFF, 0xFF, 
0xFF, 0xFF, 0xFF, 0x44, 0x00, 0x00, 0x00, 0x00, 0x00, 0x00, 0x00, 0x00, 0x00, 0x00, 0x79, 0xFF, 
0xFF, 0xFF, 0xFF, 0xFF, 0xFF, 0xFF, 0x95, 0x00, 0x00, 0x00, 0x00, 0x00, 0x00, 0x00, 0x00, 0x00, 
0x00, 0xC9, 0xFF, 0xFF, 0xFF, 0xFF, 0xFF, 0xFF, 0xFF, 0xE4, 0x01, 0x00, 0x00, 0x00, 0x00, 0x00, 
0x00, 0x00, 0x00, 0x1A, 0xFE, 0xFF, 0xFF, 0xFF, 0xC1, 0xFF, 0xFF, 0xFF, 0xFF, 0x36, 0x00, 0x00, 
0x00, 0x00, 0x00, 0x00, 0x00, 0x00, 0x69, 0xFF, 0xFF, 0xFF, 0xFF, 0x3E, 0xFD, 0xFF, 0xFF, 0xFF, 
0x87, 0x00, 0x00, 0x00, 0x00, 0x00, 0x00, 0x00, 0x00, 0xB9, 0xFF, 0xFF, 0xFF, 0xE6, 0x00, 0xCD, 
0xFF, 0xFF, 0xFF, 0xD7, 0x00, 0x00, 0x00, 0x00, 0x00, 0x00, 0x00, 0x0F, 0xFA, 0xFF, 0xFF, 0xFF, 
0xA4, 0x00, 0x8A, 0xFF, 0xFF, 0xFF, 0xFF, 0x28, 0x00, 0x00, 0x00, 0x00, 0x00, 0x00, 0x59, 0xFF, 
0xFF, 0xFF, 0xFF, 0x61, 0x00, 0x46, 0xFF, 0xFF, 0xFF, 0xFF, 0x79, 0x00, 0x00, 0x00, 0x00, 0x00, 
0x00, 0xA9, 0xFF, 0xFF, 0xFF, 0xFF, 0x1E, 0x00, 0x0A, 0xF9, 0xFF, 0xFF, 0xFF, 0xCA, 0x00, 0x00, 
0x00, 0x00, 0x00, 0x06, 0xF2, 0xFF, 0xFF, 0xFF, 0xDB, 0x00, 0x00, 0x00, 0xC0, 0xFF, 0xFF, 0xFF, 
0xFE, 0x1B, 0x00, 0x00, 0x00, 0x00, 0x49, 0xFF, 0xFF, 0xFF, 0xFF, 0xFF, 0xDB, 0xDB, 0xDB, 0xFF, 
0xFF, 0xFF, 0xFF, 0xFF, 0x6B, 0x00, 0x00, 0x00, 0x00, 0x99, 0xFF, 0xFF, 0xFF, 0xFF, 0xFF, 0xFF, 
0xFF, 0xFF, 0xFF, 0xFF, 0xFF, 0xFF, 0xFF, 0xBC, 0x00, 0x00, 0x00, 0x01, 0xE7, 0xFF, 0xFF, 0xFF, 
0xFF, 0xFF, 0xFF, 0xFF, 0xFF, 0xFF, 0xFF, 0xFF, 0xFF, 0xFF, 0xFB, 0x11, 0x00, 0x00, 0x39, 0xFF, 
0xFF, 0xFF, 0xFF, 0xFF, 0xFF, 0xFF, 0xFF, 0xFF, 0xFF, 0xFF, 0xFF, 0xFF, 0xFF, 0xFF, 0x5D, 0x00, 
0x00, 0x89, 0xFF, 0xFF, 0xFF, 0xFF, 0xDD, 0x4F, 0x4F, 0x4F, 0x4F, 0x4F, 0xBF, 0xFF, 0xFF, 0xFF, 
0xFF, 0xAE, 0x00, 0x00, 0xD9, 0xFF, 0xFF, 0xFF, 0xFF, 0x4A, 0x00, 0x00, 0x00, 0x00, 0x00, 0x2B, 
0xFF, 0xFF, 0xFF, 0xFF, 0xF5, 0x09, 0x29, 0xFF, 0xFF, 0xFF, 0xFF, 0xFA, 0x0C, 0x00, 0x00, 0x00, 
0x00, 0x00, 0x00, 0xE7, 0xFF, 0xFF, 0xFF, 0xFF, 0x4F, 0x79, 0xFF, 0xFF, 0xFF, 0xFF, 0xC4, 0x00, 
0x00, 0x00, 0x00, 0x00, 0x00, 0x00, 0xA5, 0xFF, 0xFF, 0xFF, 0xFF, 0xA0, 0xBA, 0xFF, 0xFF, 0xFF, 
0xFF, 0x81, 0x00, 0x00, 0x00, 0x00, 0x00, 0x00, 0x00, 0x61, 0xFF, 0xFF, 0xFF, 0xFF, 0xE2, 0x00, 
0x00, 0x00, 0x00, 0x00, 0x00, 0x00, 0x15, 0x5F, 0x93, 0x7D, 0x2E, 0x00, 0x00, 0x00, 0x00, 0x00, 
0x00, 0x00, 0x00, 0x00, 0x00, 0x00, 0x00, 0x00, 0x28, 0xE3, 0xFF, 0xFF, 0xFF, 0xFB, 0x62, 0x00, 
0x00, 0x00, 0x00, 0x00, 0x00, 0x00, 0x00, 0x00, 0x00, 0x00, 0x00, 0xB8, 0xFF, 0xDD, 0x77, 0xBC, 
0xFF, 0xF7, 0x11, 0x00, 0x00, 0x00, 0x00, 0x00, 0x00, 0x00, 0x00, 0x00, 0x00, 0x00, 0xF0, 0xFF, 
0x62, 0x00, 0x11, 0xFF, 0xFF, 0x42, 0x00, 0x00, 0x00, 0x00, 0x00, 0x00, 0x00, 0x00, 0x00, 0x00, 
0x00, 0xEB, 0xFF, 0x8C, 0x01, 0x44, 0xFF, 0xFF, 0x25, 0x00, 0x00, 0x00, 0x00, 0x00, 0x00, 0x00, 
0x00, 0x00, 0x00, 0x00, 0x8B, 0xFF, 0xFF, 0xEF, 0xFF, 0xFF, 0xC9, 0x00, 0x00, 0x00, 0x00, 0x00, 
0x00, 0x00, 0x00, 0x00, 0x00, 0x00, 0x00, 0x06, 0x87, 0xF2, 0xFF, 0xF0, 0xAA, 0x0F, 0x00, 0x00, 
0x00, 0x00, 0x00, 0x00, 0x00, 0x00, 0x00, 0x00, 0x00, 0x00, 0x00, 0x16, 0x2E, 0x54, 0x31, 0x19, 
0x00, 0x00, 0x00, 0x00, 0x00, 0x00, 0x00, 0x00, 0x00, 0x00, 0x00, 0x00, 0x00, 0x01, 0xE7, 0xFF, 
0xFF, 0xFF, 0xF6, 0x0B, 0x00, 0x00, 0x00, 0x00, 0x00, 0x00, 0x00, 0x00, 0x00, 0x00, 0x00, 0x00, 
0x39, 0xFF, 0xFF, 0xFF, 0xFF, 0xFF, 0x52, 0x00, 0x00, 0x00, 0x00, 0x00, 0x00, 0x00, 0x00, 0x00, 
0x00, 0x00, 0x00, 0x89, 0xFF, 0xFF, 0xFF, 0xFF, 0xFF, 0xA3, 0x00, 0x00, 0x00, 0x00, 0x00, 0x00, 
0x00, 0x00, 0x00, 0x00, 0x00, 0x00, 0xD9, 0xFF, 0xFF, 0xFF, 0xFF, 0xFF, 0xEE, 0x04, 0x00, 0x00, 
0x00, 0x00, 0x00, 0x00, 0x00, 0x00, 0x00, 0x00, 0x29, 0xFF, 0xFF, 0xFF, 0xFF, 0xFF, 0xFF, 0xFF, 
0x44, 0x00, 0x00, 0x00, 0x00, 0x00, 0x00, 0x00, 0x00, 0x00, 0x00, 0x79, 0xFF, 0xFF, 0xFF, 0xFF, 
0xFF, 0xFF, 0xFF, 0x95, 0x00, 0x00, 0x00, 0x00, 0x00, 0x00, 0x00, 0x00, 0x00, 0x00, 0xC9, 0xFF, 
0xFF, 0xFF, 0xFF, 0xFF, 0xFF, 0xFF, 0xE4, 0x01, 0x00, 0x00, 0x00, 0x00, 0x00, 0x00, 0x00, 0x00, 
0x1A, 0xFE, 0xFF, 0xFF, 0xFF, 0xC1, 0xFF, 0xFF, 0xFF, 0xFF, 0x36, 0x00, 0x00, 0x00, 0x00, 0x00, 
0x00, 0x00, 0x00, 0x69, 0xFF, 0xFF, 0xFF, 0xFF, 0x3E, 0xFD, 0xFF, 0xFF, 0xFF, 0x87, 0x00, 0x00, 
0x00, 0x00, 0x00, 0x00, 0x00, 0x00, 0xB9, 0xFF, 0xFF, 0xFF, 0xE6, 0x00, 0xCD, 0xFF, 0xFF, 0xFF, 
0xD7, 0x00, 0x00, 0x00, 0x00, 0x00, 0x00, 0x00, 0x0F, 0xFA, 0xFF, 0xFF, 0xFF, 0xA4, 0x00, 0x8A, 
0xFF, 0xFF, 0xFF, 0xFF, 0x28, 0x00, 0x00, 0x00, 0x00, 0x00, 0x00, 0x59, 0xFF, 0xFF, 0xFF, 0xFF, 
0x61, 0x00, 0x46, 0xFF, 0xFF, 0xFF, 0xFF, 0x79, 0x00, 0x00, 0x00, 0x00, 0x00, 0x00, 0xA9, 0xFF, 
0xFF, 0xFF, 0xFF, 0x1E, 0x00, 0x0A, 0xF9, 0xFF, 0xFF, 0xFF, 0xCA, 0x00, 0x00, 0x00, 0x00, 0x00, 
0x06, 0xF2, 0xFF, 0xFF, 0xFF, 0xDB, 0x00, 0x00, 0x00, 0xC0, 0xFF, 0xFF, 0xFF, 0xFE, 0x1B, 0x00, 
0x00, 0x00, 0x00, 0x49, 0xFF, 0xFF, 0xFF, 0xFF, 0xFF, 0xDB, 0xDB, 0xDB, 0xFF, 0xFF, 0xFF, 0xFF, 
0xFF, 0x6B, 0x00, 0x00, 0x00, 0x00, 0x99, 0xFF, 0xFF, 0xFF, 0xFF, 0xFF, 0xFF, 0xFF, 0xFF, 0xFF, 
0xFF, 0xFF, 0xFF, 0xFF, 0xBC, 0x00, 0x00, 0x00, 0x01, 0xE7, 0xFF, 0xFF, 0xFF, 0xFF, 0xFF, 0xFF, 
0xFF, 0xFF, 0xFF, 0xFF, 0xFF, 0xFF, 0xFF, 0xFB, 0x11, 0x00, 0x00, 0x39, 0xFF, 0xFF, 0xFF, 0xFF, 
0xFF, 0xFF, 0xFF, 0xFF, 0xFF, 0xFF, 0xFF, 0xFF, 0xFF, 0xFF, 0xFF, 0x5D, 0x00, 0x00, 0x89, 0xFF, 
0xFF, 0xFF, 0xFF, 0xDD, 0x4F, 0x4F, 0x4F, 0x4F, 0x4F, 0xBF, 0xFF, 0xFF, 0xFF, 0xFF, 0xAE, 0x00, 
0x00, 0xD9, 0xFF, 0xFF, 0xFF, 0xFF, 0x4A, 0x00, 0x00, 0x00, 0x00, 0x00, 0x2B, 0xFF, 0xFF, 0xFF, 
0xFF, 0xF5, 0x09, 0x29, 0xFF, 0xFF, 0xFF, 0xFF, 0xFA, 0x0C, 0x00, 0x00, 0x00, 0x00, 0x00, 0x00, 
0xE7, 0xFF, 0xFF, 0xFF, 0xFF, 0x4F, 0x79, 0xFF, 0xFF, 0xFF, 0xFF, 0xC4, 0x00, 0x00, 0x00, 0x00, 
0x00, 0x00, 0x00, 0xA5, 0xFF, 0xFF, 0xFF, 0xFF, 0xA0, 0xBA, 0xFF, 0xFF, 0xFF, 0xFF, 0x81, 0x00, 
0x00, 0x00, 0x00, 0x00, 0x00, 0x00, 0x61, 0xFF, 0xFF, 0xFF, 0xFF, 0xE2, 0x00, 0x00, 0x00, 0x00, 
0x00, 0x00, 0x00, 0x00, 0x00, 0x00, 0x1B, 0x1F, 0x3B, 0x26, 0x2C, 0x3E, 0x34, 0x1F, 0x1F, 0x1F, 
0x1F, 0x1F, 0x1F, 0x1F, 0x09, 0x00, 0x00, 0x00, 0x00, 0x00, 0x00, 0x00, 0x00, 0x00, 0x00, 0x27, 
0xFE, 0xFF, 0xFF, 0xFF, 0xFF, 0xFF, 0xFF, 0xFF, 0xFF, 0xFF, 0xFF, 0xFF, 0xFF, 0xFF, 0x6D, 0x00, 
0x00, 0x00, 0x00, 0x00, 0x00, 0x00, 0x00, 0x00, 0x00, 0x97, 0xFF, 0xFF, 0xFF, 0xFF, 0xFF, 0xFF, 
0xFF, 0xFF, 0xFF, 0xFF, 0xFF, 0xFF, 0xFF, 0xFF, 0x6D, 0x00, 0x00, 0x00, 0x00, 0x00, 0x00, 0x00, 
0x00, 0x00, 0x13, 0xF5, 0xFF, 0xFF, 0xFF, 0xFF, 0xFF, 0xFF, 0xFF, 0xFF, 0xFF, 0xFF, 0xFF, 0xFF, 
0xFF, 0xFF, 0x6D, 0x00, 0x00, 0x00, 0x00, 0x00, 0x00, 0x00, 0x00, 0x00, 0x7A, 0xFF, 0xFF, 0xFF, 
0xFF, 0xFF, 0xFF, 0xFF, 0xFF, 0xEE, 0xEE, 0xEE, 0xEE, 0xEE, 0xEE, 0xEE, 0x62, 0x00, 0x00, 0x00, 
0x00, 0x00, 0x00, 0x00, 0x00, 0x05, 0xE5, 0xFF, 0xFF, 0xFF, 0xFF, 0xFF, 0xFF, 0xFF, 0xD7, 0x00, 
0x00, 0x00, 0x00, 0x00, 0x00, 0x00, 0x00, 0x00, 0x00, 0x00, 0x00, 0x00, 0x00, 0x00, 0x00, 0x5C, 
0xFF, 0xFF, 0xFF, 0xFF, 0xFF, 0xFF, 0xFF, 0xFF, 0xE0, 0x00, 0x00, 0x00, 0x00, 0x00, 0x00, 0x00, 
0x00, 0x00, 0x00, 0x00, 0x00, 0x00, 0x00, 0x00, 0x00, 0xCE, 0xFF, 0xFF, 0xFF, 0xFD, 0xFE, 0xFF, 
0xFF, 0xFF, 0xE8, 0x00, 0x00, 0x00, 0x00, 0x00, 0x00, 0x00, 0x00, 0x00, 0x00, 0x00, 0x00, 0x00, 
0x00, 0x00, 0x3F, 0xFF, 0xFF, 0xFF, 0xFF, 0xB8, 0xD5, 0xFF, 0xFF, 0xFF, 0xF1, 0x00, 0x00, 0x00, 
0x00, 0x00, 0x00, 0x00, 0x00, 0x00, 0x00, 0x00, 0x00, 0x00, 0x00, 0x00, 0xB1, 0xFF, 0xFF, 0xFF, 
0xFF, 0x52, 0xCC, 0xFF, 0xFF, 0xFF, 0xFA, 0x00, 0x00, 0x00, 0x00, 0x00, 0x00, 0x00, 0x00, 0x00, 
0x00, 0x00, 0x00, 0x00, 0x00, 0x24, 0xFD, 0xFF, 0xFF, 0xFF, 0xE7, 0x04, 0xC3, 0xFF, 0xFF, 0xFF, 
0xFF, 0xEC, 0xE8, 0xE8, 0xE8, 0xE8, 0xE8, 0x50, 0x00, 0x00, 0x00, 0x00, 0x00, 0x00, 0x00, 0x93, 
0xFF, 0xFF, 0xFF, 0xFF, 0x87, 0x00, 0xBA, 0xFF, 0xFF, 0xFF, 0xFF, 0xFF, 0xFF, 0xFF, 0xFF, 0xFF, 
0xFF, 0x5D, 0x00, 0x00, 0x00, 0x00, 0x00, 0x00, 0x11, 0xF4, 0xFF, 0xFF, 0xFF, 0xFE, 0x22, 0x00, 
0xB1, 0xFF, 0xFF, 0xFF, 0xFF, 0xFF, 0xFF, 0xFF, 0xFF, 0xFF, 0xFF, 0x5D, 0x00, 0x00, 0x00, 0x00, 
0x00, 0x00, 0x76, 0xFF, 0xFF, 0xFF, 0xFF, 0xBB, 0x00, 0x00, 0xA8, 0xFF, 0xFF, 0xFF, 0xFF, 0xFF, 
0xFF, 0xFF, 0xFF, 0xFF, 0xFF, 0x5D, 0x00, 0x00, 0x00, 0x00, 0x00, 0x04, 0xFF, 0xFF, 0xFF, 0xFF, 
0xFF, 0xC8, 0x72, 0x72, 0xFF, 0xFF, 0xFF, 0xFF, 0xFF, 0x4C, 0x25, 0x25, 0x25, 0x25, 0x25, 0x09, 
0x00, 0x00, 0x00, 0x00, 0x00, 0x59, 0xFF, 0xFF, 0xFF, 0xFF, 0xFF, 0xFF, 0xFF, 0xFF, 0xFF, 0xFF, 
0xFF, 0xFF, 0xFF, 0x30, 0x00, 0x00, 0x00, 0x00, 0x00, 0x00, 0x00, 0x00, 0x00, 0x00, 0x00, 0xCA, 
0xFF, 0xFF, 0xFF, 0xFF, 0xFF, 0xFF, 0xFF, 0xFF, 0xFF, 0xFF, 0xFF, 0xFF, 0xFF, 0x39, 0x00, 0x00, 
0x00, 0x00, 0x00, 0x00, 0x00, 0x00, 0x00, 0x00, 0x3C, 0xFF, 0xFF, 0xFF, 0xFF, 0xFF, 0xFF, 0xFF, 
0xFF, 0xFF, 0xFF, 0xFF, 0xFF, 0xFF, 0xFF, 0x42, 0x00, 0x00, 0x00, 0x00, 0x00, 0x00, 0x00, 0x00, 
0x00, 0x00, 0xAD, 0xFF, 0xFF, 0xFF, 0xFF, 0xFF, 0xC4, 0xC4, 0xC4, 0xC4, 0xFF, 0xFF, 0xFF, 0xFF, 
0xFF, 0x4B, 0x00, 0x00, 0x00, 0x00, 0x00, 0x00, 0x00, 0x00, 0x00, 0x22, 0xFD, 0xFF, 0xFF, 0xFF, 
0xFF, 0x58, 0x00, 0x00, 0x00, 0x00, 0x73, 0xFF, 0xFF, 0xFF, 0xFF, 0x62, 0x0D, 0x0D, 0x0D, 0x0D, 
0x0D, 0x0D, 0x0D, 0x00, 0x00, 0x90, 0xFF, 0xFF, 0xFF, 0xFF, 0xEB, 0x06, 0x00, 0x00, 0x00, 0x00, 
0x6A, 0xFF, 0xFF, 0xFF, 0xFF, 0xFF, 0xFF, 0xFF, 0xFF, 0xFF, 0xFF, 0xFF, 0xFF, 0x35, 0x0F, 0xF2, 
0xFF, 0xFF, 0xFF, 0xFF, 0x8C, 0x00, 0x00, 0x00, 0x00, 0x00, 0x61, 0xFF, 0xFF, 0xFF, 0xFF, 0xFF, 
0xFF, 0xFF, 0xFF, 0xFF, 0xFF, 0xFF, 0xFF, 0x37, 0x72, 0xFF, 0xFF, 0xFF, 0xFF, 0xFF, 0x27, 0x00, 
0x00, 0x00, 0x00, 0x00, 0x58, 0xFF, 0xFF, 0xFF, 0xFF, 0xFF, 0xFF, 0xFF, 0xFF, 0xFF, 0xFF, 0xFF, 
0xFF, 0x37, 0xD3, 0xFF, 0xFF, 0xFF, 0xFF, 0xC0, 0x00, 0x00, 0x00, 0x00, 0x00, 0x00, 0x4F, 0xFF, 
0xFF, 0xFF, 0xFF, 0xFF, 0xFF, 0xFF, 0xFF, 0xFF, 0xFF, 0xFF, 0xFF, 0x32, 0x00, 0x00, 0x00, 0x00, 
0x00, 0x00, 0x1D, 0x4E, 0x6F, 0x5C, 0x41, 0x0A, 0x00, 0x00, 0x00, 0x00, 0x00, 0x00, 0x00, 0x00, 
0x03, 0x81, 0xED, 0xFF, 0xFF, 0xFF, 0xFF, 0xFF, 0xF2, 0x9B, 0x13, 0x00, 0x00, 0x00, 0x00, 0x00, 
0x19, 0xBF, 0xFF, 0xFF, 0xFF, 0xFF, 0xFF, 0xFF, 0xFF, 0xFF, 0xFF, 0xE0, 0x2A, 0x00, 0x00, 0x00, 
0x01, 0xD1, 0xFF, 0xFF, 0xFF, 0xFF, 0xFF, 0xFF, 0xFF, 0xFF, 0xFF, 0xFF, 0xFF, 0xD4, 0x08, 0x00, 
0x00, 0x59, 0xFF, 0xFF, 0xFF, 0xFF, 0xFF, 0xEE, 0xCC, 0xF2, 0xFF, 0xFF, 0xFF, 0xFF, 0xFF, 0x6D, 
0x00, 0x04, 0xD9, 0xFF, 0xFF, 0xFF, 0xFF, 0x8E, 0x01, 0x00, 0x01, 0x88, 0xFF, 0xFF, 0xFF, 0xFF, 
0xB0, 0x00, 0x3D, 0xFF, 0xFF, 0xFF, 0xFF, 0xD4, 0x00, 0x00, 0x00, 0x00, 0x03, 0xDB, 0xFF, 0xFF, 
0xFF, 0xEE, 0x02, 0x5F, 0xFF, 0xFF, 0xFF, 0xFF, 0x7F, 0x00, 0x00, 0x00, 0x00, 0x00, 0xAD, 0xFF, 
0xFF, 0xFF, 0xFF, 0x31, 0x81, 0xFF, 0xFF, 0xFF, 0xFF, 0x52, 0x00, 0x00, 0x00, 0x00, 0x00, 0x82, 
0xF4, 0xF4, 0xF4, 0xF4, 0x5E, 0xA3, 0xFF, 0xFF, 0xFF, 0xFF, 0x40, 0x00, 0x00, 0x00, 0x00, 0x00, 
0x00, 0x00, 0x00, 0x00, 0x00, 0x00, 0xBD, 0xFF, 0xFF, 0xFF, 0xFF, 0x2F, 0x00, 0x00, 0x00, 0x00, 
0x00, 0x00, 0x00, 0x00, 0x00, 0x00, 0x00, 0xBF, 0xFF, 0xFF, 0xFF, 0xFF, 0x2B, 0x00, 0x00, 0x00, 
0x00, 0x00, 0x00, 0x00, 0x00, 0x00, 0x00, 0x00, 0xBF, 0xFF, 0xFF, 0xFF, 0xFF, 0x2B, 0x00, 0x00, 
0x00, 0x00, 0x00, 0x00, 0x00, 0x00, 0x00, 0x00, 0x00, 0xBF, 0xFF, 0xFF, 0xFF, 0xFF, 0x2B, 0x00, 
0x00, 0x00, 0x00, 0x00, 0x00, 0x00, 0x00, 0x00, 0x00, 0x00, 0xBC, 0xFF, 0xFF, 0xFF, 0xFF, 0x30, 
0x00, 0x00, 0x00, 0x00, 0x00, 0x00, 0x00, 0x00, 0x00, 0x00, 0x00, 0xA1, 0xFF, 0xFF, 0xFF, 0xFF, 
0x40, 0x00, 0x00, 0x00, 0x00, 0x00, 0x00, 0x00, 0x00, 0x00, 0x00, 0x00, 0x81, 0xFF, 0xFF, 0xFF, 
0xFF, 0x50, 0x00, 0x00, 0x00, 0x00, 0x00, 0x86, 0xF3, 0xF3, 0xF3, 0xF3, 0x57, 0x61, 0xFF, 0xFF, 
0xFF, 0xFF, 0x82, 0x00, 0x00, 0x00, 0x00, 0x00, 0xB8, 0xFF, 0xFF, 0xFF, 0xFF, 0x47, 0x3E, 0xFF, 
0xFF, 0xFF, 0xFF, 0xD0, 0x01, 0x00, 0x00, 0x00, 0x09, 0xE6, 0xFF, 0xFF, 0xFF, 0xFF, 0x25, 0x02, 
0xD6, 0xFF, 0xFF, 0xFF, 0xFF, 0x96, 0x0E, 0x00, 0x14, 0xAB, 0xFF, 0xFF, 0xFF, 0xFF, 0xD9, 0x00, 
0x00, 0x56, 0xFF, 0xFF, 0xFF, 0xFF, 0xFF, 0xFE, 0xEE, 0xFF, 0xFF, 0xFF, 0xFF, 0xFF, 0xFF, 0x77, 
0x00, 0x00, 0x01, 0xCE, 0xFF, 0xFF, 0xFF, 0xFF, 0xFF, 0xFF, 0xFF, 0xFF, 0xFF, 0xFF, 0xFF, 0xCE, 
0x06, 0x00, 0x00, 0x00, 0x10, 0xAF, 0xFF, 0xFF, 0xFF, 0xFF, 0xFF, 0xFF, 0xFF, 0xFF, 0xFF, 0xCF, 
0x20, 0x00, 0x00, 0x00, 0x00, 0x00, 0x00, 0x6C, 0xCE, 0xFF, 0xFF, 0xFF, 0xFF, 0xFF, 0xD7, 0x78, 
0x07, 0x00, 0x00, 0x00, 0x00, 0x00, 0x00, 0x00, 0x00, 0x00, 0xA6, 0xFF, 0xFF, 0xFF, 0x72, 0x00, 
0x00, 0x00, 0x00, 0x00, 0x00, 0x00, 0x00, 0x00, 0x00, 0x00, 0x00, 0xD0, 0xFF, 0xFF, 0xFF, 0xFF, 
0x63, 0x00, 0x00, 0x00, 0x00, 0x00, 0x00, 0x00, 0x00, 0x00, 0x00, 0x00, 0x36, 0x9E, 0xFF, 0xFF, 
0xFF, 0xBA, 0x00, 0x00, 0x00, 0x00, 0x00, 0x00, 0x00, 0x00, 0x00, 0x00, 0x00, 0x00, 0x3D, 0xFF, 
0xFF, 0xFF, 0xE9, 0x00, 0x00, 0x00, 0x00, 0x00, 0x00, 0x00, 0x00, 0x00, 0x00, 0x00, 0x33, 0xE9, 
0xFF, 0xFF, 0xFF, 0xBF, 0x00, 0x00, 0x00, 0x00, 0x00, 0x00, 0x00, 0x00, 0x00, 0x00, 0x00, 0x3F, 
0xFF, 0xFF, 0xFF, 0xFF, 0x4E, 0x00, 0x00, 0x00, 0x00, 0x00, 0x00, 0x00, 0x00, 0x00, 0x00, 0x00, 
0x36, 0xFF, 0xFF, 0xDE, 0x5C, 0x00, 0x00, 0x00, 0x00, 0x00, 0x00, 0x00, 0x00, 0x00, 0x00, 0x00, 
0x00, 0x0C, 0x39, 0x19, 0x01, 0x00, 0x00, 0x00, 0x00, 0x00, 0x00, 0x00, 0x00, 0x0A, 0x43, 0x43, 
0x43, 0x43, 0x43, 0x07, 0x00, 0x00, 0x00, 0x00, 0x00, 0x00, 0x00, 0x00, 0x12, 0xD9, 0xFF, 0xFF, 
0xFF, 0xFF, 0x84, 0x00, 0x00, 0x00, 0x00, 0x00, 0x00, 0x00, 0x00, 0x00, 0x21, 0xE7, 0xFF, 0xFF, 
0xFF, 0xFA, 0x2D, 0x00, 0x00, 0x00, 0x00, 0x00, 0x00, 0x00, 0x00, 0x00, 0x30, 0xF2, 0xFF, 0xFF, 
0xFF, 0xC9, 0x02, 0x00, 0x00, 0x00, 0x00, 0x00, 0x00, 0x00, 0x00, 0x00, 0x43, 0xF9, 0xFF, 0xFF, 
0xFF, 0x70, 0x00, 0x00, 0x00, 0x00, 0x00, 0x00, 0x00, 0x00, 0x00, 0x00, 0x59, 0xEF, 0xF0, 0xF0, 
0xE3, 0x06, 0x00, 0x00, 0x00, 0x00, 0x06, 0x1F, 0x1F, 0x20, 0x3E, 0x2E, 0x1F, 0x1F, 0x1F, 0x1F, 
0x1F, 0x1F, 0x1F, 0x1C, 0x00, 0x57, 0xFF, 0xFF, 0xFF, 0xFF, 0xFF, 0xFF, 0xFF, 0xFF, 0xFF, 0xFF, 
0xFF, 0xFF, 0xFF, 0x0B, 0x57, 0xFF, 0xFF, 0xFF, 0xFF, 0xFF, 0xFF, 0xFF, 0xFF, 0xFF, 0xFF, 0xFF, 
0xFF, 0xFF, 0x0B, 0x57, 0xFF, 0xFF, 0xFF, 0xFF, 0xFF, 0xFF, 0xFF, 0xFF, 0xFF, 0xFF, 0xFF, 0xFF, 
0xFF, 0x0B, 0x57, 0xFF, 0xFF, 0xFF, 0xFF, 0xFF, 0xFF, 0xFF, 0xFF, 0xFF, 0xFF, 0xFF, 0xFF, 0xFE, 
0x0A, 0x57, 0xFF, 0xFF, 0xFF, 0xFF, 0xA7, 0x0C, 0x0C, 0x0C, 0x0C, 0x0C, 0x0C, 0x0C, 0x0A, 0x00, 
0x57, 0xFF, 0xFF, 0xFF, 0xFF, 0x9B, 0x00, 0x00, 0x00, 0x00, 0x00, 0x00, 0x00, 0x00, 0x00, 0x57, 
0xFF, 0xFF, 0xFF, 0xFF, 0x9B, 0x00, 0x00, 0x00, 0x00, 0x00, 0x00, 0x00, 0x00, 0x00, 0x57, 0xFF, 
0xFF, 0xFF, 0xFF, 0x9B, 0x00, 0x00, 0x00, 0x00, 0x00, 0x00, 0x00, 0x00, 0x00, 0x57, 0xFF, 0xFF, 
0xFF, 0xFF, 0x9B, 0x00, 0x00, 0x00, 0x00, 0x00, 0x00, 0x00, 0x00, 0x00, 0x57, 0xFF, 0xFF, 0xFF, 
0xFF, 0xFF, 0xE7, 0xE7, 0xE7, 0xE7, 0xE7, 0xE7, 0xA8, 0x00, 0x00, 0x57, 0xFF, 0xFF, 0xFF, 0xFF, 
0xFF, 0xFF, 0xFF, 0xFF, 0xFF, 0xFF, 0xFF, 0xBF, 0x00, 0x00, 0x57, 0xFF, 0xFF, 0xFF, 0xFF, 0xFF, 
0xFF, 0xFF, 0xFF, 0xFF, 0xFF, 0xFF, 0xBF, 0x00, 0x00, 0x57, 0xFF, 0xFF, 0xFF, 0xFF, 0xFF, 0xFF, 
0xFF, 0xFF, 0xFF, 0xFF, 0xFF, 0xBF, 0x00, 0x00, 0x57, 0xFF, 0xFF, 0xFF, 0xFF, 0xBF, 0x24, 0x24, 
0x24, 0x24, 0x24, 0x24, 0x16, 0x00, 0x00, 0x57, 0xFF, 0xFF, 0xFF, 0xFF, 0x9B, 0x00, 0x00, 0x00, 
0x00, 0x00, 0x00, 0x00, 0x00, 0x00, 0x57, 0xFF, 0xFF, 0xFF, 0xFF, 0x9B, 0x00, 0x00, 0x00, 0x00, 
0x00, 0x00, 0x00, 0x00, 0x00, 0x57, 0xFF, 0xFF, 0xFF, 0xFF, 0x9B, 0x00, 0x00, 0x00, 0x00, 0x00, 
0x00, 0x00, 0x00, 0x00, 0x57, 0xFF, 0xFF, 0xFF, 0xFF, 0x9B, 0x00, 0x00, 0x00, 0x00, 0x00, 0x00, 
0x00, 0x00, 0x00, 0x57, 0xFF, 0xFF, 0xFF, 0xFF, 0xC2, 0x27, 0x27, 0x27, 0x27, 0x27, 0x27, 0x27, 
0x25, 0x00, 0x57, 0xFF, 0xFF, 0xFF, 0xFF, 0xFF, 0xFF, 0xFF, 0xFF, 0xFF, 0xFF, 0xFF, 0xFF, 0xFF, 
0x13, 0x57, 0xFF, 0xFF, 0xFF, 0xFF, 0xFF, 0xFF, 0xFF, 0xFF, 0xFF, 0xFF, 0xFF, 0xFF, 0xFF, 0x13, 
0x57, 0xFF, 0xFF, 0xFF, 0xFF, 0xFF, 0xFF, 0xFF, 0xFF, 0xFF, 0xFF, 0xFF, 0xFF, 0xFF, 0x13, 0x53, 
0xFF, 0xFF, 0xFF, 0xFF, 0xFF, 0xFF, 0xFF, 0xFF, 0xFF, 0xFF, 0xFF, 0xFF, 0xFE, 0x10, 0x00, 0x00, 
0x00, 0x00, 0x00, 0x00, 0x00, 0x00, 0x2D, 0x43, 0x43, 0x43, 0x43, 0x26, 0x00, 0x00, 0x00, 0x00, 
0x00, 0x00, 0x00, 0x00, 0x1F, 0xF4, 0xFF, 0xFF, 0xFF, 0xFE, 0x58, 0x00, 0x00, 0x00, 0x00, 0x00, 
0x00, 0x00, 0x00, 0xB5, 0xFF, 0xFF, 0xFF, 0xFF, 0x74, 0x00, 0x00, 0x00, 0x00, 0x00, 0x00, 0x00, 
0x00, 0x58, 0xFF, 0xFF, 0xFF, 0xFF, 0x8E, 0x00, 0x00, 0x00, 0x00, 0x00, 0x00, 0x00, 0x00, 0x11, 
0xE8, 0xFF, 0xFF, 0xFF, 0xA7, 0x01, 0x00, 0x00, 0x00, 0x00, 0x00, 0x00, 0x00, 0x00, 0x7A, 0xF0, 
0xF0, 0xF0, 0xB7, 0x06, 0x00, 0x00, 0x00, 0x00, 0x06, 0x1F, 0x1F, 0x20, 0x3E, 0x2E, 0x1F, 0x1F, 
0x1F, 0x1F, 0x1F, 0x1F, 0x1F, 0x1C, 0x00, 0x57, 0xFF, 0xFF, 0xFF, 0xFF, 0xFF, 0xFF, 0xFF, 0xFF, 
0xFF, 0xFF, 0xFF, 0xFF, 0xFF, 0x0B, 0x57, 0xFF, 0xFF, 0xFF, 0xFF, 0xFF, 0xFF, 0xFF, 0xFF, 0xFF, 
0xFF, 0xFF, 0xFF, 0xFF, 0x0B, 0x57, 0xFF, 0xFF, 0xFF, 0xFF, 0xFF, 0xFF, 0xFF, 0xFF, 0xFF, 0xFF, 
0xFF, 0xFF, 0xFF, 0x0B, 0x57, 0xFF, 0xFF, 0xFF, 0xFF, 0xFF, 0xFF, 0xFF, 0xFF, 0xFF, 0xFF, 0xFF, 
0xFF, 0xFE, 0x0A, 0x57, 0xFF, 0xFF, 0xFF, 0xFF, 0xA7, 0x0C, 0x0C, 0x0C, 0x0C, 0x0C, 0x0C, 0x0C, 
0x0A, 0x00, 0x57, 0xFF, 0xFF, 0xFF, 0xFF, 0x9B, 0x00, 0x00, 0x00, 0x00, 0x00, 0x00, 0x00, 0x00, 
0x00, 0x57, 0xFF, 0xFF, 0xFF, 0xFF, 0x9B, 0x00, 0x00, 0x00, 0x00, 0x00, 0x00, 0x00, 0x00, 0x00, 
0x57, 0xFF, 0xFF, 0xFF, 0xFF, 0x9B, 0x00, 0x00, 0x00, 0x00, 0x00, 0x00, 0x00, 0x00, 0x00, 0x57, 
0xFF, 0xFF, 0xFF, 0xFF, 0x9B, 0x00, 0x00, 0x00, 0x00, 0x00, 0x00, 0x00, 0x00, 0x00, 0x57, 0xFF, 
0xFF, 0xFF, 0xFF, 0xFF, 0xE7, 0xE7, 0xE7, 0xE7, 0xE7, 0xE7, 0xA8, 0x00, 0x00, 0x57, 0xFF, 0xFF, 
0xFF, 0xFF, 0xFF, 0xFF, 0xFF, 0xFF, 0xFF, 0xFF, 0xFF, 0xBF, 0x00, 0x00, 0x57, 0xFF, 0xFF, 0xFF, 
0xFF, 0xFF, 0xFF, 0xFF, 0xFF, 0xFF, 0xFF, 0xFF, 0xBF, 0x00, 0x00, 0x57, 0xFF, 0xFF, 0xFF, 0xFF, 
0xFF, 0xFF, 0xFF, 0xFF, 0xFF, 0xFF, 0xFF, 0xBF, 0x00, 0x00, 0x57, 0xFF, 0xFF, 0xFF, 0xFF, 0xBF, 
0x24, 0x24, 0x24, 0x24, 0x24, 0x24, 0x16, 0x00, 0x00, 0x57, 0xFF, 0xFF, 0xFF, 0xFF, 0x9B, 0x00, 
0x00, 0x00, 0x00, 0x00, 0x00, 0x00, 0x00, 0x00, 0x57, 0xFF, 0xFF, 0xFF, 0xFF, 0x9B, 0x00, 0x00, 
0x00, 0x00, 0x00, 0x00, 0x00, 0x00, 0x00, 0x57, 0xFF, 0xFF, 0xFF, 0xFF, 0x9B, 0x00, 0x00, 0x00, 
0x00, 0x00, 0x00, 0x00, 0x00, 0x00, 0x57, 0xFF, 0xFF, 0xFF, 0xFF, 0x9B, 0x00, 0x00, 0x00, 0x00, 
0x00, 0x00, 0x00, 0x00, 0x00, 0x57, 0xFF, 0xFF, 0xFF, 0xFF, 0xC2, 0x27, 0x27, 0x27, 0x27, 0x27, 
0x27, 0x27, 0x25, 0x00, 0x57, 0xFF, 0xFF, 0xFF, 0xFF, 0xFF, 0xFF, 0xFF, 0xFF, 0xFF, 0xFF, 0xFF, 
0xFF, 0xFF, 0x13, 0x57, 0xFF, 0xFF, 0xFF, 0xFF, 0xFF, 0xFF, 0xFF, 0xFF, 0xFF, 0xFF, 0xFF, 0xFF, 
0xFF, 0x13, 0x57, 0xFF, 0xFF, 0xFF, 0xFF, 0xFF, 0xFF, 0xFF, 0xFF, 0xFF, 0xFF, 0xFF, 0xFF, 0xFF, 
0x13, 0x53, 0xFF, 0xFF, 0xFF, 0xFF, 0xFF, 0xFF, 0xFF, 0xFF, 0xFF, 0xFF, 0xFF, 0xFF, 0xFE, 0x10, 
0x00, 0x00, 0x00, 0x00, 0x00, 0x00, 0x3E, 0x47, 0x47, 0x12, 0x00, 0x00, 0x00, 0x00, 0x00, 0x00, 
0x00, 0x00, 0x00, 0x00, 0x7A, 0xFF, 0xFF, 0xFF, 0xCC, 0x0E, 0x00, 0x00, 0x00, 0x00, 0x00, 0x00, 
0x00, 0x00, 0x6B, 0xFF, 0xFF, 0xFF, 0xFF, 0xFF, 0xC2, 0x09, 0x00, 0x00, 0x00, 0x00, 0x00, 0x00, 
0x5C, 0xFE, 0xFF, 0xFF, 0xE9, 0xFF, 0xFF, 0xFF, 0xB7, 0x06, 0x00, 0x00, 0x00, 0x00, 0x4F, 0xFB, 
0xFF, 0xFF, 0xD8, 0x12, 0x8A, 0xFF, 0xFF, 0xFF, 0xAB, 0x03, 0x00, 0x00, 0x00, 0x80, 0xA4, 0xA4, 
0xA3, 0x21, 0x00, 0x01, 0x85, 0xA4, 0xA4, 0xA4, 0x21, 0x00, 0x06, 0x1F, 0x1F, 0x20, 0x3E, 0x2E, 
0x1F, 0x1F, 0x1F, 0x1F, 0x1F, 0x1F, 0x1F, 0x1C, 0x00, 0x57, 0xFF, 0xFF, 0xFF, 0xFF, 0xFF, 0xFF, 
0xFF, 0xFF, 0xFF, 0xFF, 0xFF, 0xFF, 0xFF, 0x0B, 0x57, 0xFF, 0xFF, 0xFF, 0xFF, 0xFF, 0xFF, 0xFF, 
0xFF, 0xFF, 0xFF, 0xFF, 0xFF, 0xFF, 0x0B, 0x57, 0xFF, 0xFF, 0xFF, 0xFF, 0xFF, 0xFF, 0xFF, 0xFF, 
0xFF, 0xFF, 0xFF, 0xFF, 0xFF, 0x0B, 0x57, 0xFF, 0xFF, 0xFF, 0xFF, 0xFF, 0xFF, 0xFF, 0xFF, 0xFF, 
0xFF, 0xFF, 0xFF, 0xFE, 0x0A, 0x57, 0xFF, 0xFF, 0xFF, 0xFF, 0xA7, 0x0C, 0x0C, 0x0C, 0x0C, 0x0C, 
0x0C, 0x0C, 0x0A, 0x00, 0x57, 0xFF, 0xFF, 0xFF, 0xFF, 0x9B, 0x00, 0x00, 0x00, 0x00, 0x00, 0x00, 
0x00, 0x00, 0x00, 0x57, 0xFF, 0xFF, 0xFF, 0xFF, 0x9B, 0x00, 0x00, 0x00, 0x00, 0x00, 0x00, 0x00, 
0x00, 0x00, 0x57, 0xFF, 0xFF, 0xFF, 0xFF, 0x9B, 0x00, 0x00, 0x00, 0x00, 0x00, 0x00, 0x00, 0x00, 
0x00, 0x57, 0xFF, 0xFF, 0xFF, 0xFF, 0x9B, 0x00, 0x00, 0x00, 0x00, 0x00, 0x00, 0x00, 0x00, 0x00, 
0x57, 0xFF, 0xFF, 0xFF, 0xFF, 0xFF, 0xE7, 0xE7, 0xE7, 0xE7, 0xE7, 0xE7, 0xA8, 0x00, 0x00, 0x57, 
0xFF, 0xFF, 0xFF, 0xFF, 0xFF, 0xFF, 0xFF, 0xFF, 0xFF, 0xFF, 0xFF, 0xBF, 0x00, 0x00, 0x57, 0xFF, 
0xFF, 0xFF, 0xFF, 0xFF, 0xFF, 0xFF, 0xFF, 0xFF, 0xFF, 0xFF, 0xBF, 0x00, 0x00, 0x57, 0xFF, 0xFF, 
0xFF, 0xFF, 0xFF, 0xFF, 0xFF, 0xFF, 0xFF, 0xFF, 0xFF, 0xBF, 0x00, 0x00, 0x57, 0xFF, 0xFF, 0xFF, 
0xFF, 0xBF, 0x24, 0x24, 0x24, 0x24, 0x24, 0x24, 0x16, 0x00, 0x00, 0x57, 0xFF, 0xFF, 0xFF, 0xFF, 
0x9B, 0x00, 0x00, 0x00, 0x00, 0x00, 0x00, 0x00, 0x00, 0x00, 0x57, 0xFF, 0xFF, 0xFF, 0xFF, 0x9B, 
0x00, 0x00, 0x00, 0x00, 0x00, 0x00, 0x00, 0x00, 0x00, 0x57, 0xFF, 0xFF, 0xFF, 0xFF, 0x9B, 0x00, 
0x00, 0x00, 0x00, 0x00, 0x00, 0x00, 0x00, 0x00, 0x57, 0xFF, 0xFF, 0xFF, 0xFF, 0x9B, 0x00, 0x00, 
0x00, 0x00, 0x00, 0x00, 0x00, 0x00, 0x00, 0x57, 0xFF, 0xFF, 0xFF, 0xFF, 0xC2, 0x27, 0x27, 0x27, 
0x27, 0x27, 0x27, 0x27, 0x25, 0x00, 0x57, 0xFF, 0xFF, 0xFF, 0xFF, 0xFF, 0xFF, 0xFF, 0xFF, 0xFF, 
0xFF, 0xFF, 0xFF, 0xFF, 0x13, 0x57, 0xFF, 0xFF, 0xFF, 0xFF, 0xFF, 0xFF, 0xFF, 0xFF, 0xFF, 0xFF, 
0xFF, 0xFF, 0xFF, 0x13, 0x57, 0xFF, 0xFF, 0xFF, 0xFF, 0xFF, 0xFF, 0xFF, 0xFF, 0xFF, 0xFF, 0xFF, 
0xFF, 0xFF, 0x13, 0x53, 0xFF, 0xFF, 0xFF, 0xFF, 0xFF, 0xFF, 0xFF, 0xFF, 0xFF, 0xFF, 0xFF, 0xFF, 
0xFE, 0x10, 0x00, 0x00, 0x27, 0x81, 0x6B, 0x12, 0x00, 0x00, 0x00, 0x03, 0x4B, 0x8D, 0x48, 0x03, 
0x00, 0x00, 0x1F, 0xFB, 0xFF, 0xFF, 0xD2, 0x00, 0x00, 0x00, 0x7B, 0xFF, 0xFF, 0xFF, 0x72, 0x00, 
0x00, 0x6A, 0xFF, 0xFF, 0xFF, 0xFF, 0x2E, 0x00, 0x00, 0xC9, 0xFF, 0xFF, 0xFF, 0xCD, 0x00, 0x00, 
0x2B, 0xFF, 0xFF, 0xFF, 0xE5, 0x07, 0x00, 0x00, 0x8B, 0xFF, 0xFF, 0xFF, 0x8B, 0x00, 0x00, 0x00, 
0x4E, 0xAA, 0x95, 0x2E, 0x00, 0x00, 0x00, 0x10, 0x74, 0xB6, 0x71, 0x0E, 0x00, 0x06, 0x1F, 0x1F, 
0x20, 0x3E, 0x2E, 0x1F, 0x1F, 0x1F, 0x1F, 0x1F, 0x1F, 0x1F, 0x1C, 0x00, 0x57, 0xFF, 0xFF, 0xFF, 
0xFF, 0xFF, 0xFF, 0xFF, 0xFF, 0xFF, 0xFF, 0xFF, 0xFF, 0xFF, 0x0B, 0x57, 0xFF, 0xFF, 0xFF, 0xFF, 
0xFF, 0xFF, 0xFF, 0xFF, 0xFF, 0xFF, 0xFF, 0xFF, 0xFF, 0x0B, 0x57, 0xFF, 0xFF, 0xFF, 0xFF, 0xFF, 
0xFF, 0xFF, 0xFF, 0xFF, 0xFF, 0xFF, 0xFF, 0xFF, 0x0B, 0x57, 0xFF, 0xFF, 0xFF, 0xFF, 0xFF, 0xFF, 
0xFF, 0xFF, 0xFF, 0xFF, 0xFF, 0xFF, 0xFE, 0x0A, 0x57, 0xFF, 0xFF, 0xFF, 0xFF, 0xA7, 0x0C, 0x0C, 
0x0C, 0x0C, 0x0C, 0x0C, 0x0C, 0x0A, 0x00, 0x57, 0xFF, 0xFF, 0xFF, 0xFF, 0x9B, 0x00, 0x00, 0x00, 
0x00, 0x00, 0x00, 0x00, 0x00, 0x00, 0x57, 0xFF, 0xFF, 0xFF, 0xFF, 0x9B, 0x00, 0x00, 0x00, 0x00, 
0x00, 0x00, 0x00, 0x00, 0x00, 0x57, 0xFF, 0xFF, 0xFF, 0xFF, 0x9B, 0x00, 0x00, 0x00, 0x00, 0x00, 
0x00, 0x00, 0x00, 0x00, 0x57, 0xFF, 0xFF, 0xFF, 0xFF, 0x9B, 0x00, 0x00, 0x00, 0x00, 0x00, 0x00, 
0x00, 0x00, 0x00, 0x57, 0xFF, 0xFF, 0xFF, 0xFF, 0xFF, 0xE7, 0xE7, 0xE7, 0xE7, 0xE7, 0xE7, 0xA8, 
0x00, 0x00, 0x57, 0xFF, 0xFF, 0xFF, 0xFF, 0xFF, 0xFF, 0xFF, 0xFF, 0xFF, 0xFF, 0xFF, 0xBF, 0x00, 
0x00, 0x57, 0xFF, 0xFF, 0xFF, 0xFF, 0xFF, 0xFF, 0xFF, 0xFF, 0xFF, 0xFF, 0xFF, 0xBF, 0x00, 0x00, 
0x57, 0xFF, 0xFF, 0xFF, 0xFF, 0xFF, 0xFF, 0xFF, 0xFF, 0xFF, 0xFF, 0xFF, 0xBF, 0x00, 0x00, 0x57, 
0xFF, 0xFF, 0xFF, 0xFF, 0xBF, 0x24, 0x24, 0x24, 0x24, 0x24, 0x24, 0x16, 0x00, 0x00, 0x57, 0xFF, 
0xFF, 0xFF, 0xFF, 0x9B, 0x00, 0x00, 0x00, 0x00, 0x00, 0x00, 0x00, 0x00, 0x00, 0x57, 0xFF, 0xFF, 
0xFF, 0xFF, 0x9B, 0x00, 0x00, 0x00, 0x00, 0x00, 0x00, 0x00, 0x00, 0x00, 0x57, 0xFF, 0xFF, 0xFF, 
0xFF, 0x9B, 0x00, 0x00, 0x00, 0x00, 0x00, 0x00, 0x00, 0x00, 0x00, 0x57, 0xFF, 0xFF, 0xFF, 0xFF, 
0x9B, 0x00, 0x00, 0x00, 0x00, 0x00, 0x00, 0x00, 0x00, 0x00, 0x57, 0xFF, 0xFF, 0xFF, 0xFF, 0xC2, 
0x27, 0x27, 0x27, 0x27, 0x27, 0x27, 0x27, 0x25, 0x00, 0x57, 0xFF, 0xFF, 0xFF, 0xFF, 0xFF, 0xFF, 
0xFF, 0xFF, 0xFF, 0xFF, 0xFF, 0xFF, 0xFF, 0x13, 0x57, 0xFF, 0xFF, 0xFF, 0xFF, 0xFF, 0xFF, 0xFF, 
0xFF, 0xFF, 0xFF, 0xFF, 0xFF, 0xFF, 0x13, 0x57, 0xFF, 0xFF, 0xFF, 0xFF, 0xFF, 0xFF, 0xFF, 0xFF, 
0xFF, 0xFF, 0xFF, 0xFF, 0xFF, 0x13, 0x53, 0xFF, 0xFF, 0xFF, 0xFF, 0xFF, 0xFF, 0xFF, 0xFF, 0xFF, 
0xFF, 0xFF, 0xFF, 0xFE, 0x10, 0x23, 0x43, 0x43, 0x43, 0x43, 0x31, 0x00, 0x00, 0x00, 0x4E, 0xFD, 
0xFF, 0xFF, 0xFF, 0xF9, 0x2A, 0x00, 0x00, 0x00, 0x68, 0xFF, 0xFF, 0xFF, 0xFF, 0xC6, 0x02, 0x00, 
0x00, 0x00, 0x82, 0xFF, 0xFF, 0xFF, 0xFF, 0x6C, 0x00, 0x00, 0x00, 0x00, 0x9C, 0xFF, 0xFF, 0xFF, 
0xF2, 0x1D, 0x00, 0x00, 0x00, 0x04, 0xAF, 0xF0, 0xF0, 0xF0, 0x90, 0x00, 0x00, 0x00, 0x00, 0x1E, 
0x1F, 0x1F, 0x1F, 0x14, 0x00, 0x00, 0x00, 0x23, 0xFF, 0xFF, 0xFF, 0xFF, 0xC7, 0x00, 0x00, 0x00, 
0x23, 0xFF, 0xFF, 0xFF, 0xFF, 0xC7, 0x00, 0x00, 0x00, 0x23, 0xFF, 0xFF, 0xFF, 0xFF, 0xC7, 0x00, 
0x00, 0x00, 0x23, 0xFF, 0xFF, 0xFF, 0xFF, 0xC7, 0x00, 0x00, 0x00, 0x23, 0xFF, 0xFF, 0xFF, 0xFF, 
0xC7, 0x00, 0x00, 0x00, 0x23, 0xFF, 0xFF, 0xFF, 0xFF, 0xC7, 0x00, 0x00, 0x00, 0x23, 0xFF, 0xFF, 
0xFF, 0xFF, 0xC7, 0x00, 0x00, 0x00, 0x23, 0xFF, 0xFF, 0xFF, 0xFF, 0xC7, 0x00, 0x00, 0x00, 0x23, 
0xFF, 0xFF, 0xFF, 0xFF, 0xC7, 0x00, 0x00, 0x00, 0x23, 0xFF, 0xFF, 0xFF, 0xFF, 0xC7, 0x00, 0x00, 
0x00, 0x23, 0xFF, 0xFF, 0xFF, 0xFF, 0xC7, 0x00, 0x00, 0x00, 0x23, 0xFF, 0xFF, 0xFF, 0xFF, 0xC7, 
0x00, 0x00, 0x00, 0x23, 0xFF, 0xFF, 0xFF, 0xFF, 0xC7, 0x00, 0x00, 0x00, 0x23, 0xFF, 0xFF, 0xFF, 
0xFF, 0xC7, 0x00, 0x00, 0x00, 0x23, 0xFF, 0xFF, 0xFF, 0xFF, 0xC7, 0x00, 0x00, 0x00, 0x23, 0xFF, 
0xFF, 0xFF, 0xFF, 0xC7, 0x00, 0x00, 0x00, 0x23, 0xFF, 0xFF, 0xFF, 0xFF, 0xC7, 0x00, 0x00, 0x00, 
0x23, 0xFF, 0xFF, 0xFF, 0xFF, 0xC7, 0x00, 0x00, 0x00, 0x23, 0xFF, 0xFF, 0xFF, 0xFF, 0xC7, 0x00, 
0x00, 0x00, 0x23, 0xFF, 0xFF, 0xFF, 0xFF, 0xC7, 0x00, 0x00, 0x00, 0x23, 0xFF, 0xFF, 0xFF, 0xFF, 
0xC7, 0x00, 0x00, 0x00, 0x23, 0xFF, 0xFF, 0xFF, 0xFF, 0xC7, 0x00, 0x00, 0x00, 0x1F, 0xFF, 0xFF, 
0xFF, 0xFF, 0xC3, 0x00, 0x00, 0x00, 0x03, 0x42, 0x43, 0x43, 0x43, 0x43, 0x0D, 0x00, 0x00, 0x00, 
0x73, 0xFF, 0xFF, 0xFF, 0xFF, 0xE0, 0x17, 0x00, 0x00, 0x20, 0xF5, 0xFF, 0xFF, 0xFF, 0xEC, 0x27, 
0x00, 0x00, 0x00, 0xB7, 0xFF, 0xFF, 0xFF, 0xF5, 0x38, 0x00, 0x00, 0x00, 0x5A, 0xFF, 0xFF, 0xFF, 
0xFC, 0x4D, 0x00, 0x00, 0x00, 0x00, 0xD3, 0xF0, 0xF0, 0xF0, 0x64, 0x00, 0x00, 0x00, 0x00, 0x00, 
0x1E, 0x1F, 0x1F, 0x1F, 0x14, 0x00, 0x00, 0x00, 0x00, 0x23, 0xFF, 0xFF, 0xFF, 0xFF, 0xC7, 0x00, 
0x00, 0x00, 0x00, 0x23, 0xFF, 0xFF, 0xFF, 0xFF, 0xC7, 0x00, 0x00, 0x00, 0x00, 0x23, 0xFF, 0xFF, 
0xFF, 0xFF, 0xC7, 0x00, 0x00, 0x00, 0x00, 0x23, 0xFF, 0xFF, 0xFF, 0xFF, 0xC7, 0x00, 0x00, 0x00, 
0x00, 0x23, 0xFF, 0xFF, 0xFF, 0xFF, 0xC7, 0x00, 0x00, 0x00, 0x00, 0x23, 0xFF, 0xFF, 0xFF, 0xFF, 
0xC7, 0x00, 0x00, 0x00, 0x00, 0x23, 0xFF, 0xFF, 0xFF, 0xFF, 0xC7, 0x00, 0x00, 0x00, 0x00, 0x23, 
0xFF, 0xFF, 0xFF, 0xFF, 0xC7, 0x00, 0x00, 0x00, 0x00, 0x23, 0xFF, 0xFF, 0xFF, 0xFF, 0xC7, 0x00, 
0x00, 0x00, 0x00, 0x23, 0xFF, 0xFF, 0xFF, 0xFF, 0xC7, 0x00, 0x00, 0x00, 0x00, 0x23, 0xFF, 0xFF, 
0xFF, 0xFF, 0xC7, 0x00, 0x00, 0x00, 0x00, 0x23, 0xFF, 0xFF, 0xFF, 0xFF, 0xC7, 0x00, 0x00, 0x00, 
0x00, 0x23, 0xFF, 0xFF, 0xFF, 0xFF, 0xC7, 0x00, 0x00, 0x00, 0x00, 0x23, 0xFF, 0xFF, 0xFF, 0xFF, 
0xC7, 0x00, 0x00, 0x00, 0x00, 0x23, 0xFF, 0xFF, 0xFF, 0xFF, 0xC7, 0x00, 0x00, 0x00, 0x00, 0x23, 
0xFF, 0xFF, 0xFF, 0xFF, 0xC7, 0x00, 0x00, 0x00, 0x00, 0x23, 0xFF, 0xFF, 0xFF, 0xFF, 0xC7, 0x00, 
0x00, 0x00, 0x00, 0x23, 0xFF, 0xFF, 0xFF, 0xFF, 0xC7, 0x00, 0x00, 0x00, 0x00, 0x23, 0xFF, 0xFF, 
0xFF, 0xFF, 0xC7, 0x00, 0x00, 0x00, 0x00, 0x23, 0xFF, 0xFF, 0xFF, 0xFF, 0xC7, 0x00, 0x00, 0x00, 
0x00, 0x23, 0xFF, 0xFF, 0xFF, 0xFF, 0xC7, 0x00, 0x00, 0x00, 0x00, 0x23, 0xFF, 0xFF, 0xFF, 0xFF, 
0xC7, 0x00, 0x00, 0x00, 0x00, 0x1F, 0xFF, 0xFF, 0xFF, 0xFF, 0xC3, 0x00, 0x00, 0x00, 0x00, 0x00, 
0x00, 0x00, 0x00, 0x12, 0x47, 0x47, 0x3E, 0x00, 0x00, 0x00, 0x00, 0x00, 0x00, 0x00, 0x0E, 0xCC, 
0xFF, 0xFF, 0xFF, 0x7B, 0x00, 0x00, 0x00, 0x00, 0x00, 0x09, 0xC1, 0xFF, 0xFF, 0xFF, 0xFF, 0xFF, 
0x6C, 0x00, 0x00, 0x00, 0x05, 0xB5, 0xFF, 0xFF, 0xFF, 0xE9, 0xFF, 0xFF, 0xFE, 0x5F, 0x00, 0x02, 
0xA8, 0xFF, 0xFF, 0xFF, 0x8A, 0x12, 0xD8, 0xFF, 0xFF, 0xFC, 0x52, 0x19, 0xA3, 0xA4, 0xA4, 0x85, 
0x01, 0x00, 0x21, 0xA3, 0xA4, 0xA4, 0x87, 0x00, 0x00, 0x00, 0x00, 0x1E, 0x1F, 0x1F, 0x1F, 0x14, 
0x00, 0x00, 0x00, 0x00, 0x00, 0x00, 0x23, 0xFF, 0xFF, 0xFF, 0xFF, 0xC7, 0x00, 0x00, 0x00, 0x00, 
0x00, 0x00, 0x23, 0xFF, 0xFF, 0xFF, 0xFF, 0xC7, 0x00, 0x00, 0x00, 0x00, 0x00, 0x00, 0x23, 0xFF, 
0xFF, 0xFF, 0xFF, 0xC7, 0x00, 0x00, 0x00, 0x00, 0x00, 0x00, 0x23, 0xFF, 0xFF, 0xFF, 0xFF, 0xC7, 
0x00, 0x00, 0x00, 0x00, 0x00, 0x00, 0x23, 0xFF, 0xFF, 0xFF, 0xFF, 0xC7, 0x00, 0x00, 0x00, 0x00, 
0x00, 0x00, 0x23, 0xFF, 0xFF, 0xFF, 0xFF, 0xC7, 0x00, 0x00, 0x00, 0x00, 0x00, 0x00, 0x23, 0xFF, 
0xFF, 0xFF, 0xFF, 0xC7, 0x00, 0x00, 0x00, 0x00, 0x00, 0x00, 0x23, 0xFF, 0xFF, 0xFF, 0xFF, 0xC7, 
0x00, 0x00, 0x00, 0x00, 0x00, 0x00, 0x23, 0xFF, 0xFF, 0xFF, 0xFF, 0xC7, 0x00, 0x00, 0x00, 0x00, 
0x00, 0x00, 0x23, 0xFF, 0xFF, 0xFF, 0xFF, 0xC7, 0x00, 0x00, 0x00, 0x00, 0x00, 0x00, 0x23, 0xFF, 
0xFF, 0xFF, 0xFF, 0xC7, 0x00, 0x00, 0x00, 0x00, 0x00, 0x00, 0x23, 0xFF, 0xFF, 0xFF, 0xFF, 0xC7, 
0x00, 0x00, 0x00, 0x00, 0x00, 0x00, 0x23, 0xFF, 0xFF, 0xFF, 0xFF, 0xC7, 0x00, 0x00, 0x00, 0x00, 
0x00, 0x00, 0x23, 0xFF, 0xFF, 0xFF, 0xFF, 0xC7, 0x00, 0x00, 0x00, 0x00, 0x00, 0x00, 0x23, 0xFF, 
0xFF, 0xFF, 0xFF, 0xC7, 0x00, 0x00, 0x00, 0x00, 0x00, 0x00, 0x23, 0xFF, 0xFF, 0xFF, 0xFF, 0xC7, 
0x00, 0x00, 0x00, 0x00, 0x00, 0x00, 0x23, 0xFF, 0xFF, 0xFF, 0xFF, 0xC7, 0x00, 0x00, 0x00, 0x00, 
0x00, 0x00, 0x23, 0xFF, 0xFF, 0xFF, 0xFF, 0xC7, 0x00, 0x00, 0x00, 0x00, 0x00, 0x00, 0x23, 0xFF, 
0xFF, 0xFF, 0xFF, 0xC7, 0x00, 0x00, 0x00, 0x00, 0x00, 0x00, 0x23, 0xFF, 0xFF, 0xFF, 0xFF, 0xC7, 
0x00, 0x00, 0x00, 0x00, 0x00, 0x00, 0x23, 0xFF, 0xFF, 0xFF, 0xFF, 0xC7, 0x00, 0x00, 0x00, 0x00, 
0x00, 0x00, 0x23, 0xFF, 0xFF, 0xFF, 0xFF, 0xC7, 0x00, 0x00, 0x00, 0x00, 0x00, 0x00, 0x1F, 0xFF, 
0xFF, 0xFF, 0xFF, 0xC3, 0x00, 0x00, 0x00, 0x03, 0x4A, 0x8D, 0x48, 0x03, 0x00, 0x00, 0x00, 0x14, 
0x6E, 0x7F, 0x24, 0x00, 0x7B, 0xFF, 0xFF, 0xFF, 0x73, 0x00, 0x00, 0x01, 0xD9, 0xFF, 0xFF, 0xF9, 
0x18, 0xC9, 0xFF, 0xFF, 0xFF, 0xCE, 0x00, 0x00, 0x29, 0xFF, 0xFF, 0xFF, 0xFF, 0x6D, 0x8A, 0xFF, 
0xFF, 0xFF, 0x8C, 0x00, 0x00, 0x05, 0xE6, 0xFF, 0xFF, 0xFE, 0x2C, 0x10, 0x74, 0xB6, 0x72, 0x0E, 
0x00, 0x00, 0x00, 0x30, 0x97, 0xA8, 0x49, 0x00, 0x00, 0x00, 0x00, 0x00, 0x1E, 0x1F, 0x1F, 0x1F, 
0x14, 0x00, 0x00, 0x00, 0x00, 0x00, 0x00, 0x00, 0x23, 0xFF, 0xFF, 0xFF, 0xFF, 0xC7, 0x00, 0x00, 
0x00, 0x00, 0x00, 0x00, 0x00, 0x23, 0xFF, 0xFF, 0xFF, 0xFF, 0xC7, 0x00, 0x00, 0x00, 0x00, 0x00, 
0x00, 0x00, 0x23, 0xFF, 0xFF, 0xFF, 0xFF, 0xC7, 0x00, 0x00, 0x00, 0x00, 0x00, 0x00, 0x00, 0x23, 
0xFF, 0xFF, 0xFF, 0xFF, 0xC7, 0x00, 0x00, 0x00, 0x00, 0x00, 0x00, 0x00, 0x23, 0xFF, 0xFF, 0xFF, 
0xFF, 0xC7, 0x00, 0x00, 0x00, 0x00, 0x00, 0x00, 0x00, 0x23, 0xFF, 0xFF, 0xFF, 0xFF, 0xC7, 0x00, 
0x00, 0x00, 0x00, 0x00, 0x00, 0x00, 0x23, 0xFF, 0xFF, 0xFF, 0xFF, 0xC7, 0x00, 0x00, 0x00, 0x00, 
0x00, 0x00, 0x00, 0x23, 0xFF, 0xFF, 0xFF, 0xFF, 0xC7, 0x00, 0x00, 0x00, 0x00, 0x00, 0x00, 0x00, 
0x23, 0xFF, 0xFF, 0xFF, 0xFF, 0xC7, 0x00, 0x00, 0x00, 0x00, 0x00, 0x00, 0x00, 0x23, 0xFF, 0xFF, 
0xFF, 0xFF, 0xC7, 0x00, 0x00, 0x00, 0x00, 0x00, 0x00, 0x00, 0x23, 0xFF, 0xFF, 0xFF, 0xFF, 0xC7, 
0x00, 0x00, 0x00, 0x00, 0x00, 0x00, 0x00, 0x23, 0xFF, 0xFF, 0xFF, 0xFF, 0xC7, 0x00, 0x00, 0x00, 
0x00, 0x00, 0x00, 0x00, 0x23, 0xFF, 0xFF, 0xFF, 0xFF, 0xC7, 0x00, 0x00, 0x00, 0x00, 0x00, 0x00, 
0x00, 0x23, 0xFF, 0xFF, 0xFF, 0xFF, 0xC7, 0x00, 0x00, 0x00, 0x00, 0x00, 0x00, 0x00, 0x23, 0xFF, 
0xFF, 0xFF, 0xFF, 0xC7, 0x00, 0x00, 0x00, 0x00, 0x00, 0x00, 0x00, 0x23, 0xFF, 0xFF, 0xFF, 0xFF, 
0xC7, 0x00, 0x00, 0x00, 0x00, 0x00, 0x00, 0x00, 0x23, 0xFF, 0xFF, 0xFF, 0xFF, 0xC7, 0x00, 0x00, 
0x00, 0x00, 0x00, 0x00, 0x00, 0x23, 0xFF, 0xFF, 0xFF, 0xFF, 0xC7, 0x00, 0x00, 0x00, 0x00, 0x00, 
0x00, 0x00, 0x23, 0xFF, 0xFF, 0xFF, 0xFF, 0xC7, 0x00, 0x00, 0x00, 0x00, 0x00, 0x00, 0x00, 0x23, 
0xFF, 0xFF, 0xFF, 0xFF, 0xC7, 0x00, 0x00, 0x00, 0x00, 0x00, 0x00, 0x00, 0x23, 0xFF, 0xFF, 0xFF, 
0xFF, 0xC7, 0x00, 0x00, 0x00, 0x00, 0x00, 0x00, 0x00, 0x23, 0xFF, 0xFF, 0xFF, 0xFF, 0xC7, 0x00, 
0x00, 0x00, 0x00, 0x00, 0x00, 0x00, 0x1F, 0xFF, 0xFF, 0xFF, 0xFF, 0xC3, 0x00, 0x00, 0x00, 0x00, 
0x00, 0x00, 0x00, 0x00, 0x00, 0x00, 0x02, 0x00, 0x00, 0x00, 0x00, 0x14, 0x17, 0x06, 0x00, 0x00, 
0x00, 0x00, 0x00, 0x00, 0x00, 0x0B, 0x99, 0xEF, 0xEB, 0x84, 0x0D, 0x02, 0xEA, 0xFF, 0xFF, 0x12, 
0x00, 0x00, 0x00, 0x00, 0x00, 0x00, 0x9C, 0xFF, 0xFF, 0xFF, 0xFF, 0xEE, 0xDC, 0xFF, 0xFF, 0xE6, 
0x00, 0x00, 0x00, 0x00, 0x00, 0x00, 0x1D, 0xFF, 0xFF, 0xFF, 0xFF, 0xFF, 0xFF, 0xFF, 0xFF, 0xFF, 
0xA3, 0x00, 0x00, 0x00, 0x00, 0x00, 0x00, 0x4F, 0xFF, 0xFF, 0xD5, 0x5A, 0xBC, 0xFF, 0xFF, 0xFF, 
0xE4, 0x13, 0x00, 0x00, 0x00, 0x00, 0x00, 0x00, 0x3C, 0x98, 0xAA, 0x5B, 0x00, 0x00, 0x46, 0x82, 
0x5E, 0x0E, 0x00, 0x00, 0x00, 0x00, 0x06, 0x1F, 0x1F, 0x1F, 0x1F, 0x0D, 0x00, 0x00, 0x00, 0x00, 
0x00, 0x00, 0x14, 0x1F, 0x1F, 0x1F, 0x19, 0x57, 0xFF, 0xFF, 0xFF, 0xFF, 0xB3, 0x00, 0x00, 0x00, 
0x00, 0x00, 0x00, 0xC7, 0xFF, 0xFF, 0xFF, 0xEF, 0x57, 0xFF, 0xFF, 0xFF, 0xFF, 0xFF, 0x33, 0x00, 
0x00, 0x00, 0x00, 0x00, 0xC7, 0xFF, 0xFF, 0xFF, 0xEF, 0x57, 0xFF, 0xFF, 0xFF, 0xFF, 0xFF, 0xB3, 
0x00, 0x00, 0x00, 0x00, 0x00, 0xC7, 0xFF, 0xFF, 0xFF, 0xEF, 0x57, 0xFF, 0xFF, 0xFF, 0xFF, 0xFF, 
0xFF, 0x34, 0x00, 0x00, 0x00, 0x00, 0xC7, 0xFF, 0xFF, 0xFF, 0xEF, 0x57, 0xFF, 0xFF, 0xFF, 0xFF, 
0xFF, 0xFF, 0xB3, 0x00, 0x00, 0x00, 0x00, 0xC7, 0xFF, 0xFF, 0xFF, 0xEF, 0x57, 0xFF, 0xFF, 0xFF, 
0xFF, 0xFF, 0xFF, 0xFF, 0x34, 0x00, 0x00, 0x00, 0xC7, 0xFF, 0xFF, 0xFF, 0xEF, 0x57, 0xFF, 0xFF, 
0xFF, 0xFF, 0xFF, 0xFF, 0xFF, 0xB3, 0x00, 0x00, 0x00, 0xC7, 0xFF, 0xFF, 0xFF, 0xEF, 0x57, 0xFF, 
0xFF, 0xFF, 0xFF, 0xFF, 0xFF, 0xFF, 0xFF, 0x34, 0x00, 0x00, 0xC7, 0xFF, 0xFF, 0xFF, 0xEF, 0x57, 
0xFF, 0xFF, 0xFF, 0xFF, 0xFF, 0xFF, 0xFF, 0xFF, 0xB4, 0x00, 0x00, 0xC7, 0xFF, 0xFF, 0xFF, 0xEF, 
0x57, 0xFF, 0xFF, 0xFF, 0xFF, 0xFF, 0xFF, 0xFF, 0xFF, 0xFF, 0x34, 0x00, 0xC7, 0xFF, 0xFF, 0xFF, 
0xEF, 0x57, 0xFF, 0xFF, 0xFF, 0xFF, 0x84, 0xFC, 0xFF, 0xFF, 0xFF, 0xB4, 0x00, 0xC7, 0xFF, 0xFF, 
0xFF, 0xEF, 0x57, 0xFF, 0xFF, 0xFF, 0xFF, 0x5F, 0xA0, 0xFF, 0xFF, 0xFF, 0xFF, 0x35, 0xC7, 0xFF, 
0xFF, 0xFF, 0xEF, 0x57, 0xFF, 0xFF, 0xFF, 0xFF, 0x5F, 0x24, 0xFB, 0xFF, 0xFF, 0xFF, 0xB4, 0xC7, 
0xFF, 0xFF, 0xFF, 0xEF, 0x57, 0xFF, 0xFF, 0xFF, 0xFF, 0x5F, 0x00, 0x9F, 0xFF, 0xFF, 0xFF, 0xFF, 
0xFC, 0xFF, 0xFF, 0xFF, 0xEF, 0x57, 0xFF, 0xFF, 0xFF, 0xFF, 0x5F, 0x00, 0x23, 0xFB, 0xFF, 0xFF, 
0xFF, 0xFF, 0xFF, 0xFF, 0xFF, 0xEF, 0x57, 0xFF, 0xFF, 0xFF, 0xFF, 0x5F, 0x00, 0x00, 0x9E, 0xFF, 
0xFF, 0xFF, 0xFF, 0xFF, 0xFF, 0xFF, 0xEF, 0x57, 0xFF, 0xFF, 0xFF, 0xFF, 0x5F, 0x00, 0x00, 0x23, 
0xFB, 0xFF, 0xFF, 0xFF, 0xFF, 0xFF, 0xFF, 0xEF, 0x57, 0xFF, 0xFF, 0xFF, 0xFF, 0x5F, 0x00, 0x00, 
0x00, 0x9D, 0xFF, 0xFF, 0xFF, 0xFF, 0xFF, 0xFF, 0xEF, 0x57, 0xFF, 0xFF, 0xFF, 0xFF, 0x5F, 0x00, 
0x00, 0x00, 0x22, 0xFB, 0xFF, 0xFF, 0xFF, 0xFF, 0xFF, 0xEF, 0x57, 0xFF, 0xFF, 0xFF, 0xFF, 0x5F, 
0x00, 0x00, 0x00, 0x00, 0x9D, 0xFF, 0xFF, 0xFF, 0xFF, 0xFF, 0xEF, 0x57, 0xFF, 0xFF, 0xFF, 0xFF, 
0x5F, 0x00, 0x00, 0x00, 0x00, 0x21, 0xFB, 0xFF, 0xFF, 0xFF, 0xFF, 0xEF, 0x57, 0xFF, 0xFF, 0xFF, 
0xFF, 0x5F, 0x00, 0x00, 0x00, 0x00, 0x00, 0x9C, 0xFF, 0xFF, 0xFF, 0xFF, 0xEF, 0x53, 0xFF, 0xFF, 
0xFF, 0xFF, 0x5B, 0x00, 0x00, 0x00, 0x00, 0x00, 0x21, 0xFA, 0xFF, 0xFF, 0xFF, 0xEB, 0x00, 0x00, 
0x09, 0x37, 0x37, 0x37, 0x37, 0x37, 0x03, 0x00, 0x00, 0x00, 0x00, 0x00, 0x00, 0x00, 0x00, 0x00, 
0x00, 0x00, 0x18, 0xE3, 0xFF, 0xFF, 0xFF, 0xFF, 0x74, 0x00, 0x00, 0x00, 0x00, 0x00, 0x00, 0x00, 
0x00, 0x00, 0x00, 0x00, 0x00, 0x2B, 0xEF, 0xFF, 0xFF, 0xFF, 0xF6, 0x22, 0x00, 0x00, 0x00, 0x00, 
0x00, 0x00, 0x00, 0x00, 0x00, 0x00, 0x00, 0x00, 0x3D, 0xF7, 0xFF, 0xFF, 0xFF, 0xBC, 0x00, 0x00, 
0x00, 0x00, 0x00, 0x00, 0x00, 0x00, 0x00, 0x00, 0x00, 0x00, 0x00, 0x52, 0xFD, 0xFF, 0xFF, 0xFF, 
0x60, 0x00, 0x00, 0x00, 0x00, 0x00, 0x00, 0x00, 0x00, 0x00, 0x00, 0x00, 0x00, 0x00, 0x6B, 0xFB, 
0xFC, 0xFC, 0xE7, 0x03, 0x00, 0x00, 0x00, 0x00, 0x00, 0x00, 0x00, 0x00, 0x00, 0x00, 0x00, 0x00, 
0x10, 0x40, 0x69, 0x4E, 0x1D, 0x00, 0x00, 0x00, 0x00, 0x00, 0x00, 0x00, 0x00, 0x00, 0x00, 0x00, 
0x59, 0xDE, 0xFF, 0xFF, 0xFF, 0xFF, 0xFF, 0xEC, 0x8B, 0x06, 0x00, 0x00, 0x00, 0x00, 0x00, 0x00, 
0x0C, 0x9F, 0xFF, 0xFF, 0xFF, 0xFF, 0xFF, 0xFF, 0xFF, 0xFF, 0xFF, 0xCD, 0x26, 0x00, 0x00, 0x00, 
0x00, 0x00, 0xB1, 0xFF, 0xFF, 0xFF, 0xFF, 0xFF, 0xFF, 0xFF, 0xFF, 0xFF, 0xFF, 0xFF, 0xEB, 0x0E, 
0x00, 0x00, 0x00, 0x3D, 0xFF, 0xFF, 0xFF, 0xFF, 0xFF, 0xFD, 0xDB, 0xF6, 0xFF, 0xFF, 0xFF, 0xFF, 
0xFF, 0x85, 0x00, 0x00, 0x00, 0xC6, 0xFF, 0xFF, 0xFF, 0xFF, 0xC4, 0x13, 0x00, 0x04, 0x8C, 0xFF, 
0xFF, 0xFF, 0xFF, 0xF5, 0x1A, 0x00, 0x2D, 0xFF, 0xFF, 0xFF, 0xFF, 0xF3, 0x0D, 0x00, 0x00, 0x00, 
0x00, 0xBA, 0xFF, 0xFF, 0xFF, 0xFF, 0x77, 0x00, 0x51, 0xFF, 0xFF, 0xFF, 0xFF, 0xA1, 0x00, 0x00, 
0x00, 0x00, 0x00, 0x58, 0xFF, 0xFF, 0xFF, 0xFF, 0x9B, 0x00, 0x73, 0xFF, 0xFF, 0xFF, 0xFF, 0x64, 
0x00, 0x00, 0x00, 0x00, 0x00, 0x1A, 0xFF, 0xFF, 0xFF, 0xFF, 0xBE, 0x00, 0x95, 0xFF, 0xFF, 0xFF, 
0xFF, 0x4F, 0x00, 0x00, 0x00, 0x00, 0x00, 0x05, 0xFF, 0xFF, 0xFF, 0xFF, 0xE1, 0x00, 0xB3, 0xFF, 
0xFF, 0xFF, 0xFF, 0x3A, 0x00, 0x00, 0x00, 0x00, 0x00, 0x00, 0xEF, 0xFF, 0xFF, 0xFF, 0xF9, 0x01, 
0xB7, 0xFF, 0xFF, 0xFF, 0xFF, 0x33, 0x00, 0x00, 0x00, 0x00, 0x00, 0x00, 0xE7, 0xFF, 0xFF, 0xFF, 
0xFF, 0x03, 0xB7, 0xFF, 0xFF, 0xFF, 0xFF, 0x33, 0x00, 0x00, 0x00, 0x00, 0x00, 0x00, 0xE7, 0xFF, 
0xFF, 0xFF, 0xFF, 0x03, 0xB7, 0xFF, 0xFF, 0xFF, 0xFF, 0x33, 0x00, 0x00, 0x00, 0x00, 0x00, 0x00, 
0xE7, 0xFF, 0xFF, 0xFF, 0xFF, 0x03, 0xB5, 0xFF, 0xFF, 0xFF, 0xFF, 0x39, 0x00, 0x00, 0x00, 0x00, 
0x00, 0x00, 0xF1, 0xFF, 0xFF, 0xFF, 0xFE, 0x02, 0x99, 0xFF, 0xFF, 0xFF, 0xFF, 0x4E, 0x00, 0x00, 
0x00, 0x00, 0x00, 0x04, 0xFE, 0xFF, 0xFF, 0xFF, 0xE5, 0x00, 0x75, 0xFF, 0xFF, 0xFF, 0xFF, 0x65, 
0x00, 0x00, 0x00, 0x00, 0x00, 0x19, 0xFF, 0xFF, 0xFF, 0xFF, 0xC1, 0x00, 0x50, 0xFF, 0xFF, 0xFF, 
0xFF, 0xA5, 0x00, 0x00, 0x00, 0x00, 0x00, 0x58, 0xFF, 0xFF, 0xFF, 0xFF, 0x9E, 0x00, 0x2B, 0xFF, 
0xFF, 0xFF, 0xFF, 0xF7, 0x16, 0x00, 0x00, 0x00, 0x00, 0xBD, 0xFF, 0xFF, 0xFF, 0xFF, 0x79, 0x00, 
0x00, 0xC4, 0xFF, 0xFF, 0xFF, 0xFF, 0xD5, 0x2C, 0x00, 0x13, 0x9C, 0xFF, 0xFF, 0xFF, 0xFF, 0xF7, 
0x1D, 0x00, 0x00, 0x37, 0xFF, 0xFF, 0xFF, 0xFF, 0xFF, 0xFF, 0xF5, 0xFF, 0xFF, 0xFF, 0xFF, 0xFF, 
0xFF, 0x87, 0x00, 0x00, 0x00, 0x00, 0xA6, 0xFF, 0xFF, 0xFF, 0xFF, 0xFF, 0xFF, 0xFF, 0xFF, 0xFF, 
0xFF, 0xFF, 0xEA, 0x0F, 0x00, 0x00, 0x00, 0x00, 0x06, 0x8B, 0xFD, 0xFF, 0xFF, 0xFF, 0xFF, 0xFF, 
0xFF, 0xFF, 0xFF, 0xC4, 0x21, 0x00, 0x00, 0x00, 0x00, 0x00, 0x00, 0x00, 0x41, 0xC2, 0xF1, 0xFF, 
0xFF, 0xFF, 0xFB, 0xD4, 0x7A, 0x03, 0x00, 0x00, 0x00, 0x00, 0x00, 0x00, 0x00, 0x00, 0x00, 0x00, 
0x01, 0x21, 0x49, 0x32, 0x07, 0x00, 0x00, 0x00, 0x00, 0x00, 0x00, 0x00, 0x00, 0x00, 0x00, 0x00, 
0x00, 0x00, 0x00, 0x00, 0x00, 0x29, 0x3B, 0x3B, 0x3B, 0x3B, 0x20, 0x00, 0x00, 0x00, 0x00, 0x00, 
0x00, 0x00, 0x00, 0x00, 0x00, 0x00, 0x20, 0xF5, 0xFF, 0xFF, 0xFF, 0xFE, 0x56, 0x00, 0x00, 0x00, 
0x00, 0x00, 0x00, 0x00, 0x00, 0x00, 0x00, 0x00, 0xB8, 0xFF, 0xFF, 0xFF, 0xFF, 0x73, 0x00, 0x00, 
0x00, 0x00, 0x00, 0x00, 0x00, 0x00, 0x00, 0x00, 0x00, 0x5A, 0xFF, 0xFF, 0xFF, 0xFF, 0x8E, 0x00, 
0x00, 0x00, 0x00, 0x00, 0x00, 0x00, 0x00, 0x00, 0x00, 0x00, 0x13, 0xEA, 0xFF, 0xFF, 0xFF, 0xA6, 
0x01, 0x00, 0x00, 0x00, 0x00, 0x00, 0x00, 0x00, 0x00, 0x00, 0x00, 0x00, 0x84, 0xF8, 0xF8, 0xF8, 
0xBA, 0x06, 0x00, 0x00, 0x00, 0x00, 0x00, 0x00, 0x00, 0x00, 0x00, 0x00, 0x00, 0x00, 0x10, 0x40, 
0x69, 0x4E, 0x1D, 0x00, 0x00, 0x00, 0x00, 0x00, 0x00, 0x00, 0x00, 0x00, 0x00, 0x00, 0x59, 0xDE, 
0xFF, 0xFF, 0xFF, 0xFF, 0xFF, 0xEC, 0x8B, 0x06, 0x00, 0x00, 0x00, 0x00, 0x00, 0x00, 0x0C, 0x9F, 
0xFF, 0xFF, 0xFF, 0xFF, 0xFF, 0xFF, 0xFF, 0xFF, 0xFF, 0xCD, 0x26, 0x00, 0x00, 0x00, 0x00, 0x00, 
0xB1, 0xFF, 0xFF, 0xFF, 0xFF, 0xFF, 0xFF, 0xFF, 0xFF, 0xFF, 0xFF, 0xFF, 0xEB, 0x0E, 0x00, 0x00, 
0x00, 0x3D, 0xFF, 0xFF, 0xFF, 0xFF, 0xFF, 0xFD, 0xDB, 0xF6, 0xFF, 0xFF, 0xFF, 0xFF, 0xFF, 0x85, 
0x00, 0x00, 0x00, 0xC6, 0xFF, 0xFF, 0xFF, 0xFF, 0xC4, 0x13, 0x00, 0x04, 0x8C, 0xFF, 0xFF, 0xFF, 
0xFF, 0xF5, 0x1A, 0x00, 0x2D, 0xFF, 0xFF, 0xFF, 0xFF, 0xF3, 0x0D, 0x00, 0x00, 0x00, 0x00, 0xBA, 
0xFF, 0xFF, 0xFF, 0xFF, 0x77, 0x00, 0x51, 0xFF, 0xFF, 0xFF, 0xFF, 0xA1, 0x00, 0x00, 0x00, 0x00, 
0x00, 0x58, 0xFF, 0xFF, 0xFF, 0xFF, 0x9B, 0x00, 0x73, 0xFF, 0xFF, 0xFF, 0xFF, 0x64, 0x00, 0x00, 
0x00, 0x00, 0x00, 0x1A, 0xFF, 0xFF, 0xFF, 0xFF, 0xBE, 0x00, 0x95, 0xFF, 0xFF, 0xFF, 0xFF, 0x4F, 
0x00, 0x00, 0x00, 0x00, 0x00, 0x05, 0xFF, 0xFF, 0xFF, 0xFF, 0xE1, 0x00, 0xB3, 0xFF, 0xFF, 0xFF, 
0xFF, 0x3A, 0x00, 0x00, 0x00, 0x00, 0x00, 0x00, 0xEF, 0xFF, 0xFF, 0xFF, 0xF9, 0x01, 0xB7, 0xFF, 
0xFF, 0xFF, 0xFF, 0x33, 0x00, 0x00, 0x00, 0x00, 0x00, 0x00, 0xE7, 0xFF, 0xFF, 0xFF, 0xFF, 0x03, 
0xB7, 0xFF, 0xFF, 0xFF, 0xFF, 0x33, 0x00, 0x00, 0x00, 0x00, 0x00, 0x00, 0xE7, 0xFF, 0xFF, 0xFF, 
0xFF, 0x03, 0xB7, 0xFF, 0xFF, 0xFF, 0xFF, 0x33, 0x00, 0x00, 0x00, 0x00, 0x00, 0x00, 0xE7, 0xFF, 
0xFF, 0xFF, 0xFF, 0x03, 0xB5, 0xFF, 0xFF, 0xFF, 0xFF, 0x39, 0x00, 0x00, 0x00, 0x00, 0x00, 0x00, 
0xF1, 0xFF, 0xFF, 0xFF, 0xFE, 0x02, 0x99, 0xFF, 0xFF, 0xFF, 0xFF, 0x4E, 0x00, 0x00, 0x00, 0x00, 
0x00, 0x04, 0xFE, 0xFF, 0xFF, 0xFF, 0xE5, 0x00, 0x75, 0xFF, 0xFF, 0xFF, 0xFF, 0x65, 0x00, 0x00, 
0x00, 0x00, 0x00, 0x19, 0xFF, 0xFF, 0xFF, 0xFF, 0xC1, 0x00, 0x50, 0xFF, 0xFF, 0xFF, 0xFF, 0xA5, 
0x00, 0x00, 0x00, 0x00, 0x00, 0x58, 0xFF, 0xFF, 0xFF, 0xFF, 0x9E, 0x00, 0x2B, 0xFF, 0xFF, 0xFF, 
0xFF, 0xF7, 0x16, 0x00, 0x00, 0x00, 0x00, 0xBD, 0xFF, 0xFF, 0xFF, 0xFF, 0x79, 0x00, 0x00, 0xC4, 
0xFF, 0xFF, 0xFF, 0xFF, 0xD5, 0x2C, 0x00, 0x13, 0x9C, 0xFF, 0xFF, 0xFF, 0xFF, 0xF7, 0x1D, 0x00, 
0x00, 0x37, 0xFF, 0xFF, 0xFF, 0xFF, 0xFF, 0xFF, 0xF5, 0xFF, 0xFF, 0xFF, 0xFF, 0xFF, 0xFF, 0x87, 
0x00, 0x00, 0x00, 0x00, 0xA6, 0xFF, 0xFF, 0xFF, 0xFF, 0xFF, 0xFF, 0xFF, 0xFF, 0xFF, 0xFF, 0xFF, 
0xEA, 0x0F, 0x00, 0x00, 0x00, 0x00, 0x06, 0x8B, 0xFD, 0xFF, 0xFF, 0xFF, 0xFF, 0xFF, 0xFF, 0xFF, 
0xFF, 0xC4, 0x21, 0x00, 0x00, 0x00, 0x00, 0x00, 0x00, 0x00, 0x41, 0xC2, 0xF1, 0xFF, 0xFF, 0xFF, 
0xFB, 0xD4, 0x7A, 0x03, 0x00, 0x00, 0x00, 0x00, 0x00, 0x00, 0x00, 0x00, 0x00, 0x00, 0x01, 0x21, 
0x49, 0x32, 0x07, 0x00, 0x00, 0x00, 0x00, 0x00, 0x00, 0x00, 0x00, 0x00, 0x00, 0x00, 0x00, 0x00, 
0x00, 0x34, 0x3B, 0x3B, 0x0B, 0x00, 0x00, 0x00, 0x00, 0x00, 0x00, 0x00, 0x00, 0x00, 0x00, 0x00, 
0x00, 0x00, 0x77, 0xFF, 0xFF, 0xFF, 0xBF, 0x08, 0x00, 0x00, 0x00, 0x00, 0x00, 0x00, 0x00, 0x00, 
0x00, 0x00, 0x00, 0x68, 0xFF, 0xFF, 0xFF, 0xFF, 0xFF, 0xB3, 0x05, 0x00, 0x00, 0x00, 0x00, 0x00, 
0x00, 0x00, 0x00, 0x00, 0x59, 0xFD, 0xFF, 0xFF, 0xF1, 0xFF, 0xFF, 0xFF, 0xA7, 0x02, 0x00, 0x00, 
0x00, 0x00, 0x00, 0x00, 0x00, 0x4C, 0xFB, 0xFF, 0xFF, 0xD9, 0x13, 0x9C, 0xFF, 0xFF, 0xFF, 0x9A, 
0x00, 0x00, 0x00, 0x00, 0x00, 0x00, 0x00, 0x8E, 0xB0, 0xB0, 0xAE, 0x23, 0x00, 0x04, 0x95, 0xB0, 
0xB0, 0xB0, 0x1D, 0x00, 0x00, 0x00, 0x00, 0x00, 0x00, 0x00, 0x00, 0x00, 0x10, 0x40, 0x69, 0x4E, 
0x1D, 0x00, 0x00, 0x00, 0x00, 0x00, 0x00, 0x00, 0x00, 0x00, 0x00, 0x00, 0x59, 0xDE, 0xFF, 0xFF, 
0xFF, 0xFF, 0xFF, 0xEC, 0x8B, 0x06, 0x00, 0x00, 0x00, 0x00, 0x00, 0x00, 0x0C, 0x9F, 0xFF, 0xFF, 
0xFF, 0xFF, 0xFF, 0xFF, 0xFF, 0xFF, 0xFF, 0xCD, 0x26, 0x00, 0x00, 0x00, 0x00, 0x00, 0xB1, 0xFF, 
0xFF, 0xFF, 0xFF, 0xFF, 0xFF, 0xFF, 0xFF, 0xFF, 0xFF, 0xFF, 0xEB, 0x0E, 0x00, 0x00, 0x00, 0x3D, 
0xFF, 0xFF, 0xFF, 0xFF, 0xFF, 0xFD, 0xDB, 0xF6, 0xFF, 0xFF, 0xFF, 0xFF, 0xFF, 0x85, 0x00, 0x00, 
0x00, 0xC6, 0xFF, 0xFF, 0xFF, 0xFF, 0xC4, 0x13, 0x00, 0x04, 0x8C, 0xFF, 0xFF, 0xFF, 0xFF, 0xF5, 
0x1A, 0x00, 0x2D, 0xFF, 0xFF, 0xFF, 0xFF, 0xF3, 0x0D, 0x00, 0x00, 0x00, 0x00, 0xBA, 0xFF, 0xFF, 
0xFF, 0xFF, 0x77, 0x00, 0x51, 0xFF, 0xFF, 0xFF, 0xFF, 0xA1, 0x00, 0x00, 0x00, 0x00, 0x00, 0x58, 
0xFF, 0xFF, 0xFF, 0xFF, 0x9B, 0x00, 0x73, 0xFF, 0xFF, 0xFF, 0xFF, 0x64, 0x00, 0x00, 0x00, 0x00, 
0x00, 0x1A, 0xFF, 0xFF, 0xFF, 0xFF, 0xBE, 0x00, 0x95, 0xFF, 0xFF, 0xFF, 0xFF, 0x4F, 0x00, 0x00, 
0x00, 0x00, 0x00, 0x05, 0xFF, 0xFF, 0xFF, 0xFF, 0xE1, 0x00, 0xB3, 0xFF, 0xFF, 0xFF, 0xFF, 0x3A, 
0x00, 0x00, 0x00, 0x00, 0x00, 0x00, 0xEF, 0xFF, 0xFF, 0xFF, 0xF9, 0x01, 0xB7, 0xFF, 0xFF, 0xFF, 
0xFF, 0x33, 0x00, 0x00, 0x00, 0x00, 0x00, 0x00, 0xE7, 0xFF, 0xFF, 0xFF, 0xFF, 0x03, 0xB7, 0xFF, 
0xFF, 0xFF, 0xFF, 0x33, 0x00, 0x00, 0x00, 0x00, 0x00, 0x00, 0xE7, 0xFF, 0xFF, 0xFF, 0xFF, 0x03, 
0xB7, 0xFF, 0xFF, 0xFF, 0xFF, 0x33, 0x00, 0x00, 0x00, 0x00, 0x00, 0x00, 0xE7, 0xFF, 0xFF, 0xFF, 
0xFF, 0x03, 0xB5, 0xFF, 0xFF, 0xFF, 0xFF, 0x39, 0x00, 0x00, 0x00, 0x00, 0x00, 0x00, 0xF1, 0xFF, 
0xFF, 0xFF, 0xFE, 0x02, 0x99, 0xFF, 0xFF, 0xFF, 0xFF, 0x4E, 0x00, 0x00, 0x00, 0x00, 0x00, 0x04, 
0xFE, 0xFF, 0xFF, 0xFF, 0xE5, 0x00, 0x75, 0xFF, 0xFF, 0xFF, 0xFF, 0x65, 0x00, 0x00, 0x00, 0x00, 
0x00, 0x19, 0xFF, 0xFF, 0xFF, 0xFF, 0xC1, 0x00, 0x50, 0xFF, 0xFF, 0xFF, 0xFF, 0xA5, 0x00, 0x00, 
0x00, 0x00, 0x00, 0x58, 0xFF, 0xFF, 0xFF, 0xFF, 0x9E, 0x00, 0x2B, 0xFF, 0xFF, 0xFF, 0xFF, 0xF7, 
0x16, 0x00, 0x00, 0x00, 0x00, 0xBD, 0xFF, 0xFF, 0xFF, 0xFF, 0x79, 0x00, 0x00, 0xC4, 0xFF, 0xFF, 
0xFF, 0xFF, 0xD5, 0x2C, 0x00, 0x13, 0x9C, 0xFF, 0xFF, 0xFF, 0xFF, 0xF7, 0x1D, 0x00, 0x00, 0x37, 
0xFF, 0xFF, 0xFF, 0xFF, 0xFF, 0xFF, 0xF5, 0xFF, 0xFF, 0xFF, 0xFF, 0xFF, 0xFF, 0x87, 0x00, 0x00, 
0x00, 0x00, 0xA6, 0xFF, 0xFF, 0xFF, 0xFF, 0xFF, 0xFF, 0xFF, 0xFF, 0xFF, 0xFF, 0xFF, 0xEA, 0x0F, 
0x00, 0x00, 0x00, 0x00, 0x06, 0x8B, 0xFD, 0xFF, 0xFF, 0xFF, 0xFF, 0xFF, 0xFF, 0xFF, 0xFF, 0xC4, 
0x21, 0x00, 0x00, 0x00, 0x00, 0x00, 0x00, 0x00, 0x41, 0xC2, 0xF1, 0xFF, 0xFF, 0xFF, 0xFB, 0xD4, 
0x7A, 0x03, 0x00, 0x00, 0x00, 0x00, 0x00, 0x00, 0x00, 0x00, 0x00, 0x00, 0x01, 0x21, 0x49, 0x32, 
0x07, 0x00, 0x00, 0x00, 0x00, 0x00, 0x00, 0x00, 0x00, 0x00, 0x00, 0x00, 0x00, 0x00, 0x03, 0x00, 
0x00, 0x00, 0x00, 0x1A, 0x14, 0x03, 0x00, 0x00, 0x00, 0x00, 0x00, 0x00, 0x00, 0x00, 0x20, 0xAB, 
0xF8, 0xDF, 0x6A, 0x04, 0x1D, 0xFF, 0xFF, 0xE2, 0x00, 0x00, 0x00, 0x00, 0x00, 0x00, 0x00, 0x04, 
0xC8, 0xFF, 0xFF, 0xFF, 0xFF, 0xE4, 0xE6, 0xFF, 0xFF, 0xB6, 0x00, 0x00, 0x00, 0x00, 0x00, 0x00, 
0x00, 0x4D, 0xFF, 0xFF, 0xFF, 0xFF, 0xFF, 0xFF, 0xFF, 0xFF, 0xFF, 0x73, 0x00, 0x00, 0x00, 0x00, 
0x00, 0x00, 0x00, 0x7F, 0xFF, 0xFF, 0xB8, 0x5F, 0xD4, 0xFF, 0xFF, 0xFF, 0xC4, 0x03, 0x00, 0x00, 
0x00, 0x00, 0x00, 0x00, 0x00, 0x57, 0x9B, 0xAD, 0x3A, 0x00, 0x04, 0x58, 0x85, 0x4D, 0x06, 0x00, 
0x00, 0x00, 0x00, 0x00, 0x00, 0x00, 0x00, 0x00, 0x00, 0x00, 0x10, 0x40, 0x69, 0x4E, 0x1D, 0x00, 
0x00, 0x00, 0x00, 0x00, 0x00, 0x00, 0x00, 0x00, 0x00, 0x00, 0x59, 0xDE, 0xFF, 0xFF, 0xFF, 0xFF, 
0xFF, 0xEC, 0x8B, 0x06, 0x00, 0x00, 0x00, 0x00, 0x00, 0x00, 0x0C, 0x9F, 0xFF, 0xFF, 0xFF, 0xFF, 
0xFF, 0xFF, 0xFF, 0xFF, 0xFF, 0xCD, 0x26, 0x00, 0x00, 0x00, 0x00, 0x00, 0xB1, 0xFF, 0xFF, 0xFF, 
0xFF, 0xFF, 0xFF, 0xFF, 0xFF, 0xFF, 0xFF, 0xFF, 0xEB, 0x0E, 0x00, 0x00, 0x00, 0x3D, 0xFF, 0xFF, 
0xFF, 0xFF, 0xFF, 0xFD, 0xDB, 0xF6, 0xFF, 0xFF, 0xFF, 0xFF, 0xFF, 0x85, 0x00, 0x00, 0x00, 0xC6, 
0xFF, 0xFF, 0xFF, 0xFF, 0xC4, 0x13, 0x00, 0x04, 0x8C, 0xFF, 0xFF, 0xFF, 0xFF, 0xF5, 0x1A, 0x00, 
0x2D, 0xFF, 0xFF, 0xFF, 0xFF, 0xF3, 0x0D, 0x00, 0x00, 0x00, 0x00, 0xBA, 0xFF, 0xFF, 0xFF, 0xFF, 
0x77, 0x00, 0x51, 0xFF, 0xFF, 0xFF, 0xFF, 0xA1, 0x00, 0x00, 0x00, 0x00, 0x00, 0x58, 0xFF, 0xFF, 
0xFF, 0xFF, 0x9B, 0x00, 0x73, 0xFF, 0xFF, 0xFF, 0xFF, 0x64, 0x00, 0x00, 0x00, 0x00, 0x00, 0x1A, 
0xFF, 0xFF, 0xFF, 0xFF, 0xBE, 0x00, 0x95, 0xFF, 0xFF, 0xFF, 0xFF, 0x4F, 0x00, 0x00, 0x00, 0x00, 
0x00, 0x05, 0xFF, 0xFF, 0xFF, 0xFF, 0xE1, 0x00, 0xB3, 0xFF, 0xFF, 0xFF, 0xFF, 0x3A, 0x00, 0x00, 
0x00, 0x00, 0x00, 0x00, 0xEF, 0xFF, 0xFF, 0xFF, 0xF9, 0x01, 0xB7, 0xFF, 0xFF, 0xFF, 0xFF, 0x33, 
0x00, 0x00, 0x00, 0x00, 0x00, 0x00, 0xE7, 0xFF, 0xFF, 0xFF, 0xFF, 0x03, 0xB7, 0xFF, 0xFF, 0xFF, 
0xFF, 0x33, 0x00, 0x00, 0x00, 0x00, 0x00, 0x00, 0xE7, 0xFF, 0xFF, 0xFF, 0xFF, 0x03, 0xB7, 0xFF, 
0xFF, 0xFF, 0xFF, 0x33, 0x00, 0x00, 0x00, 0x00, 0x00, 0x00, 0xE7, 0xFF, 0xFF, 0xFF, 0xFF, 0x03, 
0xB5, 0xFF, 0xFF, 0xFF, 0xFF, 0x39, 0x00, 0x00, 0x00, 0x00, 0x00, 0x00, 0xF1, 0xFF, 0xFF, 0xFF, 
0xFE, 0x02, 0x99, 0xFF, 0xFF, 0xFF, 0xFF, 0x4E, 0x00, 0x00, 0x00, 0x00, 0x00, 0x04, 0xFE, 0xFF, 
0xFF, 0xFF, 0xE5, 0x00, 0x75, 0xFF, 0xFF, 0xFF, 0xFF, 0x65, 0x00, 0x00, 0x00, 0x00, 0x00, 0x19, 
0xFF, 0xFF, 0xFF, 0xFF, 0xC1, 0x00, 0x50, 0xFF, 0xFF, 0xFF, 0xFF, 0xA5, 0x00, 0x00, 0x00, 0x00, 
0x00, 0x58, 0xFF, 0xFF, 0xFF, 0xFF, 0x9E, 0x00, 0x2B, 0xFF, 0xFF, 0xFF, 0xFF, 0xF7, 0x16, 0x00, 
0x00, 0x00, 0x00, 0xBD, 0xFF, 0xFF, 0xFF, 0xFF, 0x79, 0x00, 0x00, 0xC4, 0xFF, 0xFF, 0xFF, 0xFF, 
0xD5, 0x2C, 0x00, 0x13, 0x9C, 0xFF, 0xFF, 0xFF, 0xFF, 0xF7, 0x1D, 0x00, 0x00, 0x37, 0xFF, 0xFF, 
0xFF, 0xFF, 0xFF, 0xFF, 0xF5, 0xFF, 0xFF, 0xFF, 0xFF, 0xFF, 0xFF, 0x87, 0x00, 0x00, 0x00, 0x00, 
0xA6, 0xFF, 0xFF, 0xFF, 0xFF, 0xFF, 0xFF, 0xFF, 0xFF, 0xFF, 0xFF, 0xFF, 0xEA, 0x0F, 0x00, 0x00, 
0x00, 0x00, 0x06, 0x8B, 0xFD, 0xFF, 0xFF, 0xFF, 0xFF, 0xFF, 0xFF, 0xFF, 0xFF, 0xC4, 0x21, 0x00, 
0x00, 0x00, 0x00, 0x00, 0x00, 0x00, 0x41, 0xC2, 0xF1, 0xFF, 0xFF, 0xFF, 0xFB, 0xD4, 0x7A, 0x03, 
0x00, 0x00, 0x00, 0x00, 0x00, 0x00, 0x00, 0x00, 0x00, 0x00, 0x01, 0x21, 0x49, 0x32, 0x07, 0x00, 
0x00, 0x00, 0x00, 0x00, 0x00, 0x00, 0x00, 0x00, 0x00, 0x1F, 0x77, 0x5C, 0x0A, 0x00, 0x00, 0x00, 
0x01, 0x42, 0x81, 0x39, 0x00, 0x00, 0x00, 0x00, 0x00, 0x00, 0x21, 0xFC, 0xFF, 0xFF, 0xC5, 0x00, 
0x00, 0x00, 0x7D, 0xFF, 0xFF, 0xFF, 0x64, 0x00, 0x00, 0x00, 0x00, 0x00, 0x71, 0xFF, 0xFF, 0xFF, 
0xFF, 0x24, 0x00, 0x00, 0xD0, 0xFF, 0xFF, 0xFF, 0xC3, 0x00, 0x00, 0x00, 0x00, 0x00, 0x37, 0xFF, 
0xFF, 0xFF, 0xE3, 0x06, 0x00, 0x00, 0x99, 0xFF, 0xFF, 0xFF, 0x89, 0x00, 0x00, 0x00, 0x00, 0x00, 
0x00, 0x5D, 0xB8, 0x9E, 0x33, 0x00, 0x00, 0x00, 0x16, 0x83, 0xC2, 0x7A, 0x0F, 0x00, 0x00, 0x00, 
0x00, 0x00, 0x00, 0x00, 0x00, 0x00, 0x10, 0x40, 0x69, 0x4E, 0x1D, 0x00, 0x00, 0x00, 0x00, 0x00, 
0x00, 0x00, 0x00, 0x00, 0x00, 0x00, 0x59, 0xDE, 0xFF, 0xFF, 0xFF, 0xFF, 0xFF, 0xEC, 0x8B, 0x06, 
0x00, 0x00, 0x00, 0x00, 0x00, 0x00, 0x0C, 0x9F, 0xFF, 0xFF, 0xFF, 0xFF, 0xFF, 0xFF, 0xFF, 0xFF, 
0xFF, 0xCD, 0x26, 0x00, 0x00, 0x00, 0x00, 0x00, 0xB1, 0xFF, 0xFF, 0xFF, 0xFF, 0xFF, 0xFF, 0xFF, 
0xFF, 0xFF, 0xFF, 0xFF, 0xEB, 0x0E, 0x00, 0x00, 0x00, 0x3D, 0xFF, 0xFF, 0xFF, 0xFF, 0xFF, 0xFD, 
0xDB, 0xF6, 0xFF, 0xFF, 0xFF, 0xFF, 0xFF, 0x85, 0x00, 0x00, 0x00, 0xC6, 0xFF, 0xFF, 0xFF, 0xFF, 
0xC4, 0x13, 0x00, 0x04, 0x8C, 0xFF, 0xFF, 0xFF, 0xFF, 0xF5, 0x1A, 0x00, 0x2D, 0xFF, 0xFF, 0xFF, 
0xFF, 0xF3, 0x0D, 0x00, 0x00, 0x00, 0x00, 0xBA, 0xFF, 0xFF, 0xFF, 0xFF, 0x77, 0x00, 0x51, 0xFF, 
0xFF, 0xFF, 0xFF, 0xA1, 0x00, 0x00, 0x00, 0x00, 0x00, 0x58, 0xFF, 0xFF, 0xFF, 0xFF, 0x9B, 0x00, 
0x73, 0xFF, 0xFF, 0xFF, 0xFF, 0x64, 0x00, 0x00, 0x00, 0x00, 0x00, 0x1A, 0xFF, 0xFF, 0xFF, 0xFF, 
0xBE, 0x00, 0x95, 0xFF, 0xFF, 0xFF, 0xFF, 0x4F, 0x00, 0x00, 0x00, 0x00, 0x00, 0x05, 0xFF, 0xFF, 
0xFF, 0xFF, 0xE1, 0x00, 0xB3, 0xFF, 0xFF, 0xFF, 0xFF, 0x3A, 0x00, 0x00, 0x00, 0x00, 0x00, 0x00, 
0xEF, 0xFF, 0xFF, 0xFF, 0xF9, 0x01, 0xB7, 0xFF, 0xFF, 0xFF, 0xFF, 0x33, 0x00, 0x00, 0x00, 0x00, 
0x00, 0x00, 0xE7, 0xFF, 0xFF, 0xFF, 0xFF, 0x03, 0xB7, 0xFF, 0xFF, 0xFF, 0xFF, 0x33, 0x00, 0x00, 
0x00, 0x00, 0x00, 0x00, 0xE7, 0xFF, 0xFF, 0xFF, 0xFF, 0x03, 0xB7, 0xFF, 0xFF, 0xFF, 0xFF, 0x33, 
0x00, 0x00, 0x00, 0x00, 0x00, 0x00, 0xE7, 0xFF, 0xFF, 0xFF, 0xFF, 0x03, 0xB5, 0xFF, 0xFF, 0xFF, 
0xFF, 0x39, 0x00, 0x00, 0x00, 0x00, 0x00, 0x00, 0xF1, 0xFF, 0xFF, 0xFF, 0xFE, 0x02, 0x99, 0xFF, 
0xFF, 0xFF, 0xFF, 0x4E, 0x00, 0x00, 0x00, 0x00, 0x00, 0x04, 0xFE, 0xFF, 0xFF, 0xFF, 0xE5, 0x00, 
0x75, 0xFF, 0xFF, 0xFF, 0xFF, 0x65, 0x00, 0x00, 0x00, 0x00, 0x00, 0x19, 0xFF, 0xFF, 0xFF, 0xFF, 
0xC1, 0x00, 0x50, 0xFF, 0xFF, 0xFF, 0xFF, 0xA5, 0x00, 0x00, 0x00, 0x00, 0x00, 0x58, 0xFF, 0xFF, 
0xFF, 0xFF, 0x9E, 0x00, 0x2B, 0xFF, 0xFF, 0xFF, 0xFF, 0xF7, 0x16, 0x00, 0x00, 0x00, 0x00, 0xBD, 
0xFF, 0xFF, 0xFF, 0xFF, 0x79, 0x00, 0x00, 0xC4, 0xFF, 0xFF, 0xFF, 0xFF, 0xD5, 0x2C, 0x00, 0x13, 
0x9C, 0xFF, 0xFF, 0xFF, 0xFF, 0xF7, 0x1D, 0x00, 0x00, 0x37, 0xFF, 0xFF, 0xFF, 0xFF, 0xFF, 0xFF, 
0xF5, 0xFF, 0xFF, 0xFF, 0xFF, 0xFF, 0xFF, 0x87, 0x00, 0x00, 0x00, 0x00, 0xA6, 0xFF, 0xFF, 0xFF, 
0xFF, 0xFF, 0xFF, 0xFF, 0xFF, 0xFF, 0xFF, 0xFF, 0xEA, 0x0F, 0x00, 0x00, 0x00, 0x00, 0x06, 0x8B, 
0xFD, 0xFF, 0xFF, 0xFF, 0xFF, 0xFF, 0xFF, 0xFF, 0xFF, 0xC4, 0x21, 0x00, 0x00, 0x00, 0x00, 0x00, 
0x00, 0x00, 0x41, 0xC2, 0xF1, 0xFF, 0xFF, 0xFF, 0xFB, 0xD4, 0x7A, 0x03, 0x00, 0x00, 0x00, 0x00, 
0x00, 0x00, 0x00, 0x00, 0x00, 0x00, 0x01, 0x21, 0x49, 0x32, 0x07, 0x00, 0x00, 0x00, 0x00, 0x00, 
0x00, 0x00, 0x00, 0x00, 0x05, 0x83, 0x0D, 0x00, 0x00, 0x00, 0x00, 0x00, 0x18, 0x7C, 0x01, 0x00, 
0x00, 0x00, 0x04, 0xAC, 0xFF, 0xB1, 0x02, 0x00, 0x00, 0x00, 0x07, 0xC7, 0xFF, 0x96, 0x00, 0x00, 
0x02, 0xA6, 0xFF, 0xFF, 0xFF, 0x86, 0x00, 0x00, 0x00, 0xA1, 0xFF, 0xFF, 0xFF, 0x91, 0x00, 0x13, 
0xED, 0xFF, 0xFF, 0xFF, 0xFF, 0x59, 0x00, 0x74, 0xFF, 0xFF, 0xFF, 0xFF, 0xE2, 0x07, 0x00, 0x42, 
0xFB, 0xFF, 0xFF, 0xFF, 0xF7, 0x7E, 0xFD, 0xFF, 0xFF, 0xFF, 0xF5, 0x30, 0x00, 0x00, 0x00, 0x6A, 
0xFF, 0xFF, 0xFF, 0xFF, 0xFF, 0xFF, 0xFF, 0xFF, 0xFE, 0x54, 0x00, 0x00, 0x00, 0x00, 0x00, 0x97, 
0xFF, 0xFF, 0xFF, 0xFF, 0xFF, 0xFF, 0xFF, 0x7F, 0x00, 0x00, 0x00, 0x00, 0x00, 0x00, 0x05, 0xC3, 
0xFF, 0xFF, 0xFF, 0xFF, 0xFF, 0xAB, 0x01, 0x00, 0x00, 0x00, 0x00, 0x00, 0x00, 0x00, 0xA6, 0xFF, 
0xFF, 0xFF, 0xFF, 0xFF, 0x81, 0x00, 0x00, 0x00, 0x00, 0x00, 0x00, 0x00, 0x64, 0xFF, 0xFF, 0xFF, 
0xFF, 0xFF, 0xFF, 0xFD, 0x4C, 0x00, 0x00, 0x00, 0x00, 0x00, 0x3D, 0xFA, 0xFF, 0xFF, 0xFF, 0xFF, 
0xFF, 0xFF, 0xFF, 0xF1, 0x2A, 0x00, 0x00, 0x00, 0x1F, 0xEA, 0xFF, 0xFF, 0xFF, 0xFF, 0xDA, 0xFF, 
0xFF, 0xFF, 0xFF, 0xDC, 0x12, 0x00, 0x07, 0xD1, 0xFF, 0xFF, 0xFF, 0xFF, 0x8D, 0x00, 0xA6, 0xFF, 
0xFF, 0xFF, 0xFF, 0xBD, 0x00, 0x05, 0xBB, 0xFF, 0xFF, 0xFF, 0xB6, 0x02, 0x00, 0x09, 0xCB, 0xFF, 
0xFF, 0xFF, 0xA5, 0x00, 0x00, 0x0A, 0xC0, 0xFF, 0xD7, 0x0F, 0x00, 0x00, 0x00, 0x1B, 0xE6, 0xFF, 
0xAB, 0x03, 0x00, 0x00, 0x00, 0x0C, 0xA9, 0x25, 0x00, 0x00, 0x00, 0x00, 0x00, 0x37, 0x9E, 0x05, 
0x00, 0x00, 0x00, 0x00, 0x00, 0x00, 0x00, 0x00, 0x00, 0x00, 0x00, 0x00, 0x00, 0x00, 0x00, 0x0F, 
0x18, 0x18, 0x08, 0x00, 0x00, 0x00, 0x00, 0x00, 0x00, 0x00, 0x03, 0x30, 0x65, 0x55, 0x27, 0x02, 
0x05, 0xE0, 0xFF, 0xFF, 0x5F, 0x00, 0x00, 0x00, 0x00, 0x00, 0x23, 0xB7, 0xF2, 0xFF, 0xFF, 0xFF, 
0xFF, 0xF0, 0xD2, 0xFF, 0xFF, 0xE4, 0x07, 0x00, 0x00, 0x00, 0x00, 0x3D, 0xEB, 0xFF, 0xFF, 0xFF, 
0xFF, 0xFF, 0xFF, 0xFF, 0xFF, 0xFF, 0xFF, 0x6D, 0x00, 0x00, 0x00, 0x00, 0x4D, 0xF9, 0xFF, 0xFF, 
0xFF, 0xFF, 0xFF, 0xFF, 0xFF, 0xFF, 0xFF, 0xFF, 0xFF, 0x0B, 0x00, 0x00, 0x00, 0x03, 0xDB, 0xFF, 
0xFF, 0xFF, 0xFF, 0xFF, 0xF3, 0xFB, 0xFF, 0xFF, 0xFF, 0xFF, 0xFF, 0x7F, 0x00, 0x00, 0x00, 0x5C, 
0xFF, 0xFF, 0xFF, 0xFF, 0xF7, 0x4E, 0x03, 0x0C, 0xFF, 0xFF, 0xFF, 0xFF, 0xFF, 0xF3, 0x0A, 0x00, 
0x02, 0xD7, 0xFF, 0xFF, 0xFF, 0xFF, 0x60, 0x00, 0x00, 0x02, 0xDA, 0xFF, 0xFF, 0xFF, 0xFF, 0xFF, 
0x5B, 0x00, 0x2F, 0xFF, 0xFF, 0xFF, 0xFF, 0xEC, 0x04, 0x00, 0x00, 0x57, 0xFF, 0xFF, 0xFF, 0xFF, 
0xFF, 0xFF, 0xB8, 0x00, 0x51, 0xFF, 0xFF, 0xFF, 0xFF, 0x9E, 0x00, 0x00, 0x01, 0xD4, 0xFF, 0xFF, 
0xFF, 0xFF, 0xFF, 0xFF, 0xEF, 0x00, 0x73, 0xFF, 0xFF, 0xFF, 0xFF, 0x6E, 0x00, 0x00, 0x53, 0xFF, 
0xFF, 0xEE, 0xF5, 0xFF, 0xFF, 0xFF, 0xFF, 0x09, 0x94, 0xFF, 0xFF, 0xFF, 0xFF, 0x5A, 0x00, 0x01, 
0xD0, 0xFF, 0xFF, 0x7E, 0xD2, 0xFF, 0xFF, 0xFF, 0xFF, 0x23, 0xB5, 0xFF, 0xFF, 0xFF, 0xFF, 0x46, 
0x00, 0x4F, 0xFF, 0xFF, 0xF0, 0x10, 0xC2, 0xFF, 0xFF, 0xFF, 0xFF, 0x38, 0xBE, 0xFF, 0xFF, 0xFF, 
0xFF, 0x3A, 0x00, 0xCC, 0xFF, 0xFF, 0x82, 0x00, 0xBE, 0xFF, 0xFF, 0xFF, 0xFF, 0x43, 0xB4, 0xFF, 
0xFF, 0xFF, 0xFF, 0x45, 0x4B, 0xFF, 0xFF, 0xF2, 0x12, 0x00, 0xC7, 0xFF, 0xFF, 0xFF, 0xFF, 0x37, 
0x9A, 0xFF, 0xFF, 0xFF, 0xFF, 0x55, 0xC9, 0xFF, 0xFF, 0x87, 0x00, 0x00, 0xDB, 0xFF, 0xFF, 0xFF, 
0xFF, 0x16, 0x7F, 0xFF, 0xFF, 0xFF, 0xFF, 0xB6, 0xFF, 0xFF, 0xF4, 0x14, 0x00, 0x00, 0xEF, 0xFF, 
0xFF, 0xFF, 0xF4, 0x00, 0x64, 0xFF, 0xFF, 0xFF, 0xFF, 0xFF, 0xFF, 0xFF, 0x8B, 0x00, 0x00, 0x25, 
0xFF, 0xFF, 0xFF, 0xFF, 0xD4, 0x00, 0x26, 0xFF, 0xFF, 0xFF, 0xFF, 0xFF, 0xFF, 0xF6, 0x17, 0x00, 
0x00, 0x75, 0xFF, 0xFF, 0xFF, 0xFF, 0xB1, 0x00, 0x00, 0xC8, 0xFF, 0xFF, 0xFF, 0xFF, 0xFF, 0x8F, 
0x00, 0x00, 0x11, 0xDD, 0xFF, 0xFF, 0xFF, 0xFF, 0x52, 0x00, 0x00, 0x6A, 0xFF, 0xFF, 0xFF, 0xFF, 
0xFF, 0x81, 0x0C, 0x31, 0xBE, 0xFF, 0xFF, 0xFF, 0xFF, 0xD4, 0x01, 0x00, 0x00, 0x0B, 0xD5, 0xFF, 
0xFF, 0xFF, 0xFF, 0xFF, 0xFF, 0xFF, 0xFF, 0xFF, 0xFF, 0xFF, 0xFF, 0x58, 0x00, 0x00, 0x00, 0x00, 
0x65, 0xFF, 0xFF, 0xFF, 0xFF, 0xFF, 0xFF, 0xFF, 0xFF, 0xFF, 0xFF, 0xFF, 0xB1, 0x02, 0x00, 0x00, 
0x00, 0x00, 0xB9, 0xFF, 0xFF, 0xFF, 0xFF, 0xFF, 0xFF, 0xFF, 0xFF, 0xFF, 0xFF, 0x8B, 0x02, 0x00, 
0x00, 0x00, 0x00, 0x37, 0xFF, 0xFF, 0xFF, 0xB7, 0xEE, 0xFF, 0xFF, 0xFF, 0xF2, 0xBB, 0x5B, 0x00, 
0x00, 0x00, 0x00, 0x00, 0x00, 0xB4, 0xFF, 0xFF, 0x9C, 0x00, 0x00, 0x1D, 0x47, 0x30, 0x03, 0x00, 
0x00, 0x00, 0x00, 0x00, 0x00, 0x00, 0x00, 0x74, 0x7D, 0x7D, 0x1E, 0x00, 0x00, 0x00, 0x00, 0x00, 
0x00, 0x00, 0x00, 0x00, 0x00, 0x00, 0x00, 0x00, 0x00, 0x00, 0x2B, 0x37, 0x37, 0x37, 0x37, 0x19, 
0x00, 0x00, 0x00, 0x00, 0x00, 0x00, 0x00, 0x00, 0x00, 0x00, 0x98, 0xFF, 0xFF, 0xFF, 0xFF, 0xD3, 
0x05, 0x00, 0x00, 0x00, 0x00, 0x00, 0x00, 0x00, 0x00, 0x00, 0x03, 0xB3, 0xFF, 0xFF, 0xFF, 0xFF, 
0x7C, 0x00, 0x00, 0x00, 0x00, 0x00, 0x00, 0x00, 0x00, 0x00, 0x00, 0x0A, 0xC7, 0xFF, 0xFF, 0xFF, 
0xF8, 0x28, 0x00, 0x00, 0x00, 0x00, 0x00, 0x00, 0x00, 0x00, 0x00, 0x00, 0x13, 0xD8, 0xFF, 0xFF, 
0xFF, 0xC3, 0x01, 0x00, 0x00, 0x00, 0x00, 0x00, 0x00, 0x00, 0x00, 0x00, 0x00, 0x20, 0xE4, 0xFC, 
0xFC, 0xFC, 0x51, 0x00, 0x00, 0x00, 0x00, 0x00, 0x0C, 0x1F, 0x1F, 0x1F, 0x1F, 0x09, 0x00, 0x00, 
0x00, 0x00, 0x00, 0x1E, 0x1F, 0x1F, 0x1F, 0x15, 0x83, 0xFF, 0xFF, 0xFF, 0xFF, 0x6B, 0x00, 0x00, 
0x00, 0x00, 0x1F, 0xFF, 0xFF, 0xFF, 0xFF, 0xCF, 0x83, 0xFF, 0xFF, 0xFF, 0xFF, 0x6B, 0x00, 0x00, 
0x00, 0x00, 0x1F, 0xFF, 0xFF, 0xFF, 0xFF, 0xCF, 0x83, 0xFF, 0xFF, 0xFF, 0xFF, 0x6B, 0x00, 0x00, 
0x00, 0x00, 0x1F, 0xFF, 0xFF, 0xFF, 0xFF, 0xCF, 0x83, 0xFF, 0xFF, 0xFF, 0xFF, 0x6B, 0x00, 0x00, 
0x00, 0x00, 0x1F, 0xFF, 0xFF, 0xFF, 0xFF, 0xCF, 0x83, 0xFF, 0xFF, 0xFF, 0xFF, 0x6B, 0x00, 0x00, 
0x00, 0x00, 0x1F, 0xFF, 0xFF, 0xFF, 0xFF, 0xCF, 0x83, 0xFF, 0xFF, 0xFF, 0xFF, 0x6B, 0x00, 0x00, 
0x00, 0x00, 0x1F, 0xFF, 0xFF, 0xFF, 0xFF, 0xCF, 0x83, 0xFF, 0xFF, 0xFF, 0xFF, 0x6B, 0x00, 0x00, 
0x00, 0x00, 0x1F, 0xFF, 0xFF, 0xFF, 0xFF, 0xCF, 0x83, 0xFF, 0xFF, 0xFF, 0xFF, 0x6B, 0x00, 0x00, 
0x00, 0x00, 0x1F, 0xFF, 0xFF, 0xFF, 0xFF, 0xCF, 0x83, 0xFF, 0xFF, 0xFF, 0xFF, 0x6B, 0x00, 0x00, 
0x00, 0x00, 0x1F, 0xFF, 0xFF, 0xFF, 0xFF, 0xCF, 0x83, 0xFF, 0xFF, 0xFF, 0xFF, 0x6B, 0x00, 0x00, 
0x00, 0x00, 0x1F, 0xFF, 0xFF, 0xFF, 0xFF, 0xCF, 0x83, 0xFF, 0xFF, 0xFF, 0xFF, 0x6B, 0x00, 0x00, 
0x00, 0x00, 0x1F, 0xFF, 0xFF, 0xFF, 0xFF, 0xCF, 0x83, 0xFF, 0xFF, 0xFF, 0xFF, 0x6B, 0x00, 0x00, 
0x00, 0x00, 0x1F, 0xFF, 0xFF, 0xFF, 0xFF, 0xCF, 0x83, 0xFF, 0xFF, 0xFF, 0xFF, 0x6B, 0x00, 0x00, 
0x00, 0x00, 0x1F, 0xFF, 0xFF, 0xFF, 0xFF, 0xCF, 0x83, 0xFF, 0xFF, 0xFF, 0xFF, 0x6B, 0x00, 0x00, 
0x00, 0x00, 0x1F, 0xFF, 0xFF, 0xFF, 0xFF, 0xCF, 0x83, 0xFF, 0xFF, 0xFF, 0xFF, 0x6B, 0x00, 0x00, 
0x00, 0x00, 0x1F, 0xFF, 0xFF, 0xFF, 0xFF, 0xCF, 0x83, 0xFF, 0xFF, 0xFF, 0xFF, 0x70, 0x00, 0x00, 
0x00, 0x00, 0x24, 0xFF, 0xFF, 0xFF, 0xFF, 0xCF, 0x73, 0xFF, 0xFF, 0xFF, 0xFF, 0x91, 0x00, 0x00, 
0x00, 0x00, 0x45, 0xFF, 0xFF, 0xFF, 0xFF, 0xBF, 0x5A, 0xFF, 0xFF, 0xFF, 0xFF, 0xBB, 0x00, 0x00, 
0x00, 0x00, 0x6F, 0xFF, 0xFF, 0xFF, 0xFF, 0xA5, 0x2D, 0xFF, 0xFF, 0xFF, 0xFF, 0xFF, 0x6C, 0x04, 
0x00, 0x33, 0xEE, 0xFF, 0xFF, 0xFF, 0xFF, 0x77, 0x00, 0xCF, 0xFF, 0xFF, 0xFF, 0xFF, 0xFF, 0xF9, 
0xF1, 0xFF, 0xFF, 0xFF, 0xFF, 0xFF, 0xFD, 0x1B, 0x00, 0x4A, 0xFE, 0xFF, 0xFF, 0xFF, 0xFF, 0xFF, 
0xFF, 0xFF, 0xFF, 0xFF, 0xFF, 0xFF, 0x90, 0x00, 0x00, 0x00, 0x71, 0xFB, 0xFF, 0xFF, 0xFF, 0xFF, 
0xFF, 0xFF, 0xFF, 0xFF, 0xFF, 0xAE, 0x04, 0x00, 0x00, 0x00, 0x00, 0x32, 0xA2, 0xD4, 0xFC, 0xFF, 
0xFF, 0xFF, 0xE3, 0xB1, 0x59, 0x00, 0x00, 0x00, 0x00, 0x00, 0x00, 0x00, 0x00, 0x00, 0x0A, 0x38, 
0x45, 0x15, 0x00, 0x00, 0x00, 0x00, 0x00, 0x00, 0x00, 0x00, 0x00, 0x00, 0x00, 0x00, 0x00, 0x00, 
0x10, 0x37, 0x37, 0x37, 0x37, 0x33, 0x00, 0x00, 0x00, 0x00, 0x00, 0x00, 0x00, 0x00, 0x00, 0x00, 
0xAF, 0xFF, 0xFF, 0xFF, 0xFF, 0xBA, 0x01, 0x00, 0x00, 0x00, 0x00, 0x00, 0x00, 0x00, 0x00, 0x52, 
0xFF, 0xFF, 0xFF, 0xFF, 0xCD, 0x0D, 0x00, 0x00, 0x00, 0x00, 0x00, 0x00, 0x00, 0x00, 0x0E, 0xE5, 
0xFF, 0xFF, 0xFF, 0xDD, 0x17, 0x00, 0x00, 0x00, 0x00, 0x00, 0x00, 0x00, 0x00, 0x00, 0x96, 0xFF, 
0xFF, 0xFF, 0xEA, 0x25, 0x00, 0x00, 0x00, 0x00, 0x00, 0x00, 0x00, 0x00, 0x00, 0x24, 0xFA, 0xFC, 
0xFC, 0xF1, 0x36, 0x00, 0x00, 0x00, 0x00, 0x00, 0x0C, 0x1F, 0x1F, 0x1F, 0x1F, 0x09, 0x00, 0x00, 
0x00, 0x00, 0x00, 0x1E, 0x1F, 0x1F, 0x1F, 0x15, 0x83, 0xFF, 0xFF, 0xFF, 0xFF, 0x6B, 0x00, 0x00, 
0x00, 0x00, 0x1F, 0xFF, 0xFF, 0xFF, 0xFF, 0xCF, 0x83, 0xFF, 0xFF, 0xFF, 0xFF, 0x6B, 0x00, 0x00, 
0x00, 0x00, 0x1F, 0xFF, 0xFF, 0xFF, 0xFF, 0xCF, 0x83, 0xFF, 0xFF, 0xFF, 0xFF, 0x6B, 0x00, 0x00, 
0x00, 0x00, 0x1F, 0xFF, 0xFF, 0xFF, 0xFF, 0xCF, 0x83, 0xFF, 0xFF, 0xFF, 0xFF, 0x6B, 0x00, 0x00, 
0x00, 0x00, 0x1F, 0xFF, 0xFF, 0xFF, 0xFF, 0xCF, 0x83, 0xFF, 0xFF, 0xFF, 0xFF, 0x6B, 0x00, 0x00, 
0x00, 0x00, 0x1F, 0xFF, 0xFF, 0xFF, 0xFF, 0xCF, 0x83, 0xFF, 0xFF, 0xFF, 0xFF, 0x6B, 0x00, 0x00, 
0x00, 0x00, 0x1F, 0xFF, 0xFF, 0xFF, 0xFF, 0xCF, 0x83, 0xFF, 0xFF, 0xFF, 0xFF, 0x6B, 0x00, 0x00, 
0x00, 0x00, 0x1F, 0xFF, 0xFF, 0xFF, 0xFF, 0xCF, 0x83, 0xFF, 0xFF, 0xFF, 0xFF, 0x6B, 0x00, 0x00, 
0x00, 0x00, 0x1F, 0xFF, 0xFF, 0xFF, 0xFF, 0xCF, 0x83, 0xFF, 0xFF, 0xFF, 0xFF, 0x6B, 0x00, 0x00, 
0x00, 0x00, 0x1F, 0xFF, 0xFF, 0xFF, 0xFF, 0xCF, 0x83, 0xFF, 0xFF, 0xFF, 0xFF, 0x6B, 0x00, 0x00, 
0x00, 0x00, 0x1F, 0xFF, 0xFF, 0xFF, 0xFF, 0xCF, 0x83, 0xFF, 0xFF, 0xFF, 0xFF, 0x6B, 0x00, 0x00, 
0x00, 0x00, 0x1F, 0xFF, 0xFF, 0xFF, 0xFF, 0xCF, 0x83, 0xFF, 0xFF, 0xFF, 0xFF, 0x6B, 0x00, 0x00, 
0x00, 0x00, 0x1F, 0xFF, 0xFF, 0xFF, 0xFF, 0xCF, 0x83, 0xFF, 0xFF, 0xFF, 0xFF, 0x6B, 0x00, 0x00, 
0x00, 0x00, 0x1F, 0xFF, 0xFF, 0xFF, 0xFF, 0xCF, 0x83, 0xFF, 0xFF, 0xFF, 0xFF, 0x6B, 0x00, 0x00, 
0x00, 0x00, 0x1F, 0xFF, 0xFF, 0xFF, 0xFF, 0xCF, 0x83, 0xFF, 0xFF, 0xFF, 0xFF, 0x6B, 0x00, 0x00, 
0x00, 0x00, 0x1F, 0xFF, 0xFF, 0xFF, 0xFF, 0xCF, 0x83, 0xFF, 0xFF, 0xFF, 0xFF, 0x70, 0x00, 0x00, 
0x00, 0x00, 0x24, 0xFF, 0xFF, 0xFF, 0xFF, 0xCF, 0x73, 0xFF, 0xFF, 0xFF, 0xFF, 0x91, 0x00, 0x00, 
0x00, 0x00, 0x45, 0xFF, 0xFF, 0xFF, 0xFF, 0xBF, 0x5A, 0xFF, 0xFF, 0xFF, 0xFF, 0xBB, 0x00, 0x00, 
0x00, 0x00, 0x6F, 0xFF, 0xFF, 0xFF, 0xFF, 0xA5, 0x2D, 0xFF, 0xFF, 0xFF, 0xFF, 0xFF, 0x6C, 0x04, 
0x00, 0x33, 0xEE, 0xFF, 0xFF, 0xFF, 0xFF, 0x77, 0x00, 0xCF, 0xFF, 0xFF, 0xFF, 0xFF, 0xFF, 0xF9, 
0xF1, 0xFF, 0xFF, 0xFF, 0xFF, 0xFF, 0xFD, 0x1B, 0x00, 0x4A, 0xFE, 0xFF, 0xFF, 0xFF, 0xFF, 0xFF, 
0xFF, 0xFF, 0xFF, 0xFF, 0xFF, 0xFF, 0x90, 0x00, 0x00, 0x00, 0x71, 0xFB, 0xFF, 0xFF, 0xFF, 0xFF, 
0xFF, 0xFF, 0xFF, 0xFF, 0xFF, 0xAE, 0x04, 0x00, 0x00, 0x00, 0x00, 0x32, 0xA2, 0xD4, 0xFC, 0xFF, 
0xFF, 0xFF, 0xE3, 0xB1, 0x59, 0x00, 0x00, 0x00, 0x00, 0x00, 0x00, 0x00, 0x00, 0x00, 0x0A, 0x38, 
0x45, 0x15, 0x00, 0x00, 0x00, 0x00, 0x00, 0x00, 0x00, 0x00, 0x00, 0x00, 0x00, 0x00, 0x1D, 0x3B, 
0x3B, 0x22, 0x00, 0x00, 0x00, 0x00, 0x00, 0x00, 0x00, 0x00, 0x00, 0x00, 0x00, 0x28, 0xEA, 0xFF, 
0xFF, 0xF3, 0x38, 0x00, 0x00, 0x00, 0x00, 0x00, 0x00, 0x00, 0x00, 0x00, 0x1F, 0xE3, 0xFF, 0xFF, 
0xFF, 0xFF, 0xEE, 0x2E, 0x00, 0x00, 0x00, 0x00, 0x00, 0x00, 0x00, 0x18, 0xDB, 0xFF, 0xFF, 0xFA, 
0xF7, 0xFF, 0xFF, 0xE8, 0x25, 0x00, 0x00, 0x00, 0x00, 0x00, 0x11, 0xD2, 0xFF, 0xFF, 0xFD, 0x53, 
0x40, 0xF9, 0xFF, 0xFF, 0xE1, 0x1E, 0x00, 0x00, 0x00, 0x00, 0x4A, 0xB0, 0xB0, 0xB0, 0x66, 0x00, 
0x00, 0x55, 0xB0, 0xB0, 0xB0, 0x61, 0x00, 0x00, 0x0C, 0x1F, 0x1F, 0x1F, 0x1F, 0x09, 0x00, 0x00, 
0x00, 0x00, 0x00, 0x1E, 0x1F, 0x1F, 0x1F, 0x15, 0x83, 0xFF, 0xFF, 0xFF, 0xFF, 0x6B, 0x00, 0x00, 
0x00, 0x00, 0x1F, 0xFF, 0xFF, 0xFF, 0xFF, 0xCF, 0x83, 0xFF, 0xFF, 0xFF, 0xFF, 0x6B, 0x00, 0x00, 
0x00, 0x00, 0x1F, 0xFF, 0xFF, 0xFF, 0xFF, 0xCF, 0x83, 0xFF, 0xFF, 0xFF, 0xFF, 0x6B, 0x00, 0x00, 
0x00, 0x00, 0x1F, 0xFF, 0xFF, 0xFF, 0xFF, 0xCF, 0x83, 0xFF, 0xFF, 0xFF, 0xFF, 0x6B, 0x00, 0x00, 
0x00, 0x00, 0x1F, 0xFF, 0xFF, 0xFF, 0xFF, 0xCF, 0x83, 0xFF, 0xFF, 0xFF, 0xFF, 0x6B, 0x00, 0x00, 
0x00, 0x00, 0x1F, 0xFF, 0xFF, 0xFF, 0xFF, 0xCF, 0x83, 0xFF, 0xFF, 0xFF, 0xFF, 0x6B, 0x00, 0x00, 
0x00, 0x00, 0x1F, 0xFF, 0xFF, 0xFF, 0xFF, 0xCF, 0x83, 0xFF, 0xFF, 0xFF, 0xFF, 0x6B, 0x00, 0x00, 
0x00, 0x00, 0x1F, 0xFF, 0xFF, 0xFF, 0xFF, 0xCF, 0x83, 0xFF, 0xFF, 0xFF, 0xFF, 0x6B, 0x00, 0x00, 
0x00, 0x00, 0x1F, 0xFF, 0xFF, 0xFF, 0xFF, 0xCF, 0x83, 0xFF, 0xFF, 0xFF, 0xFF, 0x6B, 0x00, 0x00, 
0x00, 0x00, 0x1F, 0xFF, 0xFF, 0xFF, 0xFF, 0xCF, 0x83, 0xFF, 0xFF, 0xFF, 0xFF, 0x6B, 0x00, 0x00, 
0x00, 0x00, 0x1F, 0xFF, 0xFF, 0xFF, 0xFF, 0xCF, 0x83, 0xFF, 0xFF, 0xFF, 0xFF, 0x6B, 0x00, 0x00, 
0x00, 0x00, 0x1F, 0xFF, 0xFF, 0xFF, 0xFF, 0xCF, 0x83, 0xFF, 0xFF, 0xFF, 0xFF, 0x6B, 0x00, 0x00, 
0x00, 0x00, 0x1F, 0xFF, 0xFF, 0xFF, 0xFF, 0xCF, 0x83, 0xFF, 0xFF, 0xFF, 0xFF, 0x6B, 0x00, 0x00, 
0x00, 0x00, 0x1F, 0xFF, 0xFF, 0xFF, 0xFF, 0xCF, 0x83, 0xFF, 0xFF, 0xFF, 0xFF, 0x6B, 0x00, 0x00, 
0x00, 0x00, 0x1F, 0xFF, 0xFF, 0xFF, 0xFF, 0xCF, 0x83, 0xFF, 0xFF, 0xFF, 0xFF, 0x6B, 0x00, 0x00, 
0x00, 0x00, 0x1F, 0xFF, 0xFF, 0xFF, 0xFF, 0xCF, 0x83, 0xFF, 0xFF, 0xFF, 0xFF, 0x70, 0x00, 0x00, 
0x00, 0x00, 0x24, 0xFF, 0xFF, 0xFF, 0xFF, 0xCF, 0x73, 0xFF, 0xFF, 0xFF, 0xFF, 0x91, 0x00, 0x00, 
0x00, 0x00, 0x45, 0xFF, 0xFF, 0xFF, 0xFF, 0xBF, 0x5A, 0xFF, 0xFF, 0xFF, 0xFF, 0xBB, 0x00, 0x00, 
0x00, 0x00, 0x6F, 0xFF, 0xFF, 0xFF, 0xFF, 0xA5, 0x2D, 0xFF, 0xFF, 0xFF, 0xFF, 0xFF, 0x6C, 0x04, 
0x00, 0x33, 0xEE, 0xFF, 0xFF, 0xFF, 0xFF, 0x77, 0x00, 0xCF, 0xFF, 0xFF, 0xFF, 0xFF, 0xFF, 0xF9, 
0xF1, 0xFF, 0xFF, 0xFF, 0xFF, 0xFF, 0xFD, 0x1B, 0x00, 0x4A, 0xFE, 0xFF, 0xFF, 0xFF, 0xFF, 0xFF, 
0xFF, 0xFF, 0xFF, 0xFF, 0xFF, 0xFF, 0x90, 0x00, 0x00, 0x00, 0x71, 0xFB, 0xFF, 0xFF, 0xFF, 0xFF, 
0xFF, 0xFF, 0xFF, 0xFF, 0xFF, 0xAE, 0x04, 0x00, 0x00, 0x00, 0x00, 0x32, 0xA2, 0xD4, 0xFC, 0xFF, 
0xFF, 0xFF, 0xE3, 0xB1, 0x59, 0x00, 0x00, 0x00, 0x00, 0x00, 0x00, 0x00, 0x00, 0x00, 0x0A, 0x38, 
0x45, 0x15, 0x00, 0x00, 0x00, 0x00, 0x00, 0x00, 0x00, 0x00, 0x09, 0x59, 0x79, 0x22, 0x00, 0x00, 
0x00, 0x00, 0x1F, 0x77, 0x5C, 0x0A, 0x00, 0x00, 0x00, 0x00, 0xBA, 0xFF, 0xFF, 0xFE, 0x27, 0x00, 
0x00, 0x21, 0xFC, 0xFF, 0xFF, 0xC4, 0x00, 0x00, 0x00, 0x0F, 0xFE, 0xFF, 0xFF, 0xFF, 0x84, 0x00, 
0x00, 0x70, 0xFF, 0xFF, 0xFF, 0xFF, 0x23, 0x00, 0x00, 0x01, 0xD6, 0xFF, 0xFF, 0xFF, 0x4A, 0x00, 
0x00, 0x39, 0xFF, 0xFF, 0xFF, 0xE3, 0x06, 0x00, 0x00, 0x00, 0x2E, 0x9B, 0xBA, 0x62, 0x00, 0x00, 
0x00, 0x00, 0x5D, 0xB8, 0x9D, 0x32, 0x00, 0x00, 0x0C, 0x1F, 0x1F, 0x1F, 0x1F, 0x09, 0x00, 0x00, 
0x00, 0x00, 0x00, 0x1E, 0x1F, 0x1F, 0x1F, 0x15, 0x83, 0xFF, 0xFF, 0xFF, 0xFF, 0x6B, 0x00, 0x00, 
0x00, 0x00, 0x1F, 0xFF, 0xFF, 0xFF, 0xFF, 0xCF, 0x83, 0xFF, 0xFF, 0xFF, 0xFF, 0x6B, 0x00, 0x00, 
0x00, 0x00, 0x1F, 0xFF, 0xFF, 0xFF, 0xFF, 0xCF, 0x83, 0xFF, 0xFF, 0xFF, 0xFF, 0x6B, 0x00, 0x00, 
0x00, 0x00, 0x1F, 0xFF, 0xFF, 0xFF, 0xFF, 0xCF, 0x83, 0xFF, 0xFF, 0xFF, 0xFF, 0x6B, 0x00, 0x00, 
0x00, 0x00, 0x1F, 0xFF, 0xFF, 0xFF, 0xFF, 0xCF, 0x83, 0xFF, 0xFF, 0xFF, 0xFF, 0x6B, 0x00, 0x00, 
0x00, 0x00, 0x1F, 0xFF, 0xFF, 0xFF, 0xFF, 0xCF, 0x83, 0xFF, 0xFF, 0xFF, 0xFF, 0x6B, 0x00, 0x00, 
0x00, 0x00, 0x1F, 0xFF, 0xFF, 0xFF, 0xFF, 0xCF, 0x83, 0xFF, 0xFF, 0xFF, 0xFF, 0x6B, 0x00, 0x00, 
0x00, 0x00, 0x1F, 0xFF, 0xFF, 0xFF, 0xFF, 0xCF, 0x83, 0xFF, 0xFF, 0xFF, 0xFF, 0x6B, 0x00, 0x00, 
0x00, 0x00, 0x1F, 0xFF, 0xFF, 0xFF, 0xFF, 0xCF, 0x83, 0xFF, 0xFF, 0xFF, 0xFF, 0x6B, 0x00, 0x00, 
0x00, 0x00, 0x1F, 0xFF, 0xFF, 0xFF, 0xFF, 0xCF, 0x83, 0xFF, 0xFF, 0xFF, 0xFF, 0x6B, 0x00, 0x00, 
0x00, 0x00, 0x1F, 0xFF, 0xFF, 0xFF, 0xFF, 0xCF, 0x83, 0xFF, 0xFF, 0xFF, 0xFF, 0x6B, 0x00, 0x00, 
0x00, 0x00, 0x1F, 0xFF, 0xFF, 0xFF, 0xFF, 0xCF, 0x83, 0xFF, 0xFF, 0xFF, 0xFF, 0x6B, 0x00, 0x00, 
0x00, 0x00, 0x1F, 0xFF, 0xFF, 0xFF, 0xFF, 0xCF, 0x83, 0xFF, 0xFF, 0xFF, 0xFF, 0x6B, 0x00, 0x00, 
0x00, 0x00, 0x1F, 0xFF, 0xFF, 0xFF, 0xFF, 0xCF, 0x83, 0xFF, 0xFF, 0xFF, 0xFF, 0x6B, 0x00, 0x00, 
0x00, 0x00, 0x1F, 0xFF, 0xFF, 0xFF, 0xFF, 0xCF, 0x83, 0xFF, 0xFF, 0xFF, 0xFF, 0x6B, 0x00, 0x00, 
0x00, 0x00, 0x1F, 0xFF, 0xFF, 0xFF, 0xFF, 0xCF, 0x83, 0xFF, 0xFF, 0xFF, 0xFF, 0x70, 0x00, 0x00, 
0x00, 0x00, 0x24, 0xFF, 0xFF, 0xFF, 0xFF, 0xCF, 0x73, 0xFF, 0xFF, 0xFF, 0xFF, 0x91, 0x00, 0x00, 
0x00, 0x00, 0x45, 0xFF, 0xFF, 0xFF, 0xFF, 0xBF, 0x5A, 0xFF, 0xFF, 0xFF, 0xFF, 0xBB, 0x00, 0x00, 
0x00, 0x00, 0x6F, 0xFF, 0xFF, 0xFF, 0xFF, 0xA5, 0x2D, 0xFF, 0xFF, 0xFF, 0xFF, 0xFF, 0x6C, 0x04, 
0x00, 0x33, 0xEE, 0xFF, 0xFF, 0xFF, 0xFF, 0x77, 0x00, 0xCF, 0xFF, 0xFF, 0xFF, 0xFF, 0xFF, 0xF9, 
0xF1, 0xFF, 0xFF, 0xFF, 0xFF, 0xFF, 0xFD, 0x1B, 0x00, 0x4A, 0xFE, 0xFF, 0xFF, 0xFF, 0xFF, 0xFF, 
0xFF, 0xFF, 0xFF, 0xFF, 0xFF, 0xFF, 0x90, 0x00, 0x00, 0x00, 0x71, 0xFB, 0xFF, 0xFF, 0xFF, 0xFF, 
0xFF, 0xFF, 0xFF, 0xFF, 0xFF, 0xAE, 0x04, 0x00, 0x00, 0x00, 0x00, 0x32, 0xA2, 0xD4, 0xFC, 0xFF, 
0xFF, 0xFF, 0xE3, 0xB1, 0x59, 0x00, 0x00, 0x00, 0x00, 0x00, 0x00, 0x00, 0x00, 0x00, 0x0A, 0x38, 
0x45, 0x15, 0x00, 0x00, 0x00, 0x00, 0x00, 0x00, 0x00, 0x00, 0x00, 0x00, 0x00, 0x00, 0x00, 0x00, 
0x00, 0x22, 0x37, 0x37, 0x37, 0x37, 0x21, 0x00, 0x00, 0x00, 0x00, 0x00, 0x00, 0x00, 0x00, 0x00, 
0x00, 0x00, 0x16, 0xED, 0xFF, 0xFF, 0xFF, 0xFF, 0x68, 0x00, 0x00, 0x00, 0x00, 0x00, 0x00, 0x00, 
0x00, 0x00, 0x00, 0x00, 0xA6, 0xFF, 0xFF, 0xFF, 0xFF, 0x87, 0x00, 0x00, 0x00, 0x00, 0x00, 0x00, 
0x00, 0x00, 0x00, 0x00, 0x00, 0x48, 0xFF, 0xFF, 0xFF, 0xFF, 0xA0, 0x00, 0x00, 0x00, 0x00, 0x00, 
0x00, 0x00, 0x00, 0x00, 0x00, 0x00, 0x0B, 0xDF, 0xFF, 0xFF, 0xFF, 0xB7, 0x04, 0x00, 0x00, 0x00, 
0x00, 0x00, 0x00, 0x00, 0x00, 0x00, 0x00, 0x00, 0x75, 0xFC, 0xFC, 0xFC, 0xC9, 0x0B, 0x00, 0x00, 
0x00, 0x00, 0x00, 0x00, 0x18, 0x1F, 0x1F, 0x1F, 0x1F, 0x0D, 0x00, 0x00, 0x00, 0x00, 0x00, 0x02, 
0x1F, 0x1F, 0x1F, 0x1F, 0x1F, 0x04, 0xCD, 0xFF, 0xFF, 0xFF, 0xFF, 0x9D, 0x00, 0x00, 0x00, 0x00, 
0x00, 0x45, 0xFF, 0xFF, 0xFF, 0xFF, 0xFF, 0x29, 0x68, 0xFF, 0xFF, 0xFF, 0xFF, 0xEE, 0x05, 0x00, 
0x00, 0x00, 0x00, 0x9A, 0xFF, 0xFF, 0xFF, 0xFF, 0xC4, 0x00, 0x0B, 0xF0, 0xFF, 0xFF, 0xFF, 0xFF, 
0x4A, 0x00, 0x00, 0x00, 0x04, 0xEC, 0xFF, 0xFF, 0xFF, 0xFF, 0x57, 0x00, 0x00, 0x8F, 0xFF, 0xFF, 
0xFF, 0xFF, 0xA1, 0x00, 0x00, 0x00, 0x46, 0xFF, 0xFF, 0xFF, 0xFF, 0xE6, 0x05, 0x00, 0x00, 0x25, 
0xFE, 0xFF, 0xFF, 0xFF, 0xF0, 0x07, 0x00, 0x00, 0x9C, 0xFF, 0xFF, 0xFF, 0xFF, 0x7F, 0x00, 0x00, 
0x00, 0x00, 0xB7, 0xFF, 0xFF, 0xFF, 0xFF, 0x4E, 0x00, 0x05, 0xED, 0xFF, 0xFF, 0xFF, 0xFA, 0x18, 
0x00, 0x00, 0x00, 0x00, 0x4A, 0xFF, 0xFF, 0xFF, 0xFF, 0xA5, 0x00, 0x47, 0xFF, 0xFF, 0xFF, 0xFF, 
0xA6, 0x00, 0x00, 0x00, 0x00, 0x00, 0x02, 0xDC, 0xFF, 0xFF, 0xFF, 0xF2, 0x08, 0x9D, 0xFF, 0xFF, 
0xFF, 0xFF, 0x3A, 0x00, 0x00, 0x00, 0x00, 0x00, 0x00, 0x72, 0xFF, 0xFF, 0xFF, 0xFF, 0x57, 0xEE, 
0xFF, 0xFF, 0xFF, 0xCE, 0x00, 0x00, 0x00, 0x00, 0x00, 0x00, 0x00, 0x10, 0xF5, 0xFF, 0xFF, 0xFF, 
0xF2, 0xFF, 0xFF, 0xFF, 0xFF, 0x62, 0x00, 0x00, 0x00, 0x00, 0x00, 0x00, 0x00, 0x00, 0x99, 0xFF, 
0xFF, 0xFF, 0xFF, 0xFF, 0xFF, 0xFF, 0xEC, 0x08, 0x00, 0x00, 0x00, 0x00, 0x00, 0x00, 0x00, 0x00, 
0x2E, 0xFF, 0xFF, 0xFF, 0xFF, 0xFF, 0xFF, 0xFF, 0x89, 0x00, 0x00, 0x00, 0x00, 0x00, 0x00, 0x00, 
0x00, 0x00, 0x00, 0xC1, 0xFF, 0xFF, 0xFF, 0xFF, 0xFF, 0xFD, 0x20, 0x00, 0x00, 0x00, 0x00, 0x00, 
0x00, 0x00, 0x00, 0x00, 0x00, 0x55, 0xFF, 0xFF, 0xFF, 0xFF, 0xFF, 0xB1, 0x00, 0x00, 0x00, 0x00, 
0x00, 0x00, 0x00, 0x00, 0x00, 0x00, 0x00, 0x04, 0xE8, 0xFF, 0xFF, 0xFF, 0xFF, 0x48, 0x00, 0x00, 
0x00, 0x00, 0x00, 0x00, 0x00, 0x00, 0x00, 0x00, 0x00, 0x00, 0xCF, 0xFF, 0xFF, 0xFF, 0xFF, 0x2B, 
0x00, 0x00, 0x00, 0x00, 0x00, 0x00, 0x00, 0x00, 0x00, 0x00, 0x00, 0x00, 0xCF, 0xFF, 0xFF, 0xFF, 
0xFF, 0x2B, 0x00, 0x00, 0x00, 0x00, 0x00, 0x00, 0x00, 0x00, 0x00, 0x00, 0x00, 0x00, 0xCF, 0xFF, 
0xFF, 0xFF, 0xFF, 0x2B, 0x00, 0x00, 0x00, 0x00, 0x00, 0x00, 0x00, 0x00, 0x00, 0x00, 0x00, 0x00, 
0xCF, 0xFF, 0xFF, 0xFF, 0xFF, 0x2B, 0x00, 0x00, 0x00, 0x00, 0x00, 0x00, 0x00, 0x00, 0x00, 0x00, 
0x00, 0x00, 0xCF, 0xFF, 0xFF, 0xFF, 0xFF, 0x2B, 0x00, 0x00, 0x00, 0x00, 0x00, 0x00, 0x00, 0x00, 
0x00, 0x00, 0x00, 0x00, 0xCF, 0xFF, 0xFF, 0xFF, 0xFF, 0x2B, 0x00, 0x00, 0x00, 0x00, 0x00, 0x00, 
0x00, 0x00, 0x00, 0x00, 0x00, 0x00, 0xCF, 0xFF, 0xFF, 0xFF, 0xFF, 0x2B, 0x00, 0x00, 0x00, 0x00, 
0x00, 0x00, 0x00, 0x00, 0x00, 0x00, 0x00, 0x00, 0xCB, 0xFF, 0xFF, 0xFF, 0xFF, 0x27, 0x00, 0x00, 
0x00, 0x00, 0x00, 0x00, 0x00, 0x00, 0x00, 0x00, 0x29, 0x6C, 0x97, 0xB8, 0x95, 0x5D, 0x22, 0x00, 
0x00, 0x00, 0x00, 0x00, 0x00, 0x00, 0x07, 0x85, 0xFB, 0xFF, 0xFF, 0xFF, 0xFF, 0xFF, 0xFD, 0x65, 
0x00, 0x00, 0x00, 0x00, 0x00, 0x00, 0xA6, 0xFF, 0xFF, 0xFF, 0xFF, 0xFF, 0xFF, 0xFF, 0xFF, 0xFF, 
0x75, 0x00, 0x00, 0x00, 0x00, 0x3F, 0xFF, 0xFF, 0xFF, 0xFF, 0xFF, 0xFF, 0xFF, 0xFF, 0xFF, 0xFF, 
0xF7, 0x06, 0x00, 0x00, 0x00, 0xBA, 0xFF, 0xFF, 0xFF, 0xFF, 0xAD, 0x6B, 0xE6, 0xFF, 0xFF, 0xFF, 
0xFF, 0x3C, 0x00, 0x00, 0x00, 0xE4, 0xFF, 0xFF, 0xFF, 0xE8, 0x0A, 0x00, 0x53, 0xFF, 0xFF, 0xFF, 
0xFF, 0x7B, 0x00, 0x00, 0x0B, 0xFF, 0xFF, 0xFF, 0xFF, 0xB9, 0x00, 0x00, 0x26, 0xFF, 0xFF, 0xFF, 
0xFF, 0x97, 0x00, 0x00, 0x29, 0xFF, 0xFF, 0xFF, 0xFF, 0xA3, 0x00, 0x00, 0x42, 0xFF, 0xFF, 0xFF, 
0xFF, 0x7D, 0x00, 0x00, 0x2C, 0xFF, 0xFF, 0xFF, 0xFF, 0x94, 0x00, 0x00, 0x9C, 0xFF, 0xFF, 0xFF, 
0xFF, 0x4B, 0x00, 0x00, 0x2C, 0xFF, 0xFF, 0xFF, 0xFF, 0x94, 0x00, 0x13, 0xF7, 0xFF, 0xFF, 0xFF, 
0xE2, 0x03, 0x00, 0x00, 0x2C, 0xFF, 0xFF, 0xFF, 0xFF, 0x94, 0x00, 0x5A, 0xFF, 0xFF, 0xFF, 0xFF, 
0x7C, 0x00, 0x00, 0x00, 0x2C, 0xFF, 0xFF, 0xFF, 0xFF, 0x94, 0x00, 0x7B, 0xFF, 0xFF, 0xFF, 0xFF, 
0x52, 0x00, 0x00, 0x00, 0x2C, 0xFF, 0xFF, 0xFF, 0xFF, 0x94, 0x00, 0x79, 0xFF, 0xFF, 0xFF, 0xFF, 
0x80, 0x00, 0x00, 0x00, 0x2C, 0xFF, 0xFF, 0xFF, 0xFF, 0x94, 0x00, 0x4B, 0xFF, 0xFF, 0xFF, 0xFF, 
0xF3, 0x2A, 0x00, 0x00, 0x2C, 0xFF, 0xFF, 0xFF, 0xFF, 0x94, 0x00, 0x11, 0xEE, 0xFF, 0xFF, 0xFF, 
0xFF, 0xDB, 0x12, 0x00, 0x2C, 0xFF, 0xFF, 0xFF, 0xFF, 0x94, 0x00, 0x00, 0x64, 0xFF, 0xFF, 0xFF, 
0xFF, 0xFF, 0xB8, 0x00, 0x2C, 0xFF, 0xFF, 0xFF, 0xFF, 0x94, 0x00, 0x00, 0x00, 0x8E, 0xFF, 0xFF, 
0xFF, 0xFF, 0xFF, 0x50, 0x2C, 0xFF, 0xFF, 0xFF, 0xFF, 0x94, 0x00, 0x00, 0x00, 0x01, 0xAC, 0xFF, 
0xFF, 0xFF, 0xFF, 0xB0, 0x2C, 0xFF, 0xFF, 0xFF, 0xFF, 0x94, 0x00, 0x00, 0x00, 0x00, 0x11, 0xFC, 
0xFF, 0xFF, 0xFF, 0xDE, 0x2C, 0xFF, 0xFF, 0xFF, 0xFF, 0x94, 0x00, 0x00, 0x00, 0x00, 0x00, 0xDC, 
0xFF, 0xFF, 0xFF, 0xF0, 0x2C, 0xFF, 0xFF, 0xFF, 0xFF, 0x94, 0x26, 0x57, 0x02, 0x00, 0x28, 0xFA, 
0xFF, 0xFF, 0xFF, 0xC0, 0x2C, 0xFF, 0xFF, 0xFF, 0xFF, 0x94, 0x74, 0xFF, 0xED, 0xCA, 0xF3, 0xFF, 
0xFF, 0xFF, 0xFF, 0x8B, 0x2C, 0xFF, 0xFF, 0xFF, 0xFF, 0x94, 0xAD, 0xFF, 0xFF, 0xFF, 0xFF, 0xFF, 
0xFF, 0xFF, 0xFF, 0x48, 0x2C, 0xFF, 0xFF, 0xFF, 0xFF, 0x94, 0xE6, 0xFF, 0xFF, 0xFF, 0xFF, 0xFF, 
0xFF, 0xFF, 0x6F, 0x00, 0x28, 0xFF, 0xFF, 0xFF, 0xFF, 0x93, 0xAD, 0xFB, 0xFF, 0xFF, 0xFF, 0xF8, 
0xC9, 0x65, 0x00, 0x00, 0x00, 0x00, 0x00, 0x00, 0x00, 0x00, 0x00, 0x0B, 0x38, 0x4C, 0x32, 0x05, 
0x00, 0x00, 0x00, 0x00, 0x00, 0x25, 0x5F, 0x5F, 0x5F, 0x5F, 0x59, 0x00, 0x00, 0x00, 0x00, 0x00, 
0x00, 0x00, 0x00, 0x00, 0x21, 0xE7, 0xFF, 0xFF, 0xFF, 0xFF, 0x62, 0x00, 0x00, 0x00, 0x00, 0x00, 
0x00, 0x00, 0x00, 0x00, 0x31, 0xF2, 0xFF, 0xFF, 0xFF, 0xEE, 0x17, 0x00, 0x00, 0x00, 0x00, 0x00, 
0x00, 0x00, 0x00, 0x00, 0x44, 0xF9, 0xFF, 0xFF, 0xFF, 0xAA, 0x00, 0x00, 0x00, 0x00, 0x00, 0x00, 
0x00, 0x00, 0x00, 0x00, 0x5A, 0xFE, 0xFF, 0xFF, 0xFF, 0x4E, 0x00, 0x00, 0x00, 0x00, 0x00, 0x00, 
0x00, 0x00, 0x00, 0x00, 0x6F, 0xD4, 0xD4, 0xD4, 0xA9, 0x00, 0x00, 0x00, 0x00, 0x00, 0x00, 0x00, 
0x00, 0x00, 0x00, 0x00, 0x00, 0x00, 0x00, 0x00, 0x00, 0x00, 0x00, 0x00, 0x00, 0x00, 0x00, 0x00, 
0x00, 0x0B, 0x44, 0x6E, 0x91, 0x76, 0x45, 0x14, 0x00, 0x00, 0x00, 0x00, 0x00, 0x00, 0x00, 0x57, 
0xE3, 0xFF, 0xFF, 0xFF, 0xFF, 0xFF, 0xFD, 0x6F, 0x00, 0x00, 0x00, 0x00, 0x00, 0x6E, 0xFF, 0xFF, 
0xFF, 0xFF, 0xFF, 0xFF, 0xFF, 0xFF, 0xFF, 0x8E, 0x00, 0x00, 0x00, 0x29, 0xF8, 0xFF, 0xFF, 0xFF, 
0xFF, 0xFF, 0xFF, 0xFF, 0xFF, 0xFF, 0xFF, 0x14, 0x00, 0x00, 0x78, 0xFF, 0xFF, 0xFF, 0xFF, 0xBA, 
0x51, 0xC0, 0xFF, 0xFF, 0xFF, 0xFF, 0x50, 0x00, 0x00, 0xA8, 0xFF, 0xFF, 0xFF, 0xFF, 0x25, 0x00, 
0x3A, 0xFF, 0xFF, 0xFF, 0xFF, 0x8D, 0x00, 0x00, 0x17, 0x28, 0x28, 0x28, 0x28, 0x01, 0x00, 0x1D, 
0xFF, 0xFF, 0xFF, 0xFF, 0xAB, 0x00, 0x00, 0x00, 0x00, 0x00, 0x2F, 0x69, 0x8A, 0xAA, 0xCE, 0xFF, 
0xFF, 0xFF, 0xFF, 0xAB, 0x00, 0x00, 0x00, 0x23, 0xB1, 0xFF, 0xFF, 0xFF, 0xFF, 0xFF, 0xFF, 0xFF, 
0xFF, 0xFF, 0xAB, 0x00, 0x00, 0x08, 0xD3, 0xFF, 0xFF, 0xFF, 0xFF, 0xFF, 0xFF, 0xFF, 0xFF, 0xFF, 
0xFF, 0xAB, 0x00, 0x00, 0x84, 0xFF, 0xFF, 0xFF, 0xFF, 0xE2, 0x6E, 0x68, 0xFF, 0xFF, 0xFF, 0xFF, 
0xAB, 0x00, 0x00, 0xC7, 0xFF, 0xFF, 0xFF, 0xFA, 0x22, 0x00, 0x1B, 0xFF, 0xFF, 0xFF, 0xFF, 0xAB, 
0x00, 0x01, 0xF3, 0xFF, 0xFF, 0xFF, 0xD0, 0x00, 0x00, 0x1B, 0xFF, 0xFF, 0xFF, 0xFF, 0xAB, 0x00, 
0x02, 0xF4, 0xFF, 0xFF, 0xFF, 0xE7, 0x07, 0x00, 0x56, 0xFF, 0xFF, 0xFF, 0xFF, 0xAD, 0x00, 0x00, 
0xBA, 0xFF, 0xFF, 0xFF, 0xFF, 0xC8, 0xAF, 0xFF, 0xFF, 0xFF, 0xFF, 0xFF, 0xBB, 0x00, 0x00, 0x7C, 
0xFF, 0xFF, 0xFF, 0xFF, 0xFF, 0xFF, 0xFF, 0xFF, 0xFF, 0xFF, 0xFF, 0xCC, 0x00, 0x00, 0x0C, 0xC2, 
0xFF, 0xFF, 0xFF, 0xFF, 0xFF, 0xFF, 0xFF, 0xFF, 0xFF, 0xFF, 0xF8, 0x0A, 0x00, 0x00, 0x0B, 0xA8, 
0xF3, 0xFF, 0xFF, 0xFE, 0x8F, 0xAA, 0xFF, 0xFF, 0xFF, 0xFF, 0x3A, 0x00, 0x00, 0x00, 0x00, 0x04, 
0x37, 0x41, 0x10, 0x00, 0x00, 0x00, 0x00, 0x00, 0x00, 0x00, 0x00, 0x00, 0x00, 0x00, 0x00, 0x00, 
0x00, 0x00, 0x56, 0x5F, 0x5F, 0x5F, 0x5F, 0x26, 0x00, 0x00, 0x00, 0x00, 0x00, 0x00, 0x00, 0x00, 
0x59, 0xFF, 0xFF, 0xFF, 0xFF, 0xE9, 0x23, 0x00, 0x00, 0x00, 0x00, 0x00, 0x00, 0x00, 0x12, 0xE9, 
0xFF, 0xFF, 0xFF, 0xF3, 0x33, 0x00, 0x00, 0x00, 0x00, 0x00, 0x00, 0x00, 0x00, 0x9D, 0xFF, 0xFF, 
0xFF, 0xFA, 0x47, 0x00, 0x00, 0x00, 0x00, 0x00, 0x00, 0x00, 0x00, 0x41, 0xFF, 0xFF, 0xFF, 0xFE, 
0x5D, 0x00, 0x00, 0x00, 0x00, 0x00, 0x00, 0x00, 0x00, 0x00, 0x9C, 0xD4, 0xD4, 0xD4, 0x72, 0x00, 
0x00, 0x00, 0x00, 0x00, 0x00, 0x00, 0x00, 0x00, 0x00, 0x00, 0x00, 0x00, 0x00, 0x00, 0x00, 0x00, 
0x00, 0x00, 0x00, 0x00, 0x00, 0x00, 0x00, 0x0B, 0x44, 0x6E, 0x91, 0x76, 0x45, 0x14, 0x00, 0x00, 
0x00, 0x00, 0x00, 0x00, 0x00, 0x57, 0xE3, 0xFF, 0xFF, 0xFF, 0xFF, 0xFF, 0xFD, 0x6F, 0x00, 0x00, 
0x00, 0x00, 0x00, 0x6E, 0xFF, 0xFF, 0xFF, 0xFF, 0xFF, 0xFF, 0xFF, 0xFF, 0xFF, 0x8E, 0x00, 0x00, 
0x00, 0x29, 0xF8, 0xFF, 0xFF, 0xFF, 0xFF, 0xFF, 0xFF, 0xFF, 0xFF, 0xFF, 0xFF, 0x14, 0x00, 0x00, 
0x78, 0xFF, 0xFF, 0xFF, 0xFF, 0xBA, 0x51, 0xC0, 0xFF, 0xFF, 0xFF, 0xFF, 0x50, 0x00, 0x00, 0xA8, 
0xFF, 0xFF, 0xFF, 0xFF, 0x25, 0x00, 0x3A, 0xFF, 0xFF, 0xFF, 0xFF, 0x8D, 0x00, 0x00, 0x17, 0x28, 
0x28, 0x28, 0x28, 0x01, 0x00, 0x1D, 0xFF, 0xFF, 0xFF, 0xFF, 0xAB, 0x00, 0x00, 0x00, 0x00, 0x00, 
0x2F, 0x69, 0x8A, 0xAA, 0xCE, 0xFF, 0xFF, 0xFF, 0xFF, 0xAB, 0x00, 0x00, 0x00, 0x23, 0xB1, 0xFF, 
0xFF, 0xFF, 0xFF, 0xFF, 0xFF, 0xFF, 0xFF, 0xFF, 0xAB, 0x00, 0x00, 0x08, 0xD3, 0xFF, 0xFF, 0xFF, 
0xFF, 0xFF, 0xFF, 0xFF, 0xFF, 0xFF, 0xFF, 0xAB, 0x00, 0x00, 0x84, 0xFF, 0xFF, 0xFF, 0xFF, 0xE2, 
0x6E, 0x68, 0xFF, 0xFF, 0xFF, 0xFF, 0xAB, 0x00, 0x00, 0xC7, 0xFF, 0xFF, 0xFF, 0xFA, 0x22, 0x00, 
0x1B, 0xFF, 0xFF, 0xFF, 0xFF, 0xAB, 0x00, 0x01, 0xF3, 0xFF, 0xFF, 0xFF, 0xD0, 0x00, 0x00, 0x1B, 
0xFF, 0xFF, 0xFF, 0xFF, 0xAB, 0x00, 0x02, 0xF4, 0xFF, 0xFF, 0xFF, 0xE7, 0x07, 0x00, 0x56, 0xFF, 
0xFF, 0xFF, 0xFF, 0xAD, 0x00, 0x00, 0xBA, 0xFF, 0xFF, 0xFF, 0xFF, 0xC8, 0xAF, 0xFF, 0xFF, 0xFF, 
0xFF, 0xFF, 0xBB, 0x00, 0x00, 0x7C, 0xFF, 0xFF, 0xFF, 0xFF, 0xFF, 0xFF, 0xFF, 0xFF, 0xFF, 0xFF, 
0xFF, 0xCC, 0x00, 0x00, 0x0C, 0xC2, 0xFF, 0xFF, 0xFF, 0xFF, 0xFF, 0xFF, 0xFF, 0xFF, 0xFF, 0xFF, 
0xF8, 0x0A, 0x00, 0x00, 0x0B, 0xA8, 0xF3, 0xFF, 0xFF, 0xFE, 0x8F, 0xAA, 0xFF, 0xFF, 0xFF, 0xFF, 
0x3A, 0x00, 0x00, 0x00, 0x00, 0x04, 0x37, 0x41, 0x10, 0x00, 0x00, 0x00, 0x00, 0x00, 0x00, 0x00, 
0x00, 0x00, 0x00, 0x00, 0x00, 0x0D, 0x62, 0x63, 0x62, 0x0A, 0x00, 0x00, 0x00, 0x00, 0x00, 0x00, 
0x00, 0x00, 0x00, 0x08, 0xBF, 0xFF, 0xFF, 0xFF, 0xBA, 0x07, 0x00, 0x00, 0x00, 0x00, 0x00, 0x00, 
0x00, 0x05, 0xB3, 0xFF, 0xFF, 0xFF, 0xFF, 0xFF, 0xAE, 0x03, 0x00, 0x00, 0x00, 0x00, 0x00, 0x02, 
0xA6, 0xFF, 0xFF, 0xFF, 0xD4, 0xFF, 0xFF, 0xFF, 0xA2, 0x01, 0x00, 0x00, 0x00, 0x00, 0x98, 0xFF, 
0xFF, 0xFF, 0x9D, 0x01, 0xA5, 0xFF, 0xFF, 0xFF, 0x95, 0x00, 0x00, 0x00, 0x01, 0x84, 0x87, 0x87, 
0x7C, 0x04, 0x00, 0x06, 0x7E, 0x87, 0x87, 0x84, 0x02, 0x00, 0x00, 0x00, 0x00, 0x00, 0x00, 0x00, 
0x00, 0x00, 0x00, 0x00, 0x00, 0x00, 0x00, 0x00, 0x00, 0x00, 0x00, 0x00, 0x00, 0x0B, 0x44, 0x6E, 
0x91, 0x76, 0x45, 0x14, 0x00, 0x00, 0x00, 0x00, 0x00, 0x00, 0x00, 0x57, 0xE3, 0xFF, 0xFF, 0xFF, 
0xFF, 0xFF, 0xFD, 0x6F, 0x00, 0x00, 0x00, 0x00, 0x00, 0x6E, 0xFF, 0xFF, 0xFF, 0xFF, 0xFF, 0xFF, 
0xFF, 0xFF, 0xFF, 0x8E, 0x00, 0x00, 0x00, 0x29, 0xF8, 0xFF, 0xFF, 0xFF, 0xFF, 0xFF, 0xFF, 0xFF, 
0xFF, 0xFF, 0xFF, 0x14, 0x00, 0x00, 0x78, 0xFF, 0xFF, 0xFF, 0xFF, 0xBA, 0x51, 0xC0, 0xFF, 0xFF, 
0xFF, 0xFF, 0x50, 0x00, 0x00, 0xA8, 0xFF, 0xFF, 0xFF, 0xFF, 0x25, 0x00, 0x3A, 0xFF, 0xFF, 0xFF, 
0xFF, 0x8D, 0x00, 0x00, 0x17, 0x28, 0x28, 0x28, 0x28, 0x01, 0x00, 0x1D, 0xFF, 0xFF, 0xFF, 0xFF, 
0xAB, 0x00, 0x00, 0x00, 0x00, 0x00, 0x2F, 0x69, 0x8A, 0xAA, 0xCE, 0xFF, 0xFF, 0xFF, 0xFF, 0xAB, 
0x00, 0x00, 0x00, 0x23, 0xB1, 0xFF, 0xFF, 0xFF, 0xFF, 0xFF, 0xFF, 0xFF, 0xFF, 0xFF, 0xAB, 0x00, 
0x00, 0x08, 0xD3, 0xFF, 0xFF, 0xFF, 0xFF, 0xFF, 0xFF, 0xFF, 0xFF, 0xFF, 0xFF, 0xAB, 0x00, 0x00, 
0x84, 0xFF, 0xFF, 0xFF, 0xFF, 0xE2, 0x6E, 0x68, 0xFF, 0xFF, 0xFF, 0xFF, 0xAB, 0x00, 0x00, 0xC7, 
0xFF, 0xFF, 0xFF, 0xFA, 0x22, 0x00, 0x1B, 0xFF, 0xFF, 0xFF, 0xFF, 0xAB, 0x00, 0x01, 0xF3, 0xFF, 
0xFF, 0xFF, 0xD0, 0x00, 0x00, 0x1B, 0xFF, 0xFF, 0xFF, 0xFF, 0xAB, 0x00, 0x02, 0xF4, 0xFF, 0xFF, 
0xFF, 0xE7, 0x07, 0x00, 0x56, 0xFF, 0xFF, 0xFF, 0xFF, 0xAD, 0x00, 0x00, 0xBA, 0xFF, 0xFF, 0xFF, 
0xFF, 0xC8, 0xAF, 0xFF, 0xFF, 0xFF, 0xFF, 0xFF, 0xBB, 0x00, 0x00, 0x7C, 0xFF, 0xFF, 0xFF, 0xFF, 
0xFF, 0xFF, 0xFF, 0xFF, 0xFF, 0xFF, 0xFF, 0xCC, 0x00, 0x00, 0x0C, 0xC2, 0xFF, 0xFF, 0xFF, 0xFF, 
0xFF, 0xFF, 0xFF, 0xFF, 0xFF, 0xFF, 0xF8, 0x0A, 0x00, 0x00, 0x0B, 0xA8, 0xF3, 0xFF, 0xFF, 0xFE, 
0x8F, 0xAA, 0xFF, 0xFF, 0xFF, 0xFF, 0x3A, 0x00, 0x00, 0x00, 0x00, 0x04, 0x37, 0x41, 0x10, 0x00, 
0x00, 0x00, 0x00, 0x00, 0x00, 0x00, 0x00, 0x00, 0x00, 0x00, 0x03, 0x2B, 0x08, 0x00, 0x00, 0x0C, 
0x47, 0x3C, 0x21, 0x00, 0x00, 0x00, 0x00, 0x00, 0x58, 0xE6, 0xFF, 0xF2, 0x7B, 0x0A, 0x63, 0xFF, 
0xFF, 0xAC, 0x00, 0x00, 0x00, 0x00, 0x27, 0xF5, 0xFF, 0xFF, 0xFF, 0xFF, 0xFA, 0xFF, 0xFF, 0xFF, 
0x7E, 0x00, 0x00, 0x00, 0x00, 0x86, 0xFF, 0xFF, 0xFF, 0xFF, 0xFF, 0xFF, 0xFF, 0xFF, 0xFB, 0x31, 
0x00, 0x00, 0x00, 0x00, 0xB7, 0xFF, 0xFF, 0x75, 0x40, 0xC7, 0xFF, 0xFF, 0xFB, 0x72, 0x00, 0x00, 
0x00, 0x00, 0x00, 0x50, 0x73, 0x83, 0x0F, 0x00, 0x01, 0x3A, 0x57, 0x15, 0x00, 0x00, 0x00, 0x00, 
0x00, 0x00, 0x00, 0x00, 0x00, 0x00, 0x00, 0x00, 0x00, 0x00, 0x00, 0x00, 0x00, 0x00, 0x00, 0x00, 
0x00, 0x00, 0x00, 0x0B, 0x44, 0x6E, 0x91, 0x76, 0x45, 0x14, 0x00, 0x00, 0x00, 0x00, 0x00, 0x00, 
0x00, 0x57, 0xE3, 0xFF, 0xFF, 0xFF, 0xFF, 0xFF, 0xFD, 0x6F, 0x00, 0x00, 0x00, 0x00, 0x00, 0x6E, 
0xFF, 0xFF, 0xFF, 0xFF, 0xFF, 0xFF, 0xFF, 0xFF, 0xFF, 0x8E, 0x00, 0x00, 0x00, 0x29, 0xF8, 0xFF, 
0xFF, 0xFF, 0xFF, 0xFF, 0xFF, 0xFF, 0xFF, 0xFF, 0xFF, 0x14, 0x00, 0x00, 0x78, 0xFF, 0xFF, 0xFF, 
0xFF, 0xBA, 0x51, 0xC0, 0xFF, 0xFF, 0xFF, 0xFF, 0x50, 0x00, 0x00, 0xA8, 0xFF, 0xFF, 0xFF, 0xFF, 
0x25, 0x00, 0x3A, 0xFF, 0xFF, 0xFF, 0xFF, 0x8D, 0x00, 0x00, 0x17, 0x28, 0x28, 0x28, 0x28, 0x01, 
0x00, 0x1D, 0xFF, 0xFF, 0xFF, 0xFF, 0xAB, 0x00, 0x00, 0x00, 0x00, 0x00, 0x2F, 0x69, 0x8A, 0xAA, 
0xCE, 0xFF, 0xFF, 0xFF, 0xFF, 0xAB, 0x00, 0x00, 0x00, 0x23, 0xB1, 0xFF, 0xFF, 0xFF, 0xFF, 0xFF, 
0xFF, 0xFF, 0xFF, 0xFF, 0xAB, 0x00, 0x00, 0x08, 0xD3, 0xFF, 0xFF, 0xFF, 0xFF, 0xFF, 0xFF, 0xFF, 
0xFF, 0xFF, 0xFF, 0xAB, 0x00, 0x00, 0x84, 0xFF, 0xFF, 0xFF, 0xFF, 0xE2, 0x6E, 0x68, 0xFF, 0xFF, 
0xFF, 0xFF, 0xAB, 0x00, 0x00, 0xC7, 0xFF, 0xFF, 0xFF, 0xFA, 0x22, 0x00, 0x1B, 0xFF, 0xFF, 0xFF, 
0xFF, 0xAB, 0x00, 0x01, 0xF3, 0xFF, 0xFF, 0xFF, 0xD0, 0x00, 0x00, 0x1B, 0xFF, 0xFF, 0xFF, 0xFF, 
0xAB, 0x00, 0x02, 0xF4, 0xFF, 0xFF, 0xFF, 0xE7, 0x07, 0x00, 0x56, 0xFF, 0xFF, 0xFF, 0xFF, 0xAD, 
0x00, 0x00, 0xBA, 0xFF, 0xFF, 0xFF, 0xFF, 0xC8, 0xAF, 0xFF, 0xFF, 0xFF, 0xFF, 0xFF, 0xBB, 0x00, 
0x00, 0x7C, 0xFF, 0xFF, 0xFF, 0xFF, 0xFF, 0xFF, 0xFF, 0xFF, 0xFF, 0xFF, 0xFF, 0xCC, 0x00, 0x00, 
0x0C, 0xC2, 0xFF, 0xFF, 0xFF, 0xFF, 0xFF, 0xFF, 0xFF, 0xFF, 0xFF, 0xFF, 0xF8, 0x0A, 0x00, 0x00, 
0x0B, 0xA8, 0xF3, 0xFF, 0xFF, 0xFE, 0x8F, 0xAA, 0xFF, 0xFF, 0xFF, 0xFF, 0x3A, 0x00, 0x00, 0x00, 
0x00, 0x04, 0x37, 0x41, 0x10, 0x00, 0x00, 0x00, 0x00, 0x00, 0x00, 0x00, 0x00, 0x03, 0x56, 0xA7, 
0x74, 0x14, 0x00, 0x00, 0x00, 0x19, 0x7A, 0xA5, 0x50, 0x01, 0x00, 0x00, 0x58, 0xFF, 0xFF, 0xFF, 
0xAB, 0x00, 0x00, 0x00, 0xBB, 0xFF, 0xFF, 0xFF, 0x4A, 0x00, 0x00, 0x9B, 0xFF, 0xFF, 0xFF, 0xFA, 
0x01, 0x00, 0x04, 0xF9, 0xFF, 0xFF, 0xFF, 0x9B, 0x00, 0x00, 0x52, 0xFF, 0xFF, 0xFF, 0xAB, 0x00, 
0x00, 0x00, 0xB3, 0xFF, 0xFF, 0xFF, 0x4A, 0x00, 0x00, 0x02, 0x48, 0x98, 0x66, 0x0E, 0x00, 0x00, 
0x00, 0x11, 0x6B, 0x96, 0x41, 0x00, 0x00, 0x00, 0x00, 0x00, 0x00, 0x00, 0x00, 0x00, 0x00, 0x00, 
0x00, 0x00, 0x00, 0x00, 0x00, 0x00, 0x00, 0x00, 0x00, 0x00, 0x0B, 0x44, 0x6E, 0x91, 0x76, 0x45, 
0x14, 0x00, 0x00, 0x00, 0x00, 0x00, 0x00, 0x00, 0x57, 0xE3, 0xFF, 0xFF, 0xFF, 0xFF, 0xFF, 0xFD, 
0x6F, 0x00, 0x00, 0x00, 0x00, 0x00, 0x6E, 0xFF, 0xFF, 0xFF, 0xFF, 0xFF, 0xFF, 0xFF, 0xFF, 0xFF, 
0x8E, 0x00, 0x00, 0x00, 0x29, 0xF8, 0xFF, 0xFF, 0xFF, 0xFF, 0xFF, 0xFF, 0xFF, 0xFF, 0xFF, 0xFF, 
0x14, 0x00, 0x00, 0x78, 0xFF, 0xFF, 0xFF, 0xFF, 0xBA, 0x51, 0xC0, 0xFF, 0xFF, 0xFF, 0xFF, 0x50, 
0x00, 0x00, 0xA8, 0xFF, 0xFF, 0xFF, 0xFF, 0x25, 0x00, 0x3A, 0xFF, 0xFF, 0xFF, 0xFF, 0x8D, 0x00, 
0x00, 0x17, 0x28, 0x28, 0x28, 0x28, 0x01, 0x00, 0x1D, 0xFF, 0xFF, 0xFF, 0xFF, 0xAB, 0x00, 0x00, 
0x00, 0x00, 0x00, 0x2F, 0x69, 0x8A, 0xAA, 0xCE, 0xFF, 0xFF, 0xFF, 0xFF, 0xAB, 0x00, 0x00, 0x00, 
0x23, 0xB1, 0xFF, 0xFF, 0xFF, 0xFF, 0xFF, 0xFF, 0xFF, 0xFF, 0xFF, 0xAB, 0x00, 0x00, 0x08, 0xD3, 
0xFF, 0xFF, 0xFF, 0xFF, 0xFF, 0xFF, 0xFF, 0xFF, 0xFF, 0xFF, 0xAB, 0x00, 0x00, 0x84, 0xFF, 0xFF, 
0xFF, 0xFF, 0xE2, 0x6E, 0x68, 0xFF, 0xFF, 0xFF, 0xFF, 0xAB, 0x00, 0x00, 0xC7, 0xFF, 0xFF, 0xFF, 
0xFA, 0x22, 0x00, 0x1B, 0xFF, 0xFF, 0xFF, 0xFF, 0xAB, 0x00, 0x01, 0xF3, 0xFF, 0xFF, 0xFF, 0xD0, 
0x00, 0x00, 0x1B, 0xFF, 0xFF, 0xFF, 0xFF, 0xAB, 0x00, 0x02, 0xF4, 0xFF, 0xFF, 0xFF, 0xE7, 0x07, 
0x00, 0x56, 0xFF, 0xFF, 0xFF, 0xFF, 0xAD, 0x00, 0x00, 0xBA, 0xFF, 0xFF, 0xFF, 0xFF, 0xC8, 0xAF, 
0xFF, 0xFF, 0xFF, 0xFF, 0xFF, 0xBB, 0x00, 0x00, 0x7C, 0xFF, 0xFF, 0xFF, 0xFF, 0xFF, 0xFF, 0xFF, 
0xFF, 0xFF, 0xFF, 0xFF, 0xCC, 0x00, 0x00, 0x0C, 0xC2, 0xFF, 0xFF, 0xFF, 0xFF, 0xFF, 0xFF, 0xFF, 
0xFF, 0xFF, 0xFF, 0xF8, 0x0A, 0x00, 0x00, 0x0B, 0xA8, 0xF3, 0xFF, 0xFF, 0xFE, 0x8F, 0xAA, 0xFF, 
0xFF, 0xFF, 0xFF, 0x3A, 0x00, 0x00, 0x00, 0x00, 0x04, 0x37, 0x41, 0x10, 0x00, 0x00, 0x00, 0x00, 
0x00, 0x00, 0x00, 0x00, 0x00, 0x00, 0x00, 0x00, 0x3B, 0x8F, 0xBD, 0x9F, 0x40, 0x00, 0x00, 0x00, 
0x00, 0x00, 0x00, 0x00, 0x00, 0x00, 0x58, 0xFB, 0xFF, 0xFF, 0xFF, 0xFF, 0x64, 0x00, 0x00, 0x00, 
0x00, 0x00, 0x00, 0x00, 0x00, 0xE2, 0xFF, 0xB6, 0x4D, 0xB0, 0xFF, 0xF3, 0x04, 0x00, 0x00, 0x00, 
0x00, 0x00, 0x00, 0x17, 0xFF, 0xFF, 0x35, 0x00, 0x29, 0xFF, 0xFF, 0x25, 0x00, 0x00, 0x00, 0x00, 
0x00, 0x00, 0x08, 0xFB, 0xFF, 0x8D, 0x14, 0x86, 0xFF, 0xF3, 0x06, 0x00, 0x00, 0x00, 0x00, 0x00, 
0x00, 0x00, 0x90, 0xFF, 0xFF, 0xFF, 0xFF, 0xFF, 0x8C, 0x00, 0x00, 0x00, 0x00, 0x00, 0x00, 0x00, 
0x00, 0x04, 0x73, 0xD0, 0xEE, 0xC3, 0x70, 0x00, 0x00, 0x00, 0x00, 0x00, 0x00, 0x00, 0x00, 0x00, 
0x00, 0x00, 0x00, 0x00, 0x00, 0x00, 0x00, 0x00, 0x00, 0x00, 0x00, 0x00, 0x00, 0x00, 0x00, 0x0B, 
0x44, 0x6E, 0x91, 0x76, 0x45, 0x14, 0x00, 0x00, 0x00, 0x00, 0x00, 0x00, 0x00, 0x57, 0xE3, 0xFF, 
0xFF, 0xFF, 0xFF, 0xFF, 0xFD, 0x6F, 0x00, 0x00, 0x00, 0x00, 0x00, 0x6E, 0xFF, 0xFF, 0xFF, 0xFF, 
0xFF, 0xFF, 0xFF, 0xFF, 0xFF, 0x8E, 0x00, 0x00, 0x00, 0x29, 0xF8, 0xFF, 0xFF, 0xFF, 0xFF, 0xFF, 
0xFF, 0xFF, 0xFF, 0xFF, 0xFF, 0x14, 0x00, 0x00, 0x78, 0xFF, 0xFF, 0xFF, 0xFF, 0xBA, 0x51, 0xC0, 
0xFF, 0xFF, 0xFF, 0xFF, 0x50, 0x00, 0x00, 0xA8, 0xFF, 0xFF, 0xFF, 0xFF, 0x25, 0x00, 0x3A, 0xFF, 
0xFF, 0xFF, 0xFF, 0x8D, 0x00, 0x00, 0x17, 0x28, 0x28, 0x28, 0x28, 0x01, 0x00, 0x1D, 0xFF, 0xFF, 
0xFF, 0xFF, 0xAB, 0x00, 0x00, 0x00, 0x00, 0x00, 0x2F, 0x69, 0x8A, 0xAA, 0xCE, 0xFF, 0xFF, 0xFF, 
0xFF, 0xAB, 0x00, 0x00, 0x00, 0x23, 0xB1, 0xFF, 0xFF, 0xFF, 0xFF, 0xFF, 0xFF, 0xFF, 0xFF, 0xFF, 
0xAB, 0x00, 0x00, 0x08, 0xD3, 0xFF, 0xFF, 0xFF, 0xFF, 0xFF, 0xFF, 0xFF, 0xFF, 0xFF, 0xFF, 0xAB, 
0x00, 0x00, 0x84, 0xFF, 0xFF, 0xFF, 0xFF, 0xE2, 0x6E, 0x68, 0xFF, 0xFF, 0xFF, 0xFF, 0xAB, 0x00, 
0x00, 0xC7, 0xFF, 0xFF, 0xFF, 0xFA, 0x22, 0x00, 0x1B, 0xFF, 0xFF, 0xFF, 0xFF, 0xAB, 0x00, 0x01, 
0xF3, 0xFF, 0xFF, 0xFF, 0xD0, 0x00, 0x00, 0x1B, 0xFF, 0xFF, 0xFF, 0xFF, 0xAB, 0x00, 0x02, 0xF4, 
0xFF, 0xFF, 0xFF, 0xE7, 0x07, 0x00, 0x56, 0xFF, 0xFF, 0xFF, 0xFF, 0xAD, 0x00, 0x00, 0xBA, 0xFF, 
0xFF, 0xFF, 0xFF, 0xC8, 0xAF, 0xFF, 0xFF, 0xFF, 0xFF, 0xFF, 0xBB, 0x00, 0x00, 0x7C, 0xFF, 0xFF, 
0xFF, 0xFF, 0xFF, 0xFF, 0xFF, 0xFF, 0xFF, 0xFF, 0xFF, 0xCC, 0x00, 0x00, 0x0C, 0xC2, 0xFF, 0xFF, 
0xFF, 0xFF, 0xFF, 0xFF, 0xFF, 0xFF, 0xFF, 0xFF, 0xF8, 0x0A, 0x00, 0x00, 0x0B, 0xA8, 0xF3, 0xFF, 
0xFF, 0xFE, 0x8F, 0xAA, 0xFF, 0xFF, 0xFF, 0xFF, 0x3A, 0x00, 0x00, 0x00, 0x00, 0x04, 0x37, 0x41, 
0x10, 0x00, 0x00, 0x00, 0x00, 0x00, 0x00, 0x00, 0x00, 0x00, 0x00, 0x00, 0x03, 0x3F, 0x67, 0x8C, 
0x80, 0x48, 0x11, 0x00, 0x00, 0x0D, 0x42, 0x7A, 0x8F, 0x61, 0x2C, 0x01, 0x00, 0x00, 0x00, 0x00, 
0x00, 0x00, 0x49, 0xD4, 0xFF, 0xFF, 0xFF, 0xFF, 0xFF, 0xFE, 0x9B, 0x5E, 0xF8, 0xFF, 0xFF, 0xFF, 
0xFF, 0xFF, 0xB0, 0x0D, 0x00, 0x00, 0x00, 0x00, 0x50, 0xFF, 0xFF, 0xFF, 0xFF, 0xFF, 0xFF, 0xFF, 
0xFF, 0xFF, 0xFF, 0xFF, 0xFF, 0xFF, 0xFF, 0xFF, 0xFF, 0xFF, 0xD6, 0x0B, 0x00, 0x00, 0x16, 0xF0, 
0xFF, 0xFF, 0xFF, 0xFF, 0xFF, 0xFF, 0xFF, 0xFF, 0xFF, 0xFF, 0xFF, 0xFF, 0xFF, 0xFF, 0xFF, 0xFF, 
0xFF, 0xFF, 0x75, 0x00, 0x00, 0x54, 0xFF, 0xFF, 0xFF, 0xFF, 0xF7, 0x95, 0xBD, 0xFF, 0xFF, 0xFF, 
0xFF, 0xFF, 0xFF, 0xC3, 0x9B, 0xF5, 0xFF, 0xFF, 0xFF, 0xE9, 0x0A, 0x00, 0x88, 0xFF, 0xFF, 0xFF, 
0xFF, 0x6B, 0x00, 0x06, 0xF1, 0xFF, 0xFF, 0xFF, 0xFF, 0xC9, 0x04, 0x00, 0x7E, 0xFF, 0xFF, 0xFF, 
0xFF, 0x3A, 0x00, 0x0B, 0x21, 0x32, 0x44, 0x54, 0x12, 0x00, 0x00, 0xDE, 0xFF, 0xFF, 0xFF, 0xFF, 
0x6A, 0x00, 0x00, 0x37, 0xFF, 0xFF, 0xFF, 0xFF, 0x5B, 0x00, 0x00, 0x00, 0x00, 0x17, 0x45, 0x64, 
0x80, 0x86, 0xFF, 0xFF, 0xFF, 0xFF, 0xFF, 0xAD, 0x73, 0x73, 0x88, 0xFF, 0xFF, 0xFF, 0xFF, 0x7C, 
0x00, 0x00, 0x1E, 0xA3, 0xFA, 0xFF, 0xFF, 0xFF, 0xFF, 0xFF, 0xFF, 0xFF, 0xFF, 0xFF, 0xFF, 0xFF, 
0xFF, 0xFF, 0xFF, 0xFF, 0xFF, 0xFF, 0x8F, 0x00, 0x0C, 0xD6, 0xFF, 0xFF, 0xFF, 0xFF, 0xFF, 0xFF, 
0xFF, 0xFF, 0xFF, 0xFF, 0xFF, 0xFF, 0xFF, 0xFF, 0xFF, 0xFF, 0xFF, 0xFF, 0xFF, 0x8F, 0x00, 0x94, 
0xFF, 0xFF, 0xFF, 0xFF, 0xFF, 0xE9, 0xC9, 0xFF, 0xFF, 0xFF, 0xFF, 0xFF, 0xFF, 0xF6, 0xF6, 0xF6, 
0xF6, 0xF6, 0xF6, 0xF6, 0x85, 0x00, 0xD6, 0xFF, 0xFF, 0xFF, 0xFE, 0x63, 0x00, 0x00, 0xEA, 0xFF, 
0xFF, 0xFF, 0xFF, 0x4C, 0x00, 0x00, 0x00, 0x00, 0x00, 0x00, 0x00, 0x00, 0x08, 0xFD, 0xFF, 0xFF, 
0xFF, 0xD2, 0x00, 0x00, 0x00, 0xCA, 0xFF, 0xFF, 0xFF, 0xFF, 0xA4, 0x00, 0x00, 0x00, 0x00, 0x00, 
0x00, 0x00, 0x00, 0x02, 0xF2, 0xFF, 0xFF, 0xFF, 0xD9, 0x02, 0x00, 0x02, 0xFF, 0xFF, 0xFF, 0xFF, 
0xFF, 0xFF, 0x54, 0x00, 0x00, 0x01, 0x46, 0xC5, 0x34, 0x00, 0x00, 0xBC, 0xFF, 0xFF, 0xFF, 0xFF, 
0xB4, 0x7E, 0xCE, 0xFF, 0xFF, 0xFF, 0xFF, 0xFF, 0xFF, 0xFF, 0xDE, 0xCD, 0xF5, 0xFF, 0xFF, 0x96, 
0x00, 0x00, 0x80, 0xFF, 0xFF, 0xFF, 0xFF, 0xFF, 0xFF, 0xFF, 0xFF, 0xFF, 0xFF, 0xFF, 0xFF, 0xFF, 
0xFF, 0xFF, 0xFF, 0xFF, 0xFF, 0xFF, 0xEF, 0x08, 0x00, 0x08, 0xBB, 0xFF, 0xFF, 0xFF, 0xFF, 0xFF, 
0xFF, 0xFF, 0xF7, 0x9A, 0xE5, 0xFF, 0xFF, 0xFF, 0xFF, 0xFF, 0xFF, 0xFF, 0xFF, 0xD9, 0x15, 0x00, 
0x00, 0x09, 0xA1, 0xE8, 0xFF, 0xFF, 0xFF, 0xF7, 0xBD, 0x29, 0x00, 0x17, 0xAC, 0xEE, 0xFF, 0xFF, 
0xFF, 0xFF, 0xD9, 0x74, 0x0A, 0x00, 0x00, 0x00, 0x00, 0x00, 0x00, 0x22, 0x4C, 0x2A, 0x03, 0x00, 
0x00, 0x00, 0x00, 0x00, 0x00, 0x22, 0x43, 0x39, 0x18, 0x00, 0x00, 0x00, 0x00, 0x00, 0x00, 0x00, 
0x00, 0x07, 0x33, 0x62, 0x8E, 0x77, 0x3A, 0x06, 0x00, 0x00, 0x00, 0x00, 0x00, 0x00, 0x31, 0xDD, 
0xFF, 0xFF, 0xFF, 0xFF, 0xFF, 0xF6, 0x75, 0x00, 0x00, 0x00, 0x00, 0x4F, 0xF7, 0xFF, 0xFF, 0xFF, 
0xFF, 0xFF, 0xFF, 0xFF, 0xFF, 0x69, 0x00, 0x00, 0x04, 0xDE, 0xFF, 0xFF, 0xFF, 0xFF, 0xFF, 0xFF, 
0xFF, 0xFF, 0xFF, 0xFE, 0x3A, 0x00, 0x5D, 0xFF, 0xFF, 0xFF, 0xFF, 0xE2, 0x8F, 0xC3, 0xFF, 0xFF, 
0xFF, 0xFF, 0x7C, 0x00, 0xB4, 0xFF, 0xFF, 0xFF, 0xFF, 0x2D, 0x00, 0x07, 0xDA, 0xFF, 0xFF, 0xFF, 
0xB2, 0x00, 0xD4, 0xFF, 0xFF, 0xFF, 0xDB, 0x00, 0x00, 0x00, 0x97, 0xFF, 0xFF, 0xFF, 0xE7, 0x00, 
0xF3, 0xFF, 0xFF, 0xFF, 0xBA, 0x00, 0x00, 0x00, 0x31, 0x64, 0x64, 0x64, 0x5C, 0x0E, 0xFF, 0xFF, 
0xFF, 0xFF, 0xB0, 0x00, 0x00, 0x00, 0x00, 0x00, 0x00, 0x00, 0x00, 0x13, 0xFF, 0xFF, 0xFF, 0xFF, 
0xAB, 0x00, 0x00, 0x00, 0x00, 0x00, 0x00, 0x00, 0x00, 0x09, 0xFF, 0xFF, 0xFF, 0xFF, 0xB1, 0x00, 
0x00, 0x00, 0x00, 0x00, 0x00, 0x00, 0x00, 0x00, 0xEA, 0xFF, 0xFF, 0xFF, 0xBC, 0x00, 0x00, 0x00, 
0x1A, 0x37, 0x37, 0x37, 0x30, 0x00, 0xCB, 0xFF, 0xFF, 0xFF, 0xE5, 0x00, 0x00, 0x00, 0x97, 0xFF, 
0xFF, 0xFF, 0xF7, 0x00, 0xA6, 0xFF, 0xFF, 0xFF, 0xFF, 0x4E, 0x00, 0x13, 0xE1, 0xFF, 0xFF, 0xFF, 
0xDC, 0x00, 0x3C, 0xFF, 0xFF, 0xFF, 0xFF, 0xFC, 0xDB, 0xEC, 0xFF, 0xFF, 0xFF, 0xFF, 0x96, 0x00, 
0x00, 0xC0, 0xFF, 0xFF, 0xFF, 0xFF, 0xFF, 0xFF, 0xFF, 0xFF, 0xFF, 0xF0, 0x27, 0x00, 0x00, 0x26, 
0xD5, 0xFF, 0xFF, 0xFF, 0xFF, 0xFF, 0xFF, 0xFF, 0xEE, 0x34, 0x00, 0x00, 0x00, 0x00, 0x0B, 0x9C, 
0xFF, 0xFF, 0xFF, 0xFF, 0xFF, 0xB4, 0x32, 0x00, 0x00, 0x00, 0x00, 0x00, 0x00, 0x00, 0x59, 0xFF, 
0xFF, 0xFF, 0x9B, 0x03, 0x00, 0x00, 0x00, 0x00, 0x00, 0x00, 0x00, 0x00, 0x88, 0xFF, 0xFF, 0xFF, 
0xFF, 0xAB, 0x00, 0x00, 0x00, 0x00, 0x00, 0x00, 0x00, 0x00, 0x21, 0x6E, 0xFD, 0xFF, 0xFF, 0xF7, 
0x0B, 0x00, 0x00, 0x00, 0x00, 0x00, 0x00, 0x00, 0x00, 0x05, 0xEF, 0xFF, 0xFF, 0xFF, 0x31, 0x00, 
0x00, 0x00, 0x00, 0x00, 0x00, 0x00, 0x00, 0xD5, 0xFF, 0xFF, 0xFF, 0xFD, 0x0A, 0x00, 0x00, 0x00, 
0x00, 0x00, 0x00, 0x00, 0x00, 0xF7, 0xFF, 0xFF, 0xFF, 0x95, 0x00, 0x00, 0x00, 0x00, 0x00, 0x00, 
0x00, 0x00, 0x00, 0xEE, 0xFF, 0xF3, 0x89, 0x07, 0x00, 0x00, 0x00, 0x00, 0x00, 0x00, 0x00, 0x00, 
0x00, 0x39, 0x22, 0x05, 0x00, 0x00, 0x00, 0x00, 0x00, 0x2E, 0x63, 0x63, 0x63, 0x63, 0x56, 0x00, 
0x00, 0x00, 0x00, 0x00, 0x00, 0x00, 0x00, 0x2A, 0xEE, 0xFF, 0xFF, 0xFF, 0xFF, 0x50, 0x00, 0x00, 
0x00, 0x00, 0x00, 0x00, 0x00, 0x00, 0x3C, 0xF7, 0xFF, 0xFF, 0xFF, 0xE5, 0x0F, 0x00, 0x00, 0x00, 
0x00, 0x00, 0x00, 0x00, 0x00, 0x51, 0xFD, 0xFF, 0xFF, 0xFF, 0x99, 0x00, 0x00, 0x00, 0x00, 0x00, 
0x00, 0x00, 0x00, 0x00, 0x69, 0xFF, 0xFF, 0xFF, 0xFE, 0x3E, 0x00, 0x00, 0x00, 0x00, 0x00, 0x00, 
0x00, 0x00, 0x00, 0x7C, 0xD0, 0xD0, 0xD0, 0x96, 0x00, 0x00, 0x00, 0x00, 0x00, 0x00, 0x00, 0x00, 
0x00, 0x00, 0x00, 0x00, 0x00, 0x00, 0x00, 0x00, 0x00, 0x00, 0x00, 0x00, 0x00, 0x00, 0x01, 0x2B, 
0x59, 0x87, 0x86, 0x57, 0x27, 0x00, 0x00, 0x00, 0x00, 0x00, 0x00, 0x15, 0xB9, 0xFF, 0xFF, 0xFF, 
0xFF, 0xFF, 0xFF, 0xA8, 0x0B, 0x00, 0x00, 0x00, 0x26, 0xE5, 0xFF, 0xFF, 0xFF, 0xFF, 0xFF, 0xFF, 
0xFF, 0xFF, 0xD5, 0x0D, 0x00, 0x00, 0xAA, 0xFF, 0xFF, 0xFF, 0xFF, 0xFF, 0xFF, 0xFF, 0xFF, 0xFF, 
0xFF, 0x73, 0x00, 0x2E, 0xFE, 0xFF, 0xFF, 0xFF, 0xF7, 0x95, 0xA0, 0xFA, 0xFF, 0xFF, 0xFF, 0xE5, 
0x06, 0x8A, 0xFF, 0xFF, 0xFF, 0xFF, 0x65, 0x00, 0x00, 0x81, 0xFF, 0xFF, 0xFF, 0xFF, 0x3C, 0xAC, 
0xFF, 0xFF, 0xFF, 0xFC, 0x0F, 0x00, 0x00, 0x35, 0xFF, 0xFF, 0xFF, 0xFF, 0x59, 0xCD, 0xFF, 0xFF, 
0xFF, 0xFF, 0x73, 0x73, 0x73, 0x85, 0xFF, 0xFF, 0xFF, 0xFF, 0x76, 0xEE, 0xFF, 0xFF, 0xFF, 0xFF, 
0xFF, 0xFF, 0xFF, 0xFF, 0xFF, 0xFF, 0xFF, 0xFF, 0x91, 0xF7, 0xFF, 0xFF, 0xFF, 0xFF, 0xFF, 0xFF, 
0xFF, 0xFF, 0xFF, 0xFF, 0xFF, 0xFF, 0x97, 0xF3, 0xFF, 0xFF, 0xFF, 0xFF, 0xFF, 0xFF, 0xFF, 0xFF, 
0xFF, 0xFF, 0xFF, 0xFF, 0x93, 0xD2, 0xFF, 0xFF, 0xFF, 0xEF, 0x00, 0x00, 0x00, 0x00, 0x00, 0x00, 
0x00, 0x00, 0x00, 0xAC, 0xFF, 0xFF, 0xFF, 0xFF, 0x2F, 0x00, 0x00, 0x00, 0x00, 0x01, 0x25, 0x00, 
0x00, 0x84, 0xFF, 0xFF, 0xFF, 0xFF, 0xC0, 0x12, 0x00, 0x00, 0x1F, 0xB9, 0xF4, 0x21, 0x00, 0x1D, 
0xF6, 0xFF, 0xFF, 0xFF, 0xFF, 0xF1, 0xC9, 0xE3, 0xFF, 0xFF, 0xFF, 0xBC, 0x00, 0x00, 0x80, 0xFF, 
0xFF, 0xFF, 0xFF, 0xFF, 0xFF, 0xFF, 0xFF, 0xFF, 0xFF, 0xFF, 0x42, 0x00, 0x09, 0xA2, 0xFF, 0xFF, 
0xFF, 0xFF, 0xFF, 0xFF, 0xFF, 0xFF, 0xFF, 0x94, 0x01, 0x00, 0x00, 0x00, 0x51, 0xD4, 0xFB, 0xFF, 
0xFF, 0xFF, 0xFE, 0xC5, 0x45, 0x00, 0x00, 0x00, 0x00, 0x00, 0x00, 0x00, 0x06, 0x2E, 0x43, 0x2F, 
0x0A, 0x00, 0x00, 0x00, 0x00, 0x00, 0x00, 0x00, 0x00, 0x00, 0x00, 0x02, 0x5E, 0x63, 0x63, 0x63, 
0x63, 0x22, 0x00, 0x00, 0x00, 0x00, 0x00, 0x00, 0x00, 0x6B, 0xFF, 0xFF, 0xFF, 0xFF, 0xDF, 0x19, 
0x00, 0x00, 0x00, 0x00, 0x00, 0x00, 0x1B, 0xF2, 0xFF, 0xFF, 0xFF, 0xEC, 0x27, 0x00, 0x00, 0x00, 
0x00, 0x00, 0x00, 0x00, 0xB0, 0xFF, 0xFF, 0xFF, 0xF5, 0x38, 0x00, 0x00, 0x00, 0x00, 0x00, 0x00, 
0x00, 0x52, 0xFF, 0xFF, 0xFF, 0xFC, 0x4C, 0x00, 0x00, 0x00, 0x00, 0x00, 0x00, 0x00, 0x00, 0xA6, 
0xD0, 0xD0, 0xD0, 0x62, 0x00, 0x00, 0x00, 0x00, 0x00, 0x00, 0x00, 0x00, 0x00, 0x00, 0x00, 0x00, 
0x00, 0x00, 0x00, 0x00, 0x00, 0x00, 0x00, 0x00, 0x00, 0x00, 0x01, 0x2B, 0x59, 0x87, 0x86, 0x57, 
0x27, 0x00, 0x00, 0x00, 0x00, 0x00, 0x00, 0x15, 0xB9, 0xFF, 0xFF, 0xFF, 0xFF, 0xFF, 0xFF, 0xA8, 
0x0B, 0x00, 0x00, 0x00, 0x26, 0xE5, 0xFF, 0xFF, 0xFF, 0xFF, 0xFF, 0xFF, 0xFF, 0xFF, 0xD5, 0x0D, 
0x00, 0x00, 0xAA, 0xFF, 0xFF, 0xFF, 0xFF, 0xFF, 0xFF, 0xFF, 0xFF, 0xFF, 0xFF, 0x73, 0x00, 0x2E, 
0xFE, 0xFF, 0xFF, 0xFF, 0xF7, 0x95, 0xA0, 0xFA, 0xFF, 0xFF, 0xFF, 0xE5, 0x06, 0x8A, 0xFF, 0xFF, 
0xFF, 0xFF, 0x65, 0x00, 0x00, 0x81, 0xFF, 0xFF, 0xFF, 0xFF, 0x3C, 0xAC, 0xFF, 0xFF, 0xFF, 0xFC, 
0x0F, 0x00, 0x00, 0x35, 0xFF, 0xFF, 0xFF, 0xFF, 0x59, 0xCD, 0xFF, 0xFF, 0xFF, 0xFF, 0x73, 0x73, 
0x73, 0x85, 0xFF, 0xFF, 0xFF, 0xFF, 0x76, 0xEE, 0xFF, 0xFF, 0xFF, 0xFF, 0xFF, 0xFF, 0xFF, 0xFF, 
0xFF, 0xFF, 0xFF, 0xFF, 0x91, 0xF7, 0xFF, 0xFF, 0xFF, 0xFF, 0xFF, 0xFF, 0xFF, 0xFF, 0xFF, 0xFF, 
0xFF, 0xFF, 0x97, 0xF3, 0xFF, 0xFF, 0xFF, 0xFF, 0xFF, 0xFF, 0xFF, 0xFF, 0xFF, 0xFF, 0xFF, 0xFF, 
0x93, 0xD2, 0xFF, 0xFF, 0xFF, 0xEF, 0x00, 0x00, 0x00, 0x00, 0x00, 0x00, 0x00, 0x00, 0x00, 0xAC, 
0xFF, 0xFF, 0xFF, 0xFF, 0x2F, 0x00, 0x00, 0x00, 0x00, 0x01, 0x25, 0x00, 0x00, 0x84, 0xFF, 0xFF, 
0xFF, 0xFF, 0xC0, 0x12, 0x00, 0x00, 0x1F, 0xB9, 0xF4, 0x21, 0x00, 0x1D, 0xF6, 0xFF, 0xFF, 0xFF, 
0xFF, 0xF1, 0xC9, 0xE3, 0xFF, 0xFF, 0xFF, 0xBC, 0x00, 0x00, 0x80, 0xFF, 0xFF, 0xFF, 0xFF, 0xFF, 
0xFF, 0xFF, 0xFF, 0xFF, 0xFF, 0xFF, 0x42, 0x00, 0x09, 0xA2, 0xFF, 0xFF, 0xFF, 0xFF, 0xFF, 0xFF, 
0xFF, 0xFF, 0xFF, 0x94, 0x01, 0x00, 0x00, 0x00, 0x51, 0xD4, 0xFB, 0xFF, 0xFF, 0xFF, 0xFE, 0xC5, 
0x45, 0x00, 0x00, 0x00, 0x00, 0x00, 0x00, 0x00, 0x06, 0x2E, 0x43, 0x2F, 0x0A, 0x00, 0x00, 0x00, 
0x00, 0x00, 0x00, 0x00, 0x00, 0x14, 0x67, 0x67, 0x64, 0x07, 0x00, 0x00, 0x00, 0x00, 0x00, 0x00, 
0x00, 0x00, 0x0E, 0xCD, 0xFF, 0xFF, 0xFF, 0xB0, 0x04, 0x00, 0x00, 0x00, 0x00, 0x00, 0x00, 0x09, 
0xC2, 0xFF, 0xFF, 0xFF, 0xFF, 0xFF, 0xA4, 0x02, 0x00, 0x00, 0x00, 0x00, 0x05, 0xB7, 0xFF, 0xFF, 
0xFF, 0xD0, 0xFF, 0xFF, 0xFF, 0x97, 0x00, 0x00, 0x00, 0x02, 0xAA, 0xFF, 0xFF, 0xFF, 0x8A, 0x02, 
0xB0, 0xFF, 0xFF, 0xFF, 0x89, 0x00, 0x00, 0x07, 0x82, 0x83, 0x83, 0x72, 0x01, 0x00, 0x0A, 0x7E, 
0x83, 0x83, 0x7B, 0x00, 0x00, 0x00, 0x00, 0x00, 0x00, 0x00, 0x00, 0x00, 0x00, 0x00, 0x00, 0x00, 
0x00, 0x00, 0x00, 0x00, 0x00, 0x00, 0x01, 0x2B, 0x59, 0x87, 0x86, 0x57, 0x27, 0x00, 0x00, 0x00, 
0x00, 0x00, 0x00, 0x15, 0xB9, 0xFF, 0xFF, 0xFF, 0xFF, 0xFF, 0xFF, 0xA8, 0x0B, 0x00, 0x00, 0x00, 
0x26, 0xE5, 0xFF, 0xFF, 0xFF, 0xFF, 0xFF, 0xFF, 0xFF, 0xFF, 0xD5, 0x0D, 0x00, 0x00, 0xAA, 0xFF, 
0xFF, 0xFF, 0xFF, 0xFF, 0xFF, 0xFF, 0xFF, 0xFF, 0xFF, 0x73, 0x00, 0x2E, 0xFE, 0xFF, 0xFF, 0xFF, 
0xF7, 0x95, 0xA0, 0xFA, 0xFF, 0xFF, 0xFF, 0xE5, 0x06, 0x8A, 0xFF, 0xFF, 0xFF, 0xFF, 0x65, 0x00, 
0x00, 0x81, 0xFF, 0xFF, 0xFF, 0xFF, 0x3C, 0xAC, 0xFF, 0xFF, 0xFF, 0xFC, 0x0F, 0x00, 0x00, 0x35, 
0xFF, 0xFF, 0xFF, 0xFF, 0x59, 0xCD, 0xFF, 0xFF, 0xFF, 0xFF, 0x73, 0x73, 0x73, 0x85, 0xFF, 0xFF, 
0xFF, 0xFF, 0x76, 0xEE, 0xFF, 0xFF, 0xFF, 0xFF, 0xFF, 0xFF, 0xFF, 0xFF, 0xFF, 0xFF, 0xFF, 0xFF, 
0x91, 0xF7, 0xFF, 0xFF, 0xFF, 0xFF, 0xFF, 0xFF, 0xFF, 0xFF, 0xFF, 0xFF, 0xFF, 0xFF, 0x97, 0xF3, 
0xFF, 0xFF, 0xFF, 0xFF, 0xFF, 0xFF, 0xFF, 0xFF, 0xFF, 0xFF, 0xFF, 0xFF, 0x93, 0xD2, 0xFF, 0xFF, 
0xFF, 0xEF, 0x00, 0x00, 0x00, 0x00, 0x00, 0x00, 0x00, 0x00, 0x00, 0xAC, 0xFF, 0xFF, 0xFF, 0xFF, 
0x2F, 0x00, 0x00, 0x00, 0x00, 0x01, 0x25, 0x00, 0x00, 0x84, 0xFF, 0xFF, 0xFF, 0xFF, 0xC0, 0x12, 
0x00, 0x00, 0x1F, 0xB9, 0xF4, 0x21, 0x00, 0x1D, 0xF6, 0xFF, 0xFF, 0xFF, 0xFF, 0xF1, 0xC9, 0xE3, 
0xFF, 0xFF, 0xFF, 0xBC, 0x00, 0x00, 0x80, 0xFF, 0xFF, 0xFF, 0xFF, 0xFF, 0xFF, 0xFF, 0xFF, 0xFF, 
0xFF, 0xFF, 0x42, 0x00, 0x09, 0xA2, 0xFF, 0xFF, 0xFF, 0xFF, 0xFF, 0xFF, 0xFF, 0xFF, 0xFF, 0x94, 
0x01, 0x00, 0x00, 0x00, 0x51, 0xD4, 0xFB, 0xFF, 0xFF, 0xFF, 0xFE, 0xC5, 0x45, 0x00, 0x00, 0x00, 
0x00, 0x00, 0x00, 0x00, 0x06, 0x2E, 0x43, 0x2F, 0x0A, 0x00, 0x00, 0x00, 0x00, 0x08, 0x63, 0xAD, 
0x6F, 0x10, 0x00, 0x00, 0x00, 0x23, 0x87, 0xA4, 0x4A, 0x00, 0x00, 0x72, 0xFF, 0xFF, 0xFF, 0x95, 
0x00, 0x00, 0x00, 0xD4, 0xFF, 0xFF, 0xFF, 0x34, 0x00, 0xB3, 0xFF, 0xFF, 0xFF, 0xE4, 0x00, 0x00, 
0x15, 0xFF, 0xFF, 0xFF, 0xFF, 0x83, 0x00, 0x68, 0xFF, 0xFF, 0xFF, 0x91, 0x00, 0x00, 0x00, 0xCA, 
0xFF, 0xFF, 0xFF, 0x30, 0x00, 0x03, 0x4D, 0x96, 0x59, 0x08, 0x00, 0x00, 0x00, 0x15, 0x70, 0x8D, 
0x34, 0x00, 0x00, 0x00, 0x00, 0x00, 0x00, 0x00, 0x00, 0x00, 0x00, 0x00, 0x00, 0x00, 0x00, 0x00, 
0x00, 0x00, 0x00, 0x00, 0x01, 0x2B, 0x59, 0x87, 0x86, 0x57, 0x27, 0x00, 0x00, 0x00, 0x00, 0x00, 
0x00, 0x15, 0xB9, 0xFF, 0xFF, 0xFF, 0xFF, 0xFF, 0xFF, 0xA8, 0x0B, 0x00, 0x00, 0x00, 0x26, 0xE5, 
0xFF, 0xFF, 0xFF, 0xFF, 0xFF, 0xFF, 0xFF, 0xFF, 0xD5, 0x0D, 0x00, 0x00, 0xAA, 0xFF, 0xFF, 0xFF, 
0xFF, 0xFF, 0xFF, 0xFF, 0xFF, 0xFF, 0xFF, 0x73, 0x00, 0x2E, 0xFE, 0xFF, 0xFF, 0xFF, 0xF7, 0x95, 
0xA0, 0xFA, 0xFF, 0xFF, 0xFF, 0xE5, 0x06, 0x8A, 0xFF, 0xFF, 0xFF, 0xFF, 0x65, 0x00, 0x00, 0x81, 
0xFF, 0xFF, 0xFF, 0xFF, 0x3C, 0xAC, 0xFF, 0xFF, 0xFF, 0xFC, 0x0F, 0x00, 0x00, 0x35, 0xFF, 0xFF, 
0xFF, 0xFF, 0x59, 0xCD, 0xFF, 0xFF, 0xFF, 0xFF, 0x73, 0x73, 0x73, 0x85, 0xFF, 0xFF, 0xFF, 0xFF, 
0x76, 0xEE, 0xFF, 0xFF, 0xFF, 0xFF, 0xFF, 0xFF, 0xFF, 0xFF, 0xFF, 0xFF, 0xFF, 0xFF, 0x91, 0xF7, 
0xFF, 0xFF, 0xFF, 0xFF, 0xFF, 0xFF, 0xFF, 0xFF, 0xFF, 0xFF, 0xFF, 0xFF, 0x97, 0xF3, 0xFF, 0xFF, 
0xFF, 0xFF, 0xFF, 0xFF, 0xFF, 0xFF, 0xFF, 0xFF, 0xFF, 0xFF, 0x93, 0xD2, 0xFF, 0xFF, 0xFF, 0xEF, 
0x00, 0x00, 0x00, 0x00, 0x00, 0x00, 0x00, 0x00, 0x00, 0xAC, 0xFF, 0xFF, 0xFF, 0xFF, 0x2F, 0x00, 
0x00, 0x00, 0x00, 0x01, 0x25, 0x00, 0x00, 0x84, 0xFF, 0xFF, 0xFF, 0xFF, 0xC0, 0x12, 0x00, 0x00, 
0x1F, 0xB9, 0xF4, 0x21, 0x00, 0x1D, 0xF6, 0xFF, 0xFF, 0xFF, 0xFF, 0xF1, 0xC9, 0xE3, 0xFF, 0xFF, 
0xFF, 0xBC, 0x00, 0x00, 0x80, 0xFF, 0xFF, 0xFF, 0xFF, 0xFF, 0xFF, 0xFF, 0xFF, 0xFF, 0xFF, 0xFF, 
0x42, 0x00, 0x09, 0xA2, 0xFF, 0xFF, 0xFF, 0xFF, 0xFF, 0xFF, 0xFF, 0xFF, 0xFF, 0x94, 0x01, 0x00, 
0x00, 0x00, 0x51, 0xD4, 0xFB, 0xFF, 0xFF, 0xFF, 0xFE, 0xC5, 0x45, 0x00, 0x00, 0x00, 0x00, 0x00, 
0x00, 0x00, 0x06, 0x2E, 0x43, 0x2F, 0x0A, 0x00, 0x00, 0x00, 0x00, 0x13, 0x1F, 0x1F, 0x1F, 0x1F, 
0x11, 0x00, 0x00, 0x00, 0x82, 0xFF, 0xFF, 0xFF, 0xFF, 0xE1, 0x0C, 0x00, 0x00, 0x01, 0xA6, 0xFF, 
0xFF, 0xFF, 0xFF, 0x91, 0x00, 0x00, 0x00, 0x06, 0xBC, 0xFF, 0xFF, 0xFF, 0xFD, 0x37, 0x00, 0x00, 
0x00, 0x0E, 0xCF, 0xFF, 0xFF, 0xFF, 0xD3, 0x05, 0x00, 0x00, 0x00, 0x19, 0xDF, 0xFF, 0xFF, 0xFF, 
0x71, 0x00, 0x00, 0x00, 0x00, 0x09, 0x14, 0x14, 0x14, 0x09, 0x00, 0x00, 0x00, 0x0C, 0x47, 0x47, 
0x47, 0x47, 0x21, 0x00, 0x00, 0x00, 0x3B, 0xFF, 0xFF, 0xFF, 0xFF, 0x87, 0x00, 0x00, 0x00, 0x3B, 
0xFF, 0xFF, 0xFF, 0xFF, 0x87, 0x00, 0x00, 0x00, 0x3B, 0xFF, 0xFF, 0xFF, 0xFF, 0x87, 0x00, 0x00, 
0x00, 0x3B, 0xFF, 0xFF, 0xFF, 0xFF, 0x87, 0x00, 0x00, 0x00, 0x3B, 0xFF, 0xFF, 0xFF, 0xFF, 0x87, 
0x00, 0x00, 0x00, 0x3B, 0xFF, 0xFF, 0xFF, 0xFF, 0x87, 0x00, 0x00, 0x00, 0x3B, 0xFF, 0xFF, 0xFF, 
0xFF, 0x87, 0x00, 0x00, 0x00, 0x3B, 0xFF, 0xFF, 0xFF, 0xFF, 0x87, 0x00, 0x00, 0x00, 0x3B, 0xFF, 
0xFF, 0xFF, 0xFF, 0x87, 0x00, 0x00, 0x00, 0x3B, 0xFF, 0xFF, 0xFF, 0xFF, 0x87, 0x00, 0x00, 0x00, 
0x3B, 0xFF, 0xFF, 0xFF, 0xFF, 0x87, 0x00, 0x00, 0x00, 0x3B, 0xFF, 0xFF, 0xFF, 0xFF, 0x87, 0x00, 
0x00, 0x00, 0x3B, 0xFF, 0xFF, 0xFF, 0xFF, 0x87, 0x00, 0x00, 0x00, 0x3B, 0xFF, 0xFF, 0xFF, 0xFF, 
0x87, 0x00, 0x00, 0x00, 0x3B, 0xFF, 0xFF, 0xFF, 0xFF, 0x87, 0x00, 0x00, 0x00, 0x3B, 0xFF, 0xFF, 
0xFF, 0xFF, 0x87, 0x00, 0x00, 0x00, 0x37, 0xFF, 0xFF, 0xFF, 0xFF, 0x83, 0x00, 0x00, 0x00, 0x04, 
0x1F, 0x1F, 0x1F, 0x1F, 0x1F, 0x01, 0x00, 0x00, 0x00, 0x7C, 0xFF, 0xFF, 0xFF, 0xFF, 0xE0, 0x0E, 
0x00, 0x00, 0x26, 0xF8, 0xFF, 0xFF, 0xFF, 0xEC, 0x27, 0x00, 0x00, 0x01, 0xC0, 0xFF, 0xFF, 0xFF, 
0xF6, 0x39, 0x00, 0x00, 0x00, 0x63, 0xFF, 0xFF, 0xFF, 0xFC, 0x4D, 0x00, 0x00, 0x00, 0x0A, 0xEE, 
0xFF, 0xFF, 0xFF, 0x64, 0x00, 0x00, 0x00, 0x00, 0x00, 0x13, 0x14, 0x14, 0x12, 0x00, 0x00, 0x00, 
0x00, 0x00, 0x0C, 0x47, 0x47, 0x47, 0x47, 0x21, 0x00, 0x00, 0x00, 0x00, 0x3B, 0xFF, 0xFF, 0xFF, 
0xFF, 0x87, 0x00, 0x00, 0x00, 0x00, 0x3B, 0xFF, 0xFF, 0xFF, 0xFF, 0x87, 0x00, 0x00, 0x00, 0x00, 
0x3B, 0xFF, 0xFF, 0xFF, 0xFF, 0x87, 0x00, 0x00, 0x00, 0x00, 0x3B, 0xFF, 0xFF, 0xFF, 0xFF, 0x87, 
0x00, 0x00, 0x00, 0x00, 0x3B, 0xFF, 0xFF, 0xFF, 0xFF, 0x87, 0x00, 0x00, 0x00, 0x00, 0x3B, 0xFF, 
0xFF, 0xFF, 0xFF, 0x87, 0x00, 0x00, 0x00, 0x00, 0x3B, 0xFF, 0xFF, 0xFF, 0xFF, 0x87, 0x00, 0x00, 
0x00, 0x00, 0x3B, 0xFF, 0xFF, 0xFF, 0xFF, 0x87, 0x00, 0x00, 0x00, 0x00, 0x3B, 0xFF, 0xFF, 0xFF, 
0xFF, 0x87, 0x00, 0x00, 0x00, 0x00, 0x3B, 0xFF, 0xFF, 0xFF, 0xFF, 0x87, 0x00, 0x00, 0x00, 0x00, 
0x3B, 0xFF, 0xFF, 0xFF, 0xFF, 0x87, 0x00, 0x00, 0x00, 0x00, 0x3B, 0xFF, 0xFF, 0xFF, 0xFF, 0x87, 
0x00, 0x00, 0x00, 0x00, 0x3B, 0xFF, 0xFF, 0xFF, 0xFF, 0x87, 0x00, 0x00, 0x00, 0x00, 0x3B, 0xFF, 
0xFF, 0xFF, 0xFF, 0x87, 0x00, 0x00, 0x00, 0x00, 0x3B, 0xFF, 0xFF, 0xFF, 0xFF, 0x87, 0x00, 0x00, 
0x00, 0x00, 0x3B, 0xFF, 0xFF, 0xFF, 0xFF, 0x87, 0x00, 0x00, 0x00, 0x00, 0x37, 0xFF, 0xFF, 0xFF, 
0xFF, 0x83, 0x00, 0x00, 0x00, 0x00, 0x00, 0x00, 0x00, 0x00, 0x0C, 0x27, 0x27, 0x1B, 0x00, 0x00, 
0x00, 0x00, 0x00, 0x00, 0x00, 0x0E, 0xCD, 0xFF, 0xFF, 0xF8, 0x44, 0x00, 0x00, 0x00, 0x00, 0x00, 
0x09, 0xC2, 0xFF, 0xFF, 0xFF, 0xFF, 0xF4, 0x39, 0x00, 0x00, 0x00, 0x05, 0xB6, 0xFF, 0xFF, 0xFF, 
0xFB, 0xFF, 0xFF, 0xEF, 0x30, 0x00, 0x02, 0xAA, 0xFF, 0xFF, 0xFF, 0x86, 0x32, 0xF4, 0xFF, 0xFF, 
0xE9, 0x27, 0x34, 0xC4, 0xC4, 0xC4, 0x92, 0x01, 0x00, 0x4A, 0xC4, 0xC4, 0xC4, 0x86, 0x00, 0x00, 
0x00, 0x00, 0x00, 0x00, 0x00, 0x00, 0x00, 0x00, 0x00, 0x00, 0x00, 0x00, 0x00, 0x0C, 0x47, 0x47, 
0x47, 0x47, 0x21, 0x00, 0x00, 0x00, 0x00, 0x00, 0x00, 0x3B, 0xFF, 0xFF, 0xFF, 0xFF, 0x87, 0x00, 
0x00, 0x00, 0x00, 0x00, 0x00, 0x3B, 0xFF, 0xFF, 0xFF, 0xFF, 0x87, 0x00, 0x00, 0x00, 0x00, 0x00, 
0x00, 0x3B, 0xFF, 0xFF, 0xFF, 0xFF, 0x87, 0x00, 0x00, 0x00, 0x00, 0x00, 0x00, 0x3B, 0xFF, 0xFF, 
0xFF, 0xFF, 0x87, 0x00, 0x00, 0x00, 0x00, 0x00, 0x00, 0x3B, 0xFF, 0xFF, 0xFF, 0xFF, 0x87, 0x00, 
0x00, 0x00, 0x00, 0x00, 0x00, 0x3B, 0xFF, 0xFF, 0xFF, 0xFF, 0x87, 0x00, 0x00, 0x00, 0x00, 0x00, 
0x00, 0x3B, 0xFF, 0xFF, 0xFF, 0xFF, 0x87, 0x00, 0x00, 0x00, 0x00, 0x00, 0x00, 0x3B, 0xFF, 0xFF, 
0xFF, 0xFF, 0x87, 0x00, 0x00, 0x00, 0x00, 0x00, 0x00, 0x3B, 0xFF, 0xFF, 0xFF, 0xFF, 0x87, 0x00, 
0x00, 0x00, 0x00, 0x00, 0x00, 0x3B, 0xFF, 0xFF, 0xFF, 0xFF, 0x87, 0x00, 0x00, 0x00, 0x00, 0x00, 
0x00, 0x3B, 0xFF, 0xFF, 0xFF, 0xFF, 0x87, 0x00, 0x00, 0x00, 0x00, 0x00, 0x00, 0x3B, 0xFF, 0xFF, 
0xFF, 0xFF, 0x87, 0x00, 0x00, 0x00, 0x00, 0x00, 0x00, 0x3B, 0xFF, 0xFF, 0xFF, 0xFF, 0x87, 0x00, 
0x00, 0x00, 0x00, 0x00, 0x00, 0x3B, 0xFF, 0xFF, 0xFF, 0xFF, 0x87, 0x00, 0x00, 0x00, 0x00, 0x00, 
0x00, 0x3B, 0xFF, 0xFF, 0xFF, 0xFF, 0x87, 0x00, 0x00, 0x00, 0x00, 0x00, 0x00, 0x3B, 0xFF, 0xFF, 
0xFF, 0xFF, 0x87, 0x00, 0x00, 0x00, 0x00, 0x00, 0x00, 0x37, 0xFF, 0xFF, 0xFF, 0xFF, 0x83, 0x00, 
0x00, 0x00, 0x00, 0x32, 0x67, 0x1A, 0x00, 0x00, 0x00, 0x00, 0x08, 0x54, 0x52, 0x06, 0x00, 0x86, 
0xFF, 0xFF, 0xFD, 0x41, 0x00, 0x00, 0x05, 0xE1, 0xFF, 0xFF, 0xDA, 0x03, 0xE6, 0xFF, 0xFF, 0xFF, 
0xA7, 0x00, 0x00, 0x45, 0xFF, 0xFF, 0xFF, 0xFF, 0x46, 0xBA, 0xFF, 0xFF, 0xFF, 0x7D, 0x00, 0x00, 
0x1F, 0xFC, 0xFF, 0xFF, 0xFB, 0x20, 0x2A, 0xA4, 0xD8, 0x8A, 0x0E, 0x00, 0x00, 0x00, 0x5D, 0xC5, 
0xC3, 0x58, 0x00, 0x00, 0x00, 0x00, 0x00, 0x00, 0x00, 0x00, 0x00, 0x00, 0x00, 0x00, 0x00, 0x00, 
0x00, 0x00, 0x00, 0x0C, 0x47, 0x47, 0x47, 0x47, 0x21, 0x00, 0x00, 0x00, 0x00, 0x00, 0x00, 0x00, 
0x3B, 0xFF, 0xFF, 0xFF, 0xFF, 0x87, 0x00, 0x00, 0x00, 0x00, 0x00, 0x00, 0x00, 0x3B, 0xFF, 0xFF, 
0xFF, 0xFF, 0x87, 0x00, 0x00, 0x00, 0x00, 0x00, 0x00, 0x00, 0x3B, 0xFF, 0xFF, 0xFF, 0xFF, 0x87, 
0x00, 0x00, 0x00, 0x00, 0x00, 0x00, 0x00, 0x3B, 0xFF, 0xFF, 0xFF, 0xFF, 0x87, 0x00, 0x00, 0x00, 
0x00, 0x00, 0x00, 0x00, 0x3B, 0xFF, 0xFF, 0xFF, 0xFF, 0x87, 0x00, 0x00, 0x00, 0x00, 0x00, 0x00, 
0x00, 0x3B, 0xFF, 0xFF, 0xFF, 0xFF, 0x87, 0x00, 0x00, 0x00, 0x00, 0x00, 0x00, 0x00, 0x3B, 0xFF, 
0xFF, 0xFF, 0xFF, 0x87, 0x00, 0x00, 0x00, 0x00, 0x00, 0x00, 0x00, 0x3B, 0xFF, 0xFF, 0xFF, 0xFF, 
0x87, 0x00, 0x00, 0x00, 0x00, 0x00, 0x00, 0x00, 0x3B, 0xFF, 0xFF, 0xFF, 0xFF, 0x87, 0x00, 0x00, 
0x00, 0x00, 0x00, 0x00, 0x00, 0x3B, 0xFF, 0xFF, 0xFF, 0xFF, 0x87, 0x00, 0x00, 0x00, 0x00, 0x00, 
0x00, 0x00, 0x3B, 0xFF, 0xFF, 0xFF, 0xFF, 0x87, 0x00, 0x00, 0x00, 0x00, 0x00, 0x00, 0x00, 0x3B, 
0xFF, 0xFF, 0xFF, 0xFF, 0x87, 0x00, 0x00, 0x00, 0x00, 0x00, 0x00, 0x00, 0x3B, 0xFF, 0xFF, 0xFF, 
0xFF, 0x87, 0x00, 0x00, 0x00, 0x00, 0x00, 0x00, 0x00, 0x3B, 0xFF, 0xFF, 0xFF, 0xFF, 0x87, 0x00, 
0x00, 0x00, 0x00, 0x00, 0x00, 0x00, 0x3B, 0xFF, 0xFF, 0xFF, 0xFF, 0x87, 0x00, 0x00, 0x00, 0x00, 
0x00, 0x00, 0x00, 0x3B, 0xFF, 0xFF, 0xFF, 0xFF, 0x87, 0x00, 0x00, 0x00, 0x00, 0x00, 0x00, 0x00, 
0x37, 0xFF, 0xFF, 0xFF, 0xFF, 0x83, 0x00, 0x00, 0x00, 0x00, 0x00, 0x00, 0x00, 0x00, 0x1B, 0x14, 
0x00, 0x00, 0x00, 0x34, 0x3F, 0x2D, 0x04, 0x00, 0x00, 0x00, 0x17, 0xC1, 0xFE, 0xFF, 0xAC, 0x25, 
0x0E, 0xF2, 0xFF, 0xFF, 0x0E, 0x00, 0x00, 0x01, 0xB8, 0xFF, 0xFF, 0xFF, 0xFF, 0xFE, 0xF8, 0xFF, 
0xFF, 0xDE, 0x00, 0x00, 0x00, 0x25, 0xFF, 0xFF, 0xFF, 0xFF, 0xFF, 0xFF, 0xFF, 0xFF, 0xFF, 0x8E, 
0x00, 0x00, 0x00, 0x56, 0xFF, 0xFF, 0xC5, 0x32, 0x94, 0xFC, 0xFF, 0xFF, 0xCA, 0x08, 0x00, 0x00, 
0x00, 0x2B, 0x70, 0x82, 0x44, 0x00, 0x00, 0x22, 0x5A, 0x36, 0x00, 0x00, 0x00, 0x00, 0x00, 0x00, 
0x00, 0x00, 0x00, 0x00, 0x00, 0x00, 0x00, 0x00, 0x00, 0x00, 0x00, 0x00, 0x2A, 0x47, 0x47, 0x47, 
0x3A, 0x00, 0x18, 0x57, 0x8E, 0x79, 0x41, 0x00, 0x00, 0x00, 0xA7, 0xFF, 0xFF, 0xFF, 0xDF, 0x62, 
0xFC, 0xFF, 0xFF, 0xFF, 0xFF, 0x9F, 0x06, 0x00, 0xA7, 0xFF, 0xFF, 0xFF, 0xFF, 0xFF, 0xFF, 0xFF, 
0xFF, 0xFF, 0xFF, 0xFF, 0x69, 0x00, 0xA7, 0xFF, 0xFF, 0xFF, 0xFF, 0xFF, 0xFF, 0xFF, 0xFF, 0xFF, 
0xFF, 0xFF, 0xDC, 0x01, 0xA7, 0xFF, 0xFF, 0xFF, 0xFF, 0xFF, 0x9B, 0xAB, 0xFF, 0xFF, 0xFF, 0xFF, 
0xFF, 0x19, 0xA7, 0xFF, 0xFF, 0xFF, 0xFF, 0x69, 0x00, 0x00, 0xB6, 0xFF, 0xFF, 0xFF, 0xFF, 0x35, 
0xA7, 0xFF, 0xFF, 0xFF, 0xFF, 0x1B, 0x00, 0x00, 0x7F, 0xFF, 0xFF, 0xFF, 0xFF, 0x50, 0xA7, 0xFF, 
0xFF, 0xFF, 0xFF, 0x1B, 0x00, 0x00, 0x68, 0xFF, 0xFF, 0xFF, 0xFF, 0x5B, 0xA7, 0xFF, 0xFF, 0xFF, 
0xFF, 0x1B, 0x00, 0x00, 0x67, 0xFF, 0xFF, 0xFF, 0xFF, 0x5B, 0xA7, 0xFF, 0xFF, 0xFF, 0xFF, 0x1B, 
0x00, 0x00, 0x67, 0xFF, 0xFF, 0xFF, 0xFF, 0x5B, 0xA7, 0xFF, 0xFF, 0xFF, 0xFF, 0x1B, 0x00, 0x00, 
0x67, 0xFF, 0xFF, 0xFF, 0xFF, 0x5B, 0xA7, 0xFF, 0xFF, 0xFF, 0xFF, 0x1B, 0x00, 0x00, 0x67, 0xFF, 
0xFF, 0xFF, 0xFF, 0x5B, 0xA7, 0xFF, 0xFF, 0xFF, 0xFF, 0x1B, 0x00, 0x00, 0x67, 0xFF, 0xFF, 0xFF, 
0xFF, 0x5B, 0xA7, 0xFF, 0xFF, 0xFF, 0xFF, 0x1B, 0x00, 0x00, 0x67, 0xFF, 0xFF, 0xFF, 0xFF, 0x5B, 
0xA7, 0xFF, 0xFF, 0xFF, 0xFF, 0x1B, 0x00, 0x00, 0x67, 0xFF, 0xFF, 0xFF, 0xFF, 0x5B, 0xA7, 0xFF, 
0xFF, 0xFF, 0xFF, 0x1B, 0x00, 0x00, 0x67, 0xFF, 0xFF, 0xFF, 0xFF, 0x5B, 0xA7, 0xFF, 0xFF, 0xFF, 
0xFF, 0x1B, 0x00, 0x00, 0x67, 0xFF, 0xFF, 0xFF, 0xFF, 0x5B, 0xA3, 0xFF, 0xFF, 0xFF, 0xFF, 0x17, 
0x00, 0x00, 0x63, 0xFF, 0xFF, 0xFF, 0xFF, 0x57, 0x00, 0x01, 0x5B, 0x5F, 0x5F, 0x5F, 0x5F, 0x22, 
0x00, 0x00, 0x00, 0x00, 0x00, 0x00, 0x00, 0x00, 0x00, 0x9C, 0xFF, 0xFF, 0xFF, 0xFF, 0xCB, 0x03, 
0x00, 0x00, 0x00, 0x00, 0x00, 0x00, 0x00, 0x00, 0x03, 0xB3, 0xFF, 0xFF, 0xFF, 0xFF, 0x72, 0x00, 
0x00, 0x00, 0x00, 0x00, 0x00, 0x00, 0x00, 0x00, 0x0A, 0xC7, 0xFF, 0xFF, 0xFF, 0xF5, 0x21, 0x00, 
0x00, 0x00, 0x00, 0x00, 0x00, 0x00, 0x00, 0x00, 0x13, 0xD8, 0xFF, 0xFF, 0xFF, 0xB9, 0x00, 0x00, 
0x00, 0x00, 0x00, 0x00, 0x00, 0x00, 0x00, 0x00, 0x20, 0xC9, 0xD4, 0xD4, 0xD4, 0x2E, 0x00, 0x00, 
0x00, 0x00, 0x00, 0x00, 0x00, 0x00, 0x00, 0x00, 0x00, 0x00, 0x00, 0x00, 0x00, 0x00, 0x00, 0x00, 
0x00, 0x00, 0x00, 0x00, 0x00, 0x01, 0x28, 0x59, 0x89, 0x84, 0x54, 0x23, 0x00, 0x00, 0x00, 0x00, 
0x00, 0x00, 0x00, 0x17, 0xBA, 0xFF, 0xFF, 0xFF, 0xFF, 0xFF, 0xFF, 0xA7, 0x0E, 0x00, 0x00, 0x00, 
0x00, 0x2D, 0xE8, 0xFF, 0xFF, 0xFF, 0xFF, 0xFF, 0xFF, 0xFF, 0xFF, 0xDD, 0x1E, 0x00, 0x00, 0x00, 
0xBC, 0xFF, 0xFF, 0xFF, 0xFF, 0xFF, 0xFF, 0xFF, 0xFF, 0xFF, 0xFF, 0xA3, 0x00, 0x00, 0x44, 0xFF, 
0xFF, 0xFF, 0xFF, 0xFC, 0x9C, 0xA6, 0xFF, 0xFF, 0xFF, 0xFF, 0xFE, 0x2F, 0x00, 0xA3, 0xFF, 0xFF, 
0xFF, 0xFF, 0x70, 0x00, 0x00, 0x8B, 0xFF, 0xFF, 0xFF, 0xFF, 0x8D, 0x00, 0xC6, 0xFF, 0xFF, 0xFF, 
0xF6, 0x0C, 0x00, 0x00, 0x1E, 0xFE, 0xFF, 0xFF, 0xFF, 0xB0, 0x00, 0xE8, 0xFF, 0xFF, 0xFF, 0xCE, 
0x00, 0x00, 0x00, 0x00, 0xE8, 0xFF, 0xFF, 0xFF, 0xD4, 0x09, 0xFF, 0xFF, 0xFF, 0xFF, 0xBE, 0x00, 
0x00, 0x00, 0x00, 0xD2, 0xFF, 0xFF, 0xFF, 0xF4, 0x0E, 0xFE, 0xFF, 0xFF, 0xFF, 0xB0, 0x00, 0x00, 
0x00, 0x00, 0xC8, 0xFF, 0xFF, 0xFF, 0xFB, 0x04, 0xFC, 0xFF, 0xFF, 0xFF, 0xBE, 0x00, 0x00, 0x00, 
0x00, 0xD5, 0xFF, 0xFF, 0xFF, 0xED, 0x00, 0xDF, 0xFF, 0xFF, 0xFF, 0xD5, 0x00, 0x00, 0x00, 0x00, 
0xE9, 0xFF, 0xFF, 0xFF, 0xCA, 0x00, 0xBC, 0xFF, 0xFF, 0xFF, 0xFD, 0x1A, 0x00, 0x00, 0x27, 0xFF, 
0xFF, 0xFF, 0xFF, 0xA7, 0x00, 0x92, 0xFF, 0xFF, 0xFF, 0xFF, 0x9E, 0x00, 0x02, 0xA8, 0xFF, 0xFF, 
0xFF, 0xFF, 0x7C, 0x00, 0x23, 0xFA, 0xFF, 0xFF, 0xFF, 0xFF, 0xDF, 0xE2, 0xFF, 0xFF, 0xFF, 0xFF, 
0xF2, 0x15, 0x00, 0x00, 0x94, 0xFF, 0xFF, 0xFF, 0xFF, 0xFF, 0xFF, 0xFF, 0xFF, 0xFF, 0xFF, 0x7E, 
0x00, 0x00, 0x00, 0x11, 0xB5, 0xFF, 0xFF, 0xFF, 0xFF, 0xFF, 0xFF, 0xFF, 0xFF, 0xA7, 0x0A, 0x00, 
0x00, 0x00, 0x00, 0x01, 0x71, 0xE1, 0xFF, 0xFF, 0xFF, 0xFF, 0xDE, 0x63, 0x00, 0x00, 0x00, 0x00, 
0x00, 0x00, 0x00, 0x00, 0x00, 0x12, 0x41, 0x3E, 0x0F, 0x00, 0x00, 0x00, 0x00, 0x00, 0x00, 0x00, 
0x00, 0x00, 0x00, 0x00, 0x00, 0x00, 0x30, 0x5F, 0x5F, 0x5F, 0x5F, 0x4D, 0x00, 0x00, 0x00, 0x00, 
0x00, 0x00, 0x00, 0x00, 0x0D, 0xE3, 0xFF, 0xFF, 0xFF, 0xFF, 0x74, 0x00, 0x00, 0x00, 0x00, 0x00, 
0x00, 0x00, 0x00, 0x93, 0xFF, 0xFF, 0xFF, 0xFF, 0x8F, 0x00, 0x00, 0x00, 0x00, 0x00, 0x00, 0x00, 
0x00, 0x38, 0xFD, 0xFF, 0xFF, 0xFF, 0xA7, 0x01, 0x00, 0x00, 0x00, 0x00, 0x00, 0x00, 0x00, 0x05, 
0xD2, 0xFF, 0xFF, 0xFF, 0xBD, 0x06, 0x00, 0x00, 0x00, 0x00, 0x00, 0x00, 0x00, 0x00, 0x45, 0xD4, 
0xD4, 0xD4, 0xBA, 0x0E, 0x00, 0x00, 0x00, 0x00, 0x00, 0x00, 0x00, 0x00, 0x00, 0x00, 0x00, 0x00, 
0x00, 0x00, 0x00, 0x00, 0x00, 0x00, 0x00, 0x00, 0x00, 0x00, 0x00, 0x01, 0x28, 0x59, 0x89, 0x84, 
0x54, 0x23, 0x00, 0x00, 0x00, 0x00, 0x00, 0x00, 0x00, 0x17, 0xBA, 0xFF, 0xFF, 0xFF, 0xFF, 0xFF, 
0xFF, 0xA7, 0x0E, 0x00, 0x00, 0x00, 0x00, 0x2D, 0xE8, 0xFF, 0xFF, 0xFF, 0xFF, 0xFF, 0xFF, 0xFF, 
0xFF, 0xDD, 0x1E, 0x00, 0x00, 0x00, 0xBC, 0xFF, 0xFF, 0xFF, 0xFF, 0xFF, 0xFF, 0xFF, 0xFF, 0xFF, 
0xFF, 0xA3, 0x00, 0x00, 0x44, 0xFF, 0xFF, 0xFF, 0xFF, 0xFC, 0x9C, 0xA6, 0xFF, 0xFF, 0xFF, 0xFF, 
0xFE, 0x2F, 0x00, 0xA3, 0xFF, 0xFF, 0xFF, 0xFF, 0x70, 0x00, 0x00, 0x8B, 0xFF, 0xFF, 0xFF, 0xFF, 
0x8D, 0x00, 0xC6, 0xFF, 0xFF, 0xFF, 0xF6, 0x0C, 0x00, 0x00, 0x1E, 0xFE, 0xFF, 0xFF, 0xFF, 0xB0, 
0x00, 0xE8, 0xFF, 0xFF, 0xFF, 0xCE, 0x00, 0x00, 0x00, 0x00, 0xE8, 0xFF, 0xFF, 0xFF, 0xD4, 0x09, 
0xFF, 0xFF, 0xFF, 0xFF, 0xBE, 0x00, 0x00, 0x00, 0x00, 0xD2, 0xFF, 0xFF, 0xFF, 0xF4, 0x0E, 0xFE, 
0xFF, 0xFF, 0xFF, 0xB0, 0x00, 0x00, 0x00, 0x00, 0xC8, 0xFF, 0xFF, 0xFF, 0xFB, 0x04, 0xFC, 0xFF, 
0xFF, 0xFF, 0xBE, 0x00, 0x00, 0x00, 0x00, 0xD5, 0xFF, 0xFF, 0xFF, 0xED, 0x00, 0xDF, 0xFF, 0xFF, 
0xFF, 0xD5, 0x00, 0x00, 0x00, 0x00, 0xE9, 0xFF, 0xFF, 0xFF, 0xCA, 0x00, 0xBC, 0xFF, 0xFF, 0xFF, 
0xFD, 0x1A, 0x00, 0x00, 0x27, 0xFF, 0xFF, 0xFF, 0xFF, 0xA7, 0x00, 0x92, 0xFF, 0xFF, 0xFF, 0xFF, 
0x9E, 0x00, 0x02, 0xA8, 0xFF, 0xFF, 0xFF, 0xFF, 0x7C, 0x00, 0x23, 0xFA, 0xFF, 0xFF, 0xFF, 0xFF, 
0xDF, 0xE2, 0xFF, 0xFF, 0xFF, 0xFF, 0xF2, 0x15, 0x00, 0x00, 0x94, 0xFF, 0xFF, 0xFF, 0xFF, 0xFF, 
0xFF, 0xFF, 0xFF, 0xFF, 0xFF, 0x7E, 0x00, 0x00, 0x00, 0x11, 0xB5, 0xFF, 0xFF, 0xFF, 0xFF, 0xFF, 
0xFF, 0xFF, 0xFF, 0xA7, 0x0A, 0x00, 0x00, 0x00, 0x00, 0x01, 0x71, 0xE1, 0xFF, 0xFF, 0xFF, 0xFF, 
0xDE, 0x63, 0x00, 0x00, 0x00, 0x00, 0x00, 0x00, 0x00, 0x00, 0x00, 0x12, 0x41, 0x3E, 0x0F, 0x00, 
0x00, 0x00, 0x00, 0x00, 0x00, 0x00, 0x00, 0x00, 0x00, 0x00, 0x46, 0x63, 0x63, 0x33, 0x00, 0x00, 
0x00, 0x00, 0x00, 0x00, 0x00, 0x00, 0x00, 0x00, 0x5E, 0xFE, 0xFF, 0xFF, 0xF4, 0x39, 0x00, 0x00, 
0x00, 0x00, 0x00, 0x00, 0x00, 0x00, 0x50, 0xFC, 0xFF, 0xFF, 0xFF, 0xFF, 0xEF, 0x2F, 0x00, 0x00, 
0x00, 0x00, 0x00, 0x00, 0x44, 0xF8, 0xFF, 0xFF, 0xE3, 0xF0, 0xFF, 0xFF, 0xE9, 0x26, 0x00, 0x00, 
0x00, 0x00, 0x38, 0xF4, 0xFF, 0xFF, 0xE8, 0x21, 0x40, 0xF9, 0xFF, 0xFF, 0xE2, 0x1E, 0x00, 0x00, 
0x00, 0x4C, 0x87, 0x87, 0x87, 0x32, 0x00, 0x00, 0x4B, 0x87, 0x87, 0x87, 0x39, 0x00, 0x00, 0x00, 
0x00, 0x00, 0x00, 0x00, 0x00, 0x00, 0x00, 0x00, 0x00, 0x00, 0x00, 0x00, 0x00, 0x00, 0x00, 0x00, 
0x00, 0x01, 0x28, 0x59, 0x89, 0x84, 0x54, 0x23, 0x00, 0x00, 0x00, 0x00, 0x00, 0x00, 0x00, 0x17, 
0xBA, 0xFF, 0xFF, 0xFF, 0xFF, 0xFF, 0xFF, 0xA7, 0x0E, 0x00, 0x00, 0x00, 0x00, 0x2D, 0xE8, 0xFF, 
0xFF, 0xFF, 0xFF, 0xFF, 0xFF, 0xFF, 0xFF, 0xDD, 0x1E, 0x00, 0x00, 0x00, 0xBC, 0xFF, 0xFF, 0xFF, 
0xFF, 0xFF, 0xFF, 0xFF, 0xFF, 0xFF, 0xFF, 0xA3, 0x00, 0x00, 0x44, 0xFF, 0xFF, 0xFF, 0xFF, 0xFC, 
0x9C, 0xA6, 0xFF, 0xFF, 0xFF, 0xFF, 0xFE, 0x2F, 0x00, 0xA3, 0xFF, 0xFF, 0xFF, 0xFF, 0x70, 0x00, 
0x00, 0x8B, 0xFF, 0xFF, 0xFF, 0xFF, 0x8D, 0x00, 0xC6, 0xFF, 0xFF, 0xFF, 0xF6, 0x0C, 0x00, 0x00, 
0x1E, 0xFE, 0xFF, 0xFF, 0xFF, 0xB0, 0x00, 0xE8, 0xFF, 0xFF, 0xFF, 0xCE, 0x00, 0x00, 0x00, 0x00, 
0xE8, 0xFF, 0xFF, 0xFF, 0xD4, 0x09, 0xFF, 0xFF, 0xFF, 0xFF, 0xBE, 0x00, 0x00, 0x00, 0x00, 0xD2, 
0xFF, 0xFF, 0xFF, 0xF4, 0x0E, 0xFE, 0xFF, 0xFF, 0xFF, 0xB0, 0x00, 0x00, 0x00, 0x00, 0xC8, 0xFF, 
0xFF, 0xFF, 0xFB, 0x04, 0xFC, 0xFF, 0xFF, 0xFF, 0xBE, 0x00, 0x00, 0x00, 0x00, 0xD5, 0xFF, 0xFF, 
0xFF, 0xED, 0x00, 0xDF, 0xFF, 0xFF, 0xFF, 0xD5, 0x00, 0x00, 0x00, 0x00, 0xE9, 0xFF, 0xFF, 0xFF, 
0xCA, 0x00, 0xBC, 0xFF, 0xFF, 0xFF, 0xFD, 0x1A, 0x00, 0x00, 0x27, 0xFF, 0xFF, 0xFF, 0xFF, 0xA7, 
0x00, 0x92, 0xFF, 0xFF, 0xFF, 0xFF, 0x9E, 0x00, 0x02, 0xA8, 0xFF, 0xFF, 0xFF, 0xFF, 0x7C, 0x00, 
0x23, 0xFA, 0xFF, 0xFF, 0xFF, 0xFF, 0xDF, 0xE2, 0xFF, 0xFF, 0xFF, 0xFF, 0xF2, 0x15, 0x00, 0x00, 
0x94, 0xFF, 0xFF, 0xFF, 0xFF, 0xFF, 0xFF, 0xFF, 0xFF, 0xFF, 0xFF, 0x7E, 0x00, 0x00, 0x00, 0x11, 
0xB5, 0xFF, 0xFF, 0xFF, 0xFF, 0xFF, 0xFF, 0xFF, 0xFF, 0xA7, 0x0A, 0x00, 0x00, 0x00, 0x00, 0x01, 
0x71, 0xE1, 0xFF, 0xFF, 0xFF, 0xFF, 0xDE, 0x63, 0x00, 0x00, 0x00, 0x00, 0x00, 0x00, 0x00, 0x00, 
0x00, 0x12, 0x41, 0x3E, 0x0F, 0x00, 0x00, 0x00, 0x00, 0x00, 0x00, 0x00, 0x00, 0x00, 0x00, 0x1A, 
0x16, 0x00, 0x00, 0x00, 0x32, 0x40, 0x2E, 0x05, 0x00, 0x00, 0x00, 0x00, 0x13, 0xBD, 0xFE, 0xFF, 
0xB1, 0x28, 0x0B, 0xED, 0xFF, 0xFF, 0x15, 0x00, 0x00, 0x00, 0x00, 0xB1, 0xFF, 0xFF, 0xFF, 0xFF, 
0xFF, 0xF8, 0xFF, 0xFF, 0xE6, 0x00, 0x00, 0x00, 0x00, 0x1D, 0xFF, 0xFF, 0xFF, 0xFF, 0xFF, 0xFF, 
0xFF, 0xFF, 0xFF, 0x96, 0x00, 0x00, 0x00, 0x00, 0x4E, 0xFF, 0xFF, 0xCA, 0x32, 0x8F, 0xFB, 0xFF, 
0xFF, 0xCF, 0x0B, 0x00, 0x00, 0x00, 0x00, 0x28, 0x70, 0x81, 0x49, 0x00, 0x00, 0x1F, 0x59, 0x39, 
0x00, 0x00, 0x00, 0x00, 0x00, 0x00, 0x00, 0x00, 0x00, 0x00, 0x00, 0x00, 0x00, 0x00, 0x00, 0x00, 
0x00, 0x00, 0x00, 0x00, 0x00, 0x00, 0x00, 0x01, 0x28, 0x59, 0x89, 0x84, 0x54, 0x23, 0x00, 0x00, 
0x00, 0x00, 0x00, 0x00, 0x00, 0x17, 0xBA, 0xFF, 0xFF, 0xFF, 0xFF, 0xFF, 0xFF, 0xA7, 0x0E, 0x00, 
0x00, 0x00, 0x00, 0x2D, 0xE8, 0xFF, 0xFF, 0xFF, 0xFF, 0xFF, 0xFF, 0xFF, 0xFF, 0xDD, 0x1E, 0x00, 
0x00, 0x00, 0xBC, 0xFF, 0xFF, 0xFF, 0xFF, 0xFF, 0xFF, 0xFF, 0xFF, 0xFF, 0xFF, 0xA3, 0x00, 0x00, 
0x44, 0xFF, 0xFF, 0xFF, 0xFF, 0xFC, 0x9C, 0xA6, 0xFF, 0xFF, 0xFF, 0xFF, 0xFE, 0x2F, 0x00, 0xA3, 
0xFF, 0xFF, 0xFF, 0xFF, 0x70, 0x00, 0x00, 0x8B, 0xFF, 0xFF, 0xFF, 0xFF, 0x8D, 0x00, 0xC6, 0xFF, 
0xFF, 0xFF, 0xF6, 0x0C, 0x00, 0x00, 0x1E, 0xFE, 0xFF, 0xFF, 0xFF, 0xB0, 0x00, 0xE8, 0xFF, 0xFF, 
0xFF, 0xCE, 0x00, 0x00, 0x00, 0x00, 0xE8, 0xFF, 0xFF, 0xFF, 0xD4, 0x09, 0xFF, 0xFF, 0xFF, 0xFF, 
0xBE, 0x00, 0x00, 0x00, 0x00, 0xD2, 0xFF, 0xFF, 0xFF, 0xF4, 0x0E, 0xFE, 0xFF, 0xFF, 0xFF, 0xB0, 
0x00, 0x00, 0x00, 0x00, 0xC8, 0xFF, 0xFF, 0xFF, 0xFB, 0x04, 0xFC, 0xFF, 0xFF, 0xFF, 0xBE, 0x00, 
0x00, 0x00, 0x00, 0xD5, 0xFF, 0xFF, 0xFF, 0xED, 0x00, 0xDF, 0xFF, 0xFF, 0xFF, 0xD5, 0x00, 0x00, 
0x00, 0x00, 0xE9, 0xFF, 0xFF, 0xFF, 0xCA, 0x00, 0xBC, 0xFF, 0xFF, 0xFF, 0xFD, 0x1A, 0x00, 0x00, 
0x27, 0xFF, 0xFF, 0xFF, 0xFF, 0xA7, 0x00, 0x92, 0xFF, 0xFF, 0xFF, 0xFF, 0x9E, 0x00, 0x02, 0xA8, 
0xFF, 0xFF, 0xFF, 0xFF, 0x7C, 0x00, 0x23, 0xFA, 0xFF, 0xFF, 0xFF, 0xFF, 0xDF, 0xE2, 0xFF, 0xFF, 
0xFF, 0xFF, 0xF2, 0x15, 0x00, 0x00, 0x94, 0xFF, 0xFF, 0xFF, 0xFF, 0xFF, 0xFF, 0xFF, 0xFF, 0xFF, 
0xFF, 0x7E, 0x00, 0x00, 0x00, 0x11, 0xB5, 0xFF, 0xFF, 0xFF, 0xFF, 0xFF, 0xFF, 0xFF, 0xFF, 0xA7, 
0x0A, 0x00, 0x00, 0x00, 0x00, 0x01, 0x71, 0xE1, 0xFF, 0xFF, 0xFF, 0xFF, 0xDE, 0x63, 0x00, 0x00, 
0x00, 0x00, 0x00, 0x00, 0x00, 0x00, 0x00, 0x12, 0x41, 0x3E, 0x0F, 0x00, 0x00, 0x00, 0x00, 0x00, 
0x00, 0x00, 0x2B, 0x8E, 0x98, 0x38, 0x00, 0x00, 0x00, 0x02, 0x53, 0xA6, 0x77, 0x16, 0x00, 0x00, 
0x09, 0xEB, 0xFF, 0xFF, 0xF9, 0x19, 0x00, 0x00, 0x53, 0xFF, 0xFF, 0xFF, 0xB2, 0x00, 0x00, 0x35, 
0xFF, 0xFF, 0xFF, 0xFF, 0x63, 0x00, 0x00, 0x95, 0xFF, 0xFF, 0xFF, 0xFC, 0x06, 0x00, 0x05, 0xE5, 
0xFF, 0xFF, 0xF8, 0x1A, 0x00, 0x00, 0x4B, 0xFF, 0xFF, 0xFF, 0xB2, 0x00, 0x00, 0x00, 0x21, 0x7F, 
0x89, 0x2D, 0x00, 0x00, 0x00, 0x01, 0x44, 0x97, 0x68, 0x0F, 0x00, 0x00, 0x00, 0x00, 0x00, 0x00, 
0x00, 0x00, 0x00, 0x00, 0x00, 0x00, 0x00, 0x00, 0x00, 0x00, 0x00, 0x00, 0x00, 0x00, 0x01, 0x28, 
0x59, 0x89, 0x84, 0x54, 0x23, 0x00, 0x00, 0x00, 0x00, 0x00, 0x00, 0x00, 0x17, 0xBA, 0xFF, 0xFF, 
0xFF, 0xFF, 0xFF, 0xFF, 0xA7, 0x0E, 0x00, 0x00, 0x00, 0x00, 0x2D, 0xE8, 0xFF, 0xFF, 0xFF, 0xFF, 
0xFF, 0xFF, 0xFF, 0xFF, 0xDD, 0x1E, 0x00, 0x00, 0x00, 0xBC, 0xFF, 0xFF, 0xFF, 0xFF, 0xFF, 0xFF, 
0xFF, 0xFF, 0xFF, 0xFF, 0xA3, 0x00, 0x00, 0x44, 0xFF, 0xFF, 0xFF, 0xFF, 0xFC, 0x9C, 0xA6, 0xFF, 
0xFF, 0xFF, 0xFF, 0xFE, 0x2F, 0x00, 0xA3, 0xFF, 0xFF, 0xFF, 0xFF, 0x70, 0x00, 0x00, 0x8B, 0xFF, 
0xFF, 0xFF, 0xFF, 0x8D, 0x00, 0xC6, 0xFF, 0xFF, 0xFF, 0xF6, 0x0C, 0x00, 0x00, 0x1E, 0xFE, 0xFF, 
0xFF, 0xFF, 0xB0, 0x00, 0xE8, 0xFF, 0xFF, 0xFF, 0xCE, 0x00, 0x00, 0x00, 0x00, 0xE8, 0xFF, 0xFF, 
0xFF, 0xD4, 0x09, 0xFF, 0xFF, 0xFF, 0xFF, 0xBE, 0x00, 0x00, 0x00, 0x00, 0xD2, 0xFF, 0xFF, 0xFF, 
0xF4, 0x0E, 0xFE, 0xFF, 0xFF, 0xFF, 0xB0, 0x00, 0x00, 0x00, 0x00, 0xC8, 0xFF, 0xFF, 0xFF, 0xFB, 
0x04, 0xFC, 0xFF, 0xFF, 0xFF, 0xBE, 0x00, 0x00, 0x00, 0x00, 0xD5, 0xFF, 0xFF, 0xFF, 0xED, 0x00, 
0xDF, 0xFF, 0xFF, 0xFF, 0xD5, 0x00, 0x00, 0x00, 0x00, 0xE9, 0xFF, 0xFF, 0xFF, 0xCA, 0x00, 0xBC, 
0xFF, 0xFF, 0xFF, 0xFD, 0x1A, 0x00, 0x00, 0x27, 0xFF, 0xFF, 0xFF, 0xFF, 0xA7, 0x00, 0x92, 0xFF, 
0xFF, 0xFF, 0xFF, 0x9E, 0x00, 0x02, 0xA8, 0xFF, 0xFF, 0xFF, 0xFF, 0x7C, 0x00, 0x23, 0xFA, 0xFF, 
0xFF, 0xFF, 0xFF, 0xDF, 0xE2, 0xFF, 0xFF, 0xFF, 0xFF, 0xF2, 0x15, 0x00, 0x00, 0x94, 0xFF, 0xFF, 
0xFF, 0xFF, 0xFF, 0xFF, 0xFF, 0xFF, 0xFF, 0xFF, 0x7E, 0x00, 0x00, 0x00, 0x11, 0xB5, 0xFF, 0xFF, 
0xFF, 0xFF, 0xFF, 0xFF, 0xFF, 0xFF, 0xA7, 0x0A, 0x00, 0x00, 0x00, 0x00, 0x01, 0x71, 0xE1, 0xFF, 
0xFF, 0xFF, 0xFF, 0xDE, 0x63, 0x00, 0x00, 0x00, 0x00, 0x00, 0x00, 0x00, 0x00, 0x00, 0x12, 0x41, 
0x3E, 0x0F, 0x00, 0x00, 0x00, 0x00, 0x00, 0x00, 0x00, 0x00, 0x00, 0x00, 0x02, 0x4E, 0xAA, 0x9A, 
0x38, 0x00, 0x00, 0x00, 0x00, 0x00, 0x00, 0x00, 0x00, 0x00, 0x00, 0x48, 0xFF, 0xFF, 0xFF, 0xFB, 
0x17, 0x00, 0x00, 0x00, 0x00, 0x00, 0x00, 0x00, 0x00, 0x00, 0x99, 0xFF, 0xFF, 0xFF, 0xFF, 0x6C, 
0x00, 0x00, 0x00, 0x00, 0x00, 0x00, 0x00, 0x00, 0x00, 0x7F, 0xFF, 0xFF, 0xFF, 0xFF, 0x49, 0x00, 
0x00, 0x00, 0x00, 0x00, 0x00, 0x00, 0x00, 0x00, 0x1E, 0xDE, 0xFF, 0xFF, 0xC4, 0x03, 0x00, 0x00, 
0x00, 0x00, 0x00, 0x00, 0x00, 0x00, 0x00, 0x00, 0x01, 0x3C, 0x2C, 0x00, 0x00, 0x00, 0x00, 0x00, 
0x00, 0x00, 0x00, 0x00, 0x00, 0x00, 0x00, 0x00, 0x00, 0x00, 0x00, 0x00, 0x00, 0x00, 0x00, 0x00, 
0x09, 0xE2, 0xE5, 0xE5, 0xE5, 0xE5, 0xE5, 0xE5, 0xE5, 0xE5, 0xE5, 0xE5, 0xE5, 0xE5, 0xC6, 0x0D, 
0xFF, 0xFF, 0xFF, 0xFF, 0xFF, 0xFF, 0xFF, 0xFF, 0xFF, 0xFF, 0xFF, 0xFF, 0xFF, 0xE2, 0x0D, 0xFF, 
0xFF, 0xFF, 0xFF, 0xFF, 0xFF, 0xFF, 0xFF, 0xFF, 0xFF, 0xFF, 0xFF, 0xFF, 0xE2, 0x0C, 0xFF, 0xFF, 
0xFF, 0xFF, 0xFF, 0xFF, 0xFF, 0xFF, 0xFF, 0xFF, 0xFF, 0xFF, 0xFF, 0xE0, 0x00, 0x0E, 0x10, 0x10, 
0x10, 0x10, 0x10, 0x10, 0x10, 0x10, 0x10, 0x10, 0x10, 0x10, 0x0B, 0x00, 0x00, 0x00, 0x00, 0x00, 
0x00, 0x00, 0x06, 0x03, 0x00, 0x00, 0x00, 0x00, 0x00, 0x00, 0x00, 0x00, 0x00, 0x00, 0x00, 0x0D, 
0x9D, 0xF2, 0xE6, 0x81, 0x00, 0x00, 0x00, 0x00, 0x00, 0x00, 0x00, 0x00, 0x00, 0x00, 0x66, 0xFF, 
0xFF, 0xFF, 0xFF, 0x30, 0x00, 0x00, 0x00, 0x00, 0x00, 0x00, 0x00, 0x00, 0x00, 0xA1, 0xFF, 0xFF, 
0xFF, 0xFF, 0x73, 0x00, 0x00, 0x00, 0x00, 0x00, 0x00, 0x00, 0x00, 0x00, 0x60, 0xFF, 0xFF, 0xFF, 
0xFF, 0x2B, 0x00, 0x00, 0x00, 0x00, 0x00, 0x00, 0x00, 0x00, 0x00, 0x0A, 0x8D, 0xE2, 0xD9, 0x72, 
0x00, 0x00, 0x00, 0x00, 0x00, 0x00, 0x00, 0x00, 0x00, 0x00, 0x00, 0x00, 0x00, 0x00, 0x00, 0x08, 
0x5E, 0x5E, 0x38, 0x00, 0x00, 0x00, 0x00, 0x00, 0x00, 0x00, 0x00, 0x00, 0x00, 0x00, 0x5F, 0xFF, 
0xFF, 0x7C, 0x00, 0x00, 0x00, 0x00, 0x00, 0x00, 0x17, 0x4F, 0x87, 0x81, 0x49, 0xDA, 0xFF, 0xFA, 
0x18, 0x00, 0x00, 0x00, 0x00, 0x08, 0xA5, 0xFF, 0xFF, 0xFF, 0xFF, 0xFF, 0xFF, 0xFF, 0xAE, 0x00, 
0x00, 0x00, 0x00, 0x14, 0xC6, 0xFF, 0xFF, 0xFF, 0xFF, 0xFF, 0xFF, 0xFF, 0xFF, 0xF7, 0x0B, 0x00, 
0x00, 0x00, 0x98, 0xFF, 0xFF, 0xFF, 0xFF, 0xFF, 0xFF, 0xFF, 0xFF, 0xFF, 0xFF, 0x7F, 0x00, 0x00, 
0x1A, 0xF8, 0xFF, 0xFF, 0xFF, 0xFB, 0xA5, 0xFF, 0xFF, 0xFF, 0xFF, 0xFF, 0xED, 0x0C, 0x00, 0x87, 
0xFF, 0xFF, 0xFF, 0xFF, 0x7F, 0x00, 0xD5, 0xFF, 0xFF, 0xFF, 0xFF, 0xFF, 0x6E, 0x00, 0xB9, 0xFF, 
0xFF, 0xFF, 0xFE, 0x13, 0x3E, 0xFF, 0xFF, 0xFF, 0xFF, 0xFF, 0xFF, 0xA0, 0x00, 0xDA, 0xFF, 0xFF, 
0xFF, 0xD8, 0x00, 0xA7, 0xFF, 0xFF, 0xFF, 0xFF, 0xFF, 0xFF, 0xC1, 0x02, 0xF9, 0xFF, 0xFF, 0xFF, 
0xC3, 0x17, 0xF9, 0xFF, 0xCB, 0xD9, 0xFF, 0xFF, 0xFF, 0xE3, 0x0A, 0xFD, 0xFF, 0xFF, 0xFF, 0xBE, 
0x79, 0xFF, 0xFF, 0x62, 0xCF, 0xFF, 0xFF, 0xFF, 0xF3, 0x00, 0xF3, 0xFF, 0xFF, 0xFF, 0xC9, 0xE0, 
0xFF, 0xEF, 0x0A, 0xDD, 0xFF, 0xFF, 0xFF, 0xDA, 0x00, 0xD1, 0xFF, 0xFF, 0xFF, 0xFF, 0xFF, 0xFF, 
0x90, 0x04, 0xF5, 0xFF, 0xFF, 0xFF, 0xB9, 0x00, 0xB0, 0xFF, 0xFF, 0xFF, 0xFF, 0xFF, 0xFF, 0x28, 
0x3A, 0xFF, 0xFF, 0xFF, 0xFF, 0x97, 0x00, 0x6D, 0xFF, 0xFF, 0xFF, 0xFF, 0xFF, 0xC0, 0x04, 0xC1, 
0xFF, 0xFF, 0xFF, 0xFF, 0x54, 0x00, 0x09, 0xE9, 0xFF, 0xFF, 0xFF, 0xFF, 0xFF, 0xEC, 0xFF, 0xFF, 
0xFF, 0xFF, 0xD8, 0x02, 0x00, 0x00, 0x76, 0xFF, 0xFF, 0xFF, 0xFF, 0xFF, 0xFF, 0xFF, 0xFF, 0xFF, 
0xFF, 0x5D, 0x00, 0x00, 0x00, 0x01, 0xE0, 0xFF, 0xFF, 0xFF, 0xFF, 0xFF, 0xFF, 0xFF, 0xFD, 0x74, 
0x00, 0x00, 0x00, 0x00, 0x00, 0xC1, 0xFF, 0xFF, 0xFF, 0xFF, 0xFF, 0xFA, 0xCB, 0x4F, 0x00, 0x00, 
0x00, 0x00, 0x00, 0x2B, 0xFF, 0xFF, 0xB1, 0x0B, 0x3E, 0x3B, 0x09, 0x00, 0x00, 0x00, 0x00, 0x00, 
0x00, 0x00, 0x90, 0xFF, 0xFF, 0x48, 0x00, 0x00, 0x00, 0x00, 0x00, 0x00, 0x00, 0x00, 0x00, 0x00, 
0x00, 0x20, 0x37, 0x37, 0x01, 0x00, 0x00, 0x00, 0x00, 0x00, 0x00, 0x00, 0x00, 0x00, 0x07, 0x5E, 
0x5F, 0x5F, 0x5F, 0x5F, 0x18, 0x00, 0x00, 0x00, 0x00, 0x00, 0x00, 0x00, 0x04, 0xB4, 0xFF, 0xFF, 
0xFF, 0xFF, 0xB2, 0x00, 0x00, 0x00, 0x00, 0x00, 0x00, 0x00, 0x00, 0x0A, 0xC8, 0xFF, 0xFF, 0xFF, 
0xFF, 0x56, 0x00, 0x00, 0x00, 0x00, 0x00, 0x00, 0x00, 0x00, 0x14, 0xD9, 0xFF, 0xFF, 0xFF, 0xE8, 
0x11, 0x00, 0x00, 0x00, 0x00, 0x00, 0x00, 0x00, 0x00, 0x21, 0xE7, 0xFF, 0xFF, 0xFF, 0x9E, 0x00, 
0x00, 0x00, 0x00, 0x00, 0x00, 0x00, 0x00, 0x00, 0x30, 0xD0, 0xD4, 0xD4, 0xD3, 0x18, 0x00, 0x00, 
0x00, 0x00, 0x00, 0x00, 0x00, 0x00, 0x00, 0x00, 0x00, 0x00, 0x00, 0x00, 0x00, 0x00, 0x00, 0x00, 
0x2B, 0x47, 0x47, 0x47, 0x45, 0x03, 0x00, 0x00, 0x17, 0x47, 0x47, 0x47, 0x47, 0x16, 0xAB, 0xFF, 
0xFF, 0xFF, 0xFF, 0x17, 0x00, 0x00, 0x63, 0xFF, 0xFF, 0xFF, 0xFF, 0x5F, 0xAB, 0xFF, 0xFF, 0xFF, 
0xFF, 0x17, 0x00, 0x00, 0x63, 0xFF, 0xFF, 0xFF, 0xFF, 0x5F, 0xAB, 0xFF, 0xFF, 0xFF, 0xFF, 0x17, 
0x00, 0x00, 0x63, 0xFF, 0xFF, 0xFF, 0xFF, 0x5F, 0xAB, 0xFF, 0xFF, 0xFF, 0xFF, 0x17, 0x00, 0x00, 
0x63, 0xFF, 0xFF, 0xFF, 0xFF, 0x5F, 0xAB, 0xFF, 0xFF, 0xFF, 0xFF, 0x17, 0x00, 0x00, 0x63, 0xFF, 
0xFF, 0xFF, 0xFF, 0x5F, 0xAB, 0xFF, 0xFF, 0xFF, 0xFF, 0x17, 0x00, 0x00, 0x63, 0xFF, 0xFF, 0xFF, 
0xFF, 0x5F, 0xAB, 0xFF, 0xFF, 0xFF, 0xFF, 0x17, 0x00, 0x00, 0x63, 0xFF, 0xFF, 0xFF, 0xFF, 0x5F, 
0xAB, 0xFF, 0xFF, 0xFF, 0xFF, 0x17, 0x00, 0x00, 0x63, 0xFF, 0xFF, 0xFF, 0xFF, 0x5F, 0xAB, 0xFF, 
0xFF, 0xFF, 0xFF, 0x17, 0x00, 0x00, 0x63, 0xFF, 0xFF, 0xFF, 0xFF, 0x5F, 0xAB, 0xFF, 0xFF, 0xFF, 
0xFF, 0x17, 0x00, 0x00, 0x63, 0xFF, 0xFF, 0xFF, 0xFF, 0x5F, 0xAB, 0xFF, 0xFF, 0xFF, 0xFF, 0x18, 
0x00, 0x00, 0x71, 0xFF, 0xFF, 0xFF, 0xFF, 0x5F, 0x9C, 0xFF, 0xFF, 0xFF, 0xFF, 0x2C, 0x00, 0x00, 
0xB1, 0xFF, 0xFF, 0xFF, 0xFF, 0x5F, 0x7D, 0xFF, 0xFF, 0xFF, 0xFF, 0x84, 0x00, 0x1E, 0xFF, 0xFF, 
0xFF, 0xFF, 0xFF, 0x5F, 0x5D, 0xFF, 0xFF, 0xFF, 0xFF, 0xFF, 0xDE, 0xFF, 0xFF, 0xFF, 0xFF, 0xFF, 
0xFF, 0x5F, 0x12, 0xF2, 0xFF, 0xFF, 0xFF, 0xFF, 0xFF, 0xFF, 0xFF, 0xFF, 0xFF, 0xFF, 0xFF, 0x5F, 
0x00, 0x82, 0xFF, 0xFF, 0xFF, 0xFF, 0xFF, 0xFF, 0xFF, 0xFF, 0xFF, 0xFF, 0xFF, 0x5F, 0x00, 0x01, 
0x7A, 0xFB, 0xFF, 0xFF, 0xFC, 0xC4, 0x45, 0xFF, 0xFF, 0xFF, 0xFF, 0x5B, 0x00, 0x00, 0x00, 0x09, 
0x35, 0x45, 0x0E, 0x00, 0x00, 0x00, 0x00, 0x00, 0x00, 0x00, 0x00, 0x00, 0x00, 0x00, 0x00, 0x00, 
0x00, 0x37, 0x5F, 0x5F, 0x5F, 0x5F, 0x45, 0x00, 0x00, 0x00, 0x00, 0x00, 0x00, 0x00, 0x16, 0xEE, 
0xFF, 0xFF, 0xFF, 0xFF, 0x61, 0x00, 0x00, 0x00, 0x00, 0x00, 0x00, 0x00, 0xA7, 0xFF, 0xFF, 0xFF, 
0xFF, 0x7B, 0x00, 0x00, 0x00, 0x00, 0x00, 0x00, 0x00, 0x49, 0xFF, 0xFF, 0xFF, 0xFF, 0x95, 0x00, 
0x00, 0x00, 0x00, 0x00, 0x00, 0x00, 0x0B, 0xE0, 0xFF, 0xFF, 0xFF, 0xAD, 0x02, 0x00, 0x00, 0x00, 
0x00, 0x00, 0x00, 0x00, 0x56, 0xD4, 0xD4, 0xD4, 0xB0, 0x08, 0x00, 0x00, 0x00, 0x00, 0x00, 0x00, 
0x00, 0x00, 0x00, 0x00, 0x00, 0x00, 0x00, 0x00, 0x00, 0x00, 0x00, 0x00, 0x2B, 0x47, 0x47, 0x47, 
0x45, 0x03, 0x00, 0x00, 0x17, 0x47, 0x47, 0x47, 0x47, 0x16, 0xAB, 0xFF, 0xFF, 0xFF, 0xFF, 0x17, 
0x00, 0x00, 0x63, 0xFF, 0xFF, 0xFF, 0xFF, 0x5F, 0xAB, 0xFF, 0xFF, 0xFF, 0xFF, 0x17, 0x00, 0x00, 
0x63, 0xFF, 0xFF, 0xFF, 0xFF, 0x5F, 0xAB, 0xFF, 0xFF, 0xFF, 0xFF, 0x17, 0x00, 0x00, 0x63, 0xFF, 
0xFF, 0xFF, 0xFF, 0x5F, 0xAB, 0xFF, 0xFF, 0xFF, 0xFF, 0x17, 0x00, 0x00, 0x63, 0xFF, 0xFF, 0xFF, 
0xFF, 0x5F, 0xAB, 0xFF, 0xFF, 0xFF, 0xFF, 0x17, 0x00, 0x00, 0x63, 0xFF, 0xFF, 0xFF, 0xFF, 0x5F, 
0xAB, 0xFF, 0xFF, 0xFF, 0xFF, 0x17, 0x00, 0x00, 0x63, 0xFF, 0xFF, 0xFF, 0xFF, 0x5F, 0xAB, 0xFF, 
0xFF, 0xFF, 0xFF, 0x17, 0x00, 0x00, 0x63, 0xFF, 0xFF, 0xFF, 0xFF, 0x5F, 0xAB, 0xFF, 0xFF, 0xFF, 
0xFF, 0x17, 0x00, 0x00, 0x63, 0xFF, 0xFF, 0xFF, 0xFF, 0x5F, 0xAB, 0xFF, 0xFF, 0xFF, 0xFF, 0x17, 
0x00, 0x00, 0x63, 0xFF, 0xFF, 0xFF, 0xFF, 0x5F, 0xAB, 0xFF, 0xFF, 0xFF, 0xFF, 0x17, 0x00, 0x00, 
0x63, 0xFF, 0xFF, 0xFF, 0xFF, 0x5F, 0xAB, 0xFF, 0xFF, 0xFF, 0xFF, 0x18, 0x00, 0x00, 0x71, 0xFF, 
0xFF, 0xFF, 0xFF, 0x5F, 0x9C, 0xFF, 0xFF, 0xFF, 0xFF, 0x2C, 0x00, 0x00, 0xB1, 0xFF, 0xFF, 0xFF, 
0xFF, 0x5F, 0x7D, 0xFF, 0xFF, 0xFF, 0xFF, 0x84, 0x00, 0x1E, 0xFF, 0xFF, 0xFF, 0xFF, 0xFF, 0x5F, 
0x5D, 0xFF, 0xFF, 0xFF, 0xFF, 0xFF, 0xDE, 0xFF, 0xFF, 0xFF, 0xFF, 0xFF, 0xFF, 0x5F, 0x12, 0xF2, 
0xFF, 0xFF, 0xFF, 0xFF, 0xFF, 0xFF, 0xFF, 0xFF, 0xFF, 0xFF, 0xFF, 0x5F, 0x00, 0x82, 0xFF, 0xFF, 
0xFF, 0xFF, 0xFF, 0xFF, 0xFF, 0xFF, 0xFF, 0xFF, 0xFF, 0x5F, 0x00, 0x01, 0x7A, 0xFB, 0xFF, 0xFF, 
0xFC, 0xC4, 0x45, 0xFF, 0xFF, 0xFF, 0xFF, 0x5B, 0x00, 0x00, 0x00, 0x09, 0x35, 0x45, 0x0E, 0x00, 
0x00, 0x00, 0x00, 0x00, 0x00, 0x00, 0x00, 0x00, 0x00, 0x00, 0x00, 0x4E, 0x63, 0x63, 0x2C, 0x00, 
0x00, 0x00, 0x00, 0x00, 0x00, 0x00, 0x00, 0x00, 0x70, 0xFF, 0xFF, 0xFF, 0xED, 0x2C, 0x00, 0x00, 
0x00, 0x00, 0x00, 0x00, 0x00, 0x62, 0xFE, 0xFF, 0xFF, 0xFF, 0xFF, 0xE7, 0x23, 0x00, 0x00, 0x00, 
0x00, 0x00, 0x54, 0xFC, 0xFF, 0xFF, 0xDD, 0xF6, 0xFF, 0xFF, 0xDF, 0x1C, 0x00, 0x00, 0x00, 0x47, 
0xF9, 0xFF, 0xFF, 0xDE, 0x17, 0x50, 0xFD, 0xFF, 0xFF, 0xD7, 0x15, 0x00, 0x00, 0x56, 0x87, 0x87, 
0x87, 0x27, 0x00, 0x00, 0x56, 0x87, 0x87, 0x87, 0x2E, 0x00, 0x00, 0x00, 0x00, 0x00, 0x00, 0x00, 
0x00, 0x00, 0x00, 0x00, 0x00, 0x00, 0x00, 0x00, 0x2B, 0x47, 0x47, 0x47, 0x45, 0x03, 0x00, 0x00, 
0x17, 0x47, 0x47, 0x47, 0x47, 0x16, 0xAB, 0xFF, 0xFF, 0xFF, 0xFF, 0x17, 0x00, 0x00, 0x63, 0xFF, 
0xFF, 0xFF, 0xFF, 0x5F, 0xAB, 0xFF, 0xFF, 0xFF, 0xFF, 0x17, 0x00, 0x00, 0x63, 0xFF, 0xFF, 0xFF, 
0xFF, 0x5F, 0xAB, 0xFF, 0xFF, 0xFF, 0xFF, 0x17, 0x00, 0x00, 0x63, 0xFF, 0xFF, 0xFF, 0xFF, 0x5F, 
0xAB, 0xFF, 0xFF, 0xFF, 0xFF, 0x17, 0x00, 0x00, 0x63, 0xFF, 0xFF, 0xFF, 0xFF, 0x5F, 0xAB, 0xFF, 
0xFF, 0xFF, 0xFF, 0x17, 0x00, 0x00, 0x63, 0xFF, 0xFF, 0xFF, 0xFF, 0x5F, 0xAB, 0xFF, 0xFF, 0xFF, 
0xFF, 0x17, 0x00, 0x00, 0x63, 0xFF, 0xFF, 0xFF, 0xFF, 0x5F, 0xAB, 0xFF, 0xFF, 0xFF, 0xFF, 0x17, 
0x00, 0x00, 0x63, 0xFF, 0xFF, 0xFF, 0xFF, 0x5F, 0xAB, 0xFF, 0xFF, 0xFF, 0xFF, 0x17, 0x00, 0x00, 
0x63, 0xFF, 0xFF, 0xFF, 0xFF, 0x5F, 0xAB, 0xFF, 0xFF, 0xFF, 0xFF, 0x17, 0x00, 0x00, 0x63, 0xFF, 
0xFF, 0xFF, 0xFF, 0x5F, 0xAB, 0xFF, 0xFF, 0xFF, 0xFF, 0x17, 0x00, 0x00, 0x63, 0xFF, 0xFF, 0xFF, 
0xFF, 0x5F, 0xAB, 0xFF, 0xFF, 0xFF, 0xFF, 0x18, 0x00, 0x00, 0x71, 0xFF, 0xFF, 0xFF, 0xFF, 0x5F, 
0x9C, 0xFF, 0xFF, 0xFF, 0xFF, 0x2C, 0x00, 0x00, 0xB1, 0xFF, 0xFF, 0xFF, 0xFF, 0x5F, 0x7D, 0xFF, 
0xFF, 0xFF, 0xFF, 0x84, 0x00, 0x1E, 0xFF, 0xFF, 0xFF, 0xFF, 0xFF, 0x5F, 0x5D, 0xFF, 0xFF, 0xFF, 
0xFF, 0xFF, 0xDE, 0xFF, 0xFF, 0xFF, 0xFF, 0xFF, 0xFF, 0x5F, 0x12, 0xF2, 0xFF, 0xFF, 0xFF, 0xFF, 
0xFF, 0xFF, 0xFF, 0xFF, 0xFF, 0xFF, 0xFF, 0x5F, 0x00, 0x82, 0xFF, 0xFF, 0xFF, 0xFF, 0xFF, 0xFF, 
0xFF, 0xFF, 0xFF, 0xFF, 0xFF, 0x5F, 0x00, 0x01, 0x7A, 0xFB, 0xFF, 0xFF, 0xFC, 0xC4, 0x45, 0xFF, 
0xFF, 0xFF, 0xFF, 0x5B, 0x00, 0x00, 0x00, 0x09, 0x35, 0x45, 0x0E, 0x00, 0x00, 0x00, 0x00, 0x00, 
0x00, 0x00, 0x00, 0x32, 0x94, 0x92, 0x30, 0x00, 0x00, 0x00, 0x05, 0x5B, 0xA8, 0x6F, 0x11, 0x00, 
0x10, 0xF4, 0xFF, 0xFF, 0xF1, 0x0D, 0x00, 0x00, 0x67, 0xFF, 0xFF, 0xFF, 0x9E, 0x00, 0x47, 0xFF, 
0xFF, 0xFF, 0xFF, 0x4F, 0x00, 0x00, 0xA9, 0xFF, 0xFF, 0xFF, 0xEF, 0x00, 0x0D, 0xF1, 0xFF, 0xFF, 
0xF0, 0x0E, 0x00, 0x00, 0x5F, 0xFF, 0xFF, 0xFF, 0x9E, 0x00, 0x00, 0x28, 0x85, 0x83, 0x26, 0x00, 
0x00, 0x00, 0x03, 0x4C, 0x99, 0x60, 0x0B, 0x00, 0x00, 0x00, 0x00, 0x00, 0x00, 0x00, 0x00, 0x00, 
0x00, 0x00, 0x00, 0x00, 0x00, 0x00, 0x2B, 0x47, 0x47, 0x47, 0x45, 0x03, 0x00, 0x00, 0x17, 0x47, 
0x47, 0x47, 0x47, 0x16, 0xAB, 0xFF, 0xFF, 0xFF, 0xFF, 0x17, 0x00, 0x00, 0x63, 0xFF, 0xFF, 0xFF, 
0xFF, 0x5F, 0xAB, 0xFF, 0xFF, 0xFF, 0xFF, 0x17, 0x00, 0x00, 0x63, 0xFF, 0xFF, 0xFF, 0xFF, 0x5F, 
0xAB, 0xFF, 0xFF, 0xFF, 0xFF, 0x17, 0x00, 0x00, 0x63, 0xFF, 0xFF, 0xFF, 0xFF, 0x5F, 0xAB, 0xFF, 
0xFF, 0xFF, 0xFF, 0x17, 0x00, 0x00, 0x63, 0xFF, 0xFF, 0xFF, 0xFF, 0x5F, 0xAB, 0xFF, 0xFF, 0xFF, 
0xFF, 0x17, 0x00, 0x00, 0x63, 0xFF, 0xFF, 0xFF, 0xFF, 0x5F, 0xAB, 0xFF, 0xFF, 0xFF, 0xFF, 0x17, 
0x00, 0x00, 0x63, 0xFF, 0xFF, 0xFF, 0xFF, 0x5F, 0xAB, 0xFF, 0xFF, 0xFF, 0xFF, 0x17, 0x00, 0x00, 
0x63, 0xFF, 0xFF, 0xFF, 0xFF, 0x5F, 0xAB, 0xFF, 0xFF, 0xFF, 0xFF, 0x17, 0x00, 0x00, 0x63, 0xFF, 
0xFF, 0xFF, 0xFF, 0x5F, 0xAB, 0xFF, 0xFF, 0xFF, 0xFF, 0x17, 0x00, 0x00, 0x63, 0xFF, 0xFF, 0xFF, 
0xFF, 0x5F, 0xAB, 0xFF, 0xFF, 0xFF, 0xFF, 0x17, 0x00, 0x00, 0x63, 0xFF, 0xFF, 0xFF, 0xFF, 0x5F, 
0xAB, 0xFF, 0xFF, 0xFF, 0xFF, 0x18, 0x00, 0x00, 0x71, 0xFF, 0xFF, 0xFF, 0xFF, 0x5F, 0x9C, 0xFF, 
0xFF, 0xFF, 0xFF, 0x2C, 0x00, 0x00, 0xB1, 0xFF, 0xFF, 0xFF, 0xFF, 0x5F, 0x7D, 0xFF, 0xFF, 0xFF, 
0xFF, 0x84, 0x00, 0x1E, 0xFF, 0xFF, 0xFF, 0xFF, 0xFF, 0x5F, 0x5D, 0xFF, 0xFF, 0xFF, 0xFF, 0xFF, 
0xDE, 0xFF, 0xFF, 0xFF, 0xFF, 0xFF, 0xFF, 0x5F, 0x12, 0xF2, 0xFF, 0xFF, 0xFF, 0xFF, 0xFF, 0xFF, 
0xFF, 0xFF, 0xFF, 0xFF, 0xFF, 0x5F, 0x00, 0x82, 0xFF, 0xFF, 0xFF, 0xFF, 0xFF, 0xFF, 0xFF, 0xFF, 
0xFF, 0xFF, 0xFF, 0x5F, 0x00, 0x01, 0x7A, 0xFB, 0xFF, 0xFF, 0xFC, 0xC4, 0x45, 0xFF, 0xFF, 0xFF, 
0xFF, 0x5B, 0x00, 0x00, 0x00, 0x09, 0x35, 0x45, 0x0E, 0x00, 0x00, 0x00, 0x00, 0x00, 0x00, 0x00, 
0x00, 0x00, 0x00, 0x00, 0x00, 0x00, 0x00, 0x18, 0x5F, 0x5F, 0x5F, 0x5F, 0x5E, 0x06, 0x00, 0x00, 
0x00, 0x00, 0x00, 0x00, 0x00, 0x00, 0xB1, 0xFF, 0xFF, 0xFF, 0xFF, 0xB1, 0x03, 0x00, 0x00, 0x00, 
0x00, 0x00, 0x00, 0x00, 0x53, 0xFF, 0xFF, 0xFF, 0xFF, 0xC5, 0x09, 0x00, 0x00, 0x00, 0x00, 0x00, 
0x00, 0x00, 0x0F, 0xE6, 0xFF, 0xFF, 0xFF, 0xD7, 0x12, 0x00, 0x00, 0x00, 0x00, 0x00, 0x00, 0x00, 
0x00, 0x98, 0xFF, 0xFF, 0xFF, 0xE5, 0x1E, 0x00, 0x00, 0x00, 0x00, 0x00, 0x00, 0x00, 0x00, 0x12, 
0xD2, 0xD4, 0xD4, 0xCF, 0x2E, 0x00, 0x00, 0x00, 0x00, 0x00, 0x00, 0x00, 0x00, 0x00, 0x00, 0x00, 
0x00, 0x00, 0x00, 0x00, 0x00, 0x00, 0x00, 0x00, 0x00, 0x38, 0x47, 0x47, 0x47, 0x47, 0x0D, 0x00, 
0x00, 0x00, 0x39, 0x47, 0x47, 0x47, 0x46, 0x02, 0xC8, 0xFF, 0xFF, 0xFF, 0xFF, 0x52, 0x00, 0x00, 
0x03, 0xF3, 0xFF, 0xFF, 0xFF, 0xFB, 0x0D, 0x80, 0xFF, 0xFF, 0xFF, 0xFF, 0x8A, 0x00, 0x00, 0x33, 
0xFF, 0xFF, 0xFF, 0xFF, 0xC0, 0x00, 0x37, 0xFF, 0xFF, 0xFF, 0xFF, 0xC1, 0x00, 0x00, 0x6F, 0xFF, 
0xFF, 0xFF, 0xFF, 0x77, 0x00, 0x02, 0xEB, 0xFF, 0xFF, 0xFF, 0xF4, 0x03, 0x00, 0xAB, 0xFF, 0xFF, 
0xFF, 0xFF, 0x2D, 0x00, 0x00, 0xA5, 0xFF, 0xFF, 0xFF, 0xFF, 0x30, 0x00, 0xE7, 0xFF, 0xFF, 0xFF, 
0xE4, 0x00, 0x00, 0x00, 0x5C, 0xFF, 0xFF, 0xFF, 0xFF, 0x67, 0x24, 0xFF, 0xFF, 0xFF, 0xFF, 0x9B, 
0x00, 0x00, 0x00, 0x15, 0xFD, 0xFF, 0xFF, 0xFF, 0x9F, 0x60, 0xFF, 0xFF, 0xFF, 0xFF, 0x52, 0x00, 
0x00, 0x00, 0x00, 0xCA, 0xFF, 0xFF, 0xFF, 0xD6, 0x9D, 0xFF, 0xFF, 0xFF, 0xFA, 0x0E, 0x00, 0x00, 
0x00, 0x00, 0x80, 0xFF, 0xFF, 0xFF, 0xFE, 0xE9, 0xFF, 0xFF, 0xFF, 0xBF, 0x00, 0x00, 0x00, 0x00, 
0x00, 0x37, 0xFF, 0xFF, 0xFF, 0xFF, 0xFF, 0xFF, 0xFF, 0xFF, 0x76, 0x00, 0x00, 0x00, 0x00, 0x00, 
0x02, 0xEC, 0xFF, 0xFF, 0xFF, 0xFF, 0xFF, 0xFF, 0xFF, 0x2D, 0x00, 0x00, 0x00, 0x00, 0x00, 0x00, 
0xA5, 0xFF, 0xFF, 0xFF, 0xFF, 0xFF, 0xFF, 0xE3, 0x00, 0x00, 0x00, 0x00, 0x00, 0x00, 0x00, 0x5C, 
0xFF, 0xFF, 0xFF, 0xFF, 0xFF, 0xFF, 0x9A, 0x00, 0x00, 0x00, 0x00, 0x00, 0x00, 0x00, 0x15, 0xFE, 
0xFF, 0xFF, 0xFF, 0xFF, 0xFF, 0x51, 0x00, 0x00, 0x00, 0x00, 0x00, 0x00, 0x00, 0x00, 0xCA, 0xFF, 
0xFF, 0xFF, 0xFF, 0xFA, 0x0D, 0x00, 0x00, 0x00, 0x00, 0x00, 0x00, 0x00, 0x00, 0x81, 0xFF, 0xFF, 
0xFF, 0xFF, 0xBE, 0x00, 0x00, 0x00, 0x00, 0x00, 0x00, 0x00, 0x00, 0x00, 0x3B, 0xFF, 0xFF, 0xFF, 
0xFF, 0x75, 0x00, 0x00, 0x00, 0x00, 0x00, 0x00, 0x00, 0x00, 0x00, 0x43, 0xFF, 0xFF, 0xFF, 0xFF, 
0x2C, 0x00, 0x00, 0x00, 0x00, 0x00, 0x00, 0x00, 0x00, 0x00, 0xA6, 0xFF, 0xFF, 0xFF, 0xE2, 0x00, 
0x00, 0x00, 0x00, 0x00, 0x00, 0x00, 0x0D, 0x48, 0x8D, 0xFE, 0xFF, 0xFF, 0xFF, 0x97, 0x00, 0x00, 
0x00, 0x00, 0x00, 0x00, 0x00, 0x47, 0xFF, 0xFF, 0xFF, 0xFF, 0xFF, 0xFF, 0x3A, 0x00, 0x00, 0x00, 
0x00, 0x00, 0x00, 0x00, 0x47, 0xFF, 0xFF, 0xFF, 0xFF, 0xFF, 0xB6, 0x00, 0x00, 0x00, 0x00, 0x00, 
0x00, 0x00, 0x00, 0x47, 0xFF, 0xFF, 0xFF, 0xFF, 0xD6, 0x1D, 0x00, 0x00, 0x00, 0x00, 0x00, 0x00, 
0x00, 0x00, 0x28, 0xB8, 0xD1, 0xB3, 0x7A, 0x0D, 0x00, 0x00, 0x00, 0x00, 0x00, 0x00, 0x00, 0x00, 
0x00, 0x15, 0x75, 0xA6, 0x55, 0x03, 0x00, 0x00, 0x00, 0x36, 0x96, 0x8F, 0x2D, 0x00, 0x00, 0x00, 
0xAC, 0xFF, 0xFF, 0xFF, 0x57, 0x00, 0x00, 0x17, 0xF8, 0xFF, 0xFF, 0xED, 0x09, 0x00, 0x00, 0xEF, 
0xFF, 0xFF, 0xFF, 0xA7, 0x00, 0x00, 0x51, 0xFF, 0xFF, 0xFF, 0xFF, 0x47, 0x00, 0x00, 0xA6, 0xFF, 
0xFF, 0xFF, 0x57, 0x00, 0x00, 0x12, 0xF5, 0xFF, 0xFF, 0xEB, 0x0A, 0x00, 0x00, 0x0F, 0x67, 0x97, 
0x47, 0x01, 0x00, 0x00, 0x00, 0x2A, 0x87, 0x80, 0x22, 0x00, 0x00, 0x00, 0x00, 0x00, 0x00, 0x00, 
0x00, 0x00, 0x00, 0x00, 0x00, 0x00, 0x00, 0x00, 0x00, 0x00, 0x38, 0x47, 0x47, 0x47, 0x47, 0x0D, 
0x00, 0x00, 0x00, 0x39, 0x47, 0x47, 0x47, 0x46, 0x02, 0xC8, 0xFF, 0xFF, 0xFF, 0xFF, 0x52, 0x00, 
0x00, 0x03, 0xF3, 0xFF, 0xFF, 0xFF, 0xFB, 0x0D, 0x80, 0xFF, 0xFF, 0xFF, 0xFF, 0x8A, 0x00, 0x00, 
0x33, 0xFF, 0xFF, 0xFF, 0xFF, 0xC0, 0x00, 0x37, 0xFF, 0xFF, 0xFF, 0xFF, 0xC1, 0x00, 0x00, 0x6F, 
0xFF, 0xFF, 0xFF, 0xFF, 0x77, 0x00, 0x02, 0xEB, 0xFF, 0xFF, 0xFF, 0xF4, 0x03, 0x00, 0xAB, 0xFF, 
0xFF, 0xFF, 0xFF, 0x2D, 0x00, 0x00, 0xA5, 0xFF, 0xFF, 0xFF, 0xFF, 0x30, 0x00, 0xE7, 0xFF, 0xFF, 
0xFF, 0xE4, 0x00, 0x00, 0x00, 0x5C, 0xFF, 0xFF, 0xFF, 0xFF, 0x67, 0x24, 0xFF, 0xFF, 0xFF, 0xFF, 
0x9B, 0x00, 0x00, 0x00, 0x15, 0xFD, 0xFF, 0xFF, 0xFF, 0x9F, 0x60, 0xFF, 0xFF, 0xFF, 0xFF, 0x52, 
0x00, 0x00, 0x00, 0x00, 0xCA, 0xFF, 0xFF, 0xFF, 0xD6, 0x9D, 0xFF, 0xFF, 0xFF, 0xFA, 0x0E, 0x00, 
0x00, 0x00, 0x00, 0x80, 0xFF, 0xFF, 0xFF, 0xFE, 0xE9, 0xFF, 0xFF, 0xFF, 0xBF, 0x00, 0x00, 0x00, 
0x00, 0x00, 0x37, 0xFF, 0xFF, 0xFF, 0xFF, 0xFF, 0xFF, 0xFF, 0xFF, 0x76, 0x00, 0x00, 0x00, 0x00, 
0x00, 0x02, 0xEC, 0xFF, 0xFF, 0xFF, 0xFF, 0xFF, 0xFF, 0xFF, 0x2D, 0x00, 0x00, 0x00, 0x00, 0x00, 
0x00, 0xA5, 0xFF, 0xFF, 0xFF, 0xFF, 0xFF, 0xFF, 0xE3, 0x00, 0x00, 0x00, 0x00, 0x00, 0x00, 0x00, 
0x5C, 0xFF, 0xFF, 0xFF, 0xFF, 0xFF, 0xFF, 0x9A, 0x00, 0x00, 0x00, 0x00, 0x00, 0x00, 0x00, 0x15, 
0xFE, 0xFF, 0xFF, 0xFF, 0xFF, 0xFF, 0x51, 0x00, 0x00, 0x00, 0x00, 0x00, 0x00, 0x00, 0x00, 0xCA, 
0xFF, 0xFF, 0xFF, 0xFF, 0xFA, 0x0D, 0x00, 0x00, 0x00, 0x00, 0x00, 0x00, 0x00, 0x00, 0x81, 0xFF, 
0xFF, 0xFF, 0xFF, 0xBE, 0x00, 0x00, 0x00, 0x00, 0x00, 0x00, 0x00, 0x00, 0x00, 0x3B, 0xFF, 0xFF, 
0xFF, 0xFF, 0x75, 0x00, 0x00, 0x00, 0x00, 0x00, 0x00, 0x00, 0x00, 0x00, 0x43, 0xFF, 0xFF, 0xFF, 
0xFF, 0x2C, 0x00, 0x00, 0x00, 0x00, 0x00, 0x00, 0x00, 0x00, 0x00, 0xA6, 0xFF, 0xFF, 0xFF, 0xE2, 
0x00, 0x00, 0x00, 0x00, 0x00, 0x00, 0x00, 0x0D, 0x48, 0x8D, 0xFE, 0xFF, 0xFF, 0xFF, 0x97, 0x00, 
0x00, 0x00, 0x00, 0x00, 0x00, 0x00, 0x47, 0xFF, 0xFF, 0xFF, 0xFF, 0xFF, 0xFF, 0x3A, 0x00, 0x00, 
0x00, 0x00, 0x00, 0x00, 0x00, 0x47, 0xFF, 0xFF, 0xFF, 0xFF, 0xFF, 0xB6, 0x00, 0x00, 0x00, 0x00, 
0x00, 0x00, 0x00, 0x00, 0x47, 0xFF, 0xFF, 0xFF, 0xFF, 0xD6, 0x1D, 0x00, 0x00, 0x00, 0x00, 0x00, 
0x00, 0x00, 0x00, 0x28, 0xB8, 0xD1, 0xB3, 0x7A, 0x0D, 0x00, 0x00, 0x00, 0x00, 0x00, 0x00, 0x00, 
0x00, 0x00, 0x00, 0x00, 0x00, 0x0F, 0x13, 0x13, 0x0B, 0x00, 0x00, 0x00, 0x04, 0x13, 0x13, 0x13, 
0x01, 0x00, 0x00, 0x00, 0x00, 0x00, 0x00, 0x00, 0xE5, 0xFF, 0xFF, 0xCA, 0x00, 0x00, 0x00, 0x90, 
0xFF, 0xFF, 0xFF, 0x20, 0x00, 0x00, 0x00, 0x00, 0x00, 0x00, 0x00, 0xBB, 0xFF, 0xFF, 0xFF, 0x7F, 
0x30, 0x67, 0xEC, 0xFF, 0xFF, 0xE2, 0x00, 0x00, 0x00, 0x00, 0x00, 0x00, 0x00, 0x00, 0x58, 0xFF, 
0xFF, 0xFF, 0xFF, 0xFF, 0xFF, 0xFF, 0xFF, 0xFF, 0x93, 0x00, 0x00, 0x00, 0x00, 0x00, 0x00, 0x00, 
0x00, 0x00, 0x8E, 0xFE, 0xFF, 0xFF, 0xFF, 0xFF, 0xFF, 0xFF, 0xA0, 0x05, 0x00, 0x00, 0x00, 0x00, 
0x00, 0x00, 0x00, 0x00, 0x00, 0x00, 0x38, 0xA5, 0xCD, 0xEB, 0xCB, 0x96, 0x58, 0x00, 0x00, 0x00, 
0x00, 0x00, 0x00, 0x00, 0x00, 0x00, 0x00, 0x00, 0x00, 0x00, 0x16, 0x2D, 0x3E, 0x2F, 0x19, 0x00, 
0x00, 0x00, 0x00, 0x00, 0x00, 0x00, 0x00, 0x00, 0x00, 0x00, 0x00, 0x00, 0x01, 0xE7, 0xFF, 0xFF, 
0xFF, 0xF6, 0x0B, 0x00, 0x00, 0x00, 0x00, 0x00, 0x00, 0x00, 0x00, 0x00, 0x00, 0x00, 0x00, 0x39, 
0xFF, 0xFF, 0xFF, 0xFF, 0xFF, 0x52, 0x00, 0x00, 0x00, 0x00, 0x00, 0x00, 0x00, 0x00, 0x00, 0x00, 
0x00, 0x00, 0x89, 0xFF, 0xFF, 0xFF, 0xFF, 0xFF, 0xA3, 0x00, 0x00, 0x00, 0x00, 0x00, 0x00, 0x00, 
0x00, 0x00, 0x00, 0x00, 0x00, 0xD9, 0xFF, 0xFF, 0xFF, 0xFF, 0xFF, 0xEE, 0x04, 0x00, 0x00, 0x00, 
0x00, 0x00, 0x00, 0x00, 0x00, 0x00, 0x00, 0x29, 0xFF, 0xFF, 0xFF, 0xFF, 0xFF, 0xFF, 0xFF, 0x44, 
0x00, 0x00, 0x00, 0x00, 0x00, 0x00, 0x00, 0x00, 0x00, 0x00, 0x79, 0xFF, 0xFF, 0xFF, 0xFF, 0xFF, 
0xFF, 0xFF, 0x95, 0x00, 0x00, 0x00, 0x00, 0x00, 0x00, 0x00, 0x00, 0x00, 0x00, 0xC9, 0xFF, 0xFF, 
0xFF, 0xFF, 0xFF, 0xFF, 0xFF, 0xE4, 0x01, 0x00, 0x00, 0x00, 0x00, 0x00, 0x00, 0x00, 0x00, 0x1A, 
0xFE, 0xFF, 0xFF, 0xFF, 0xC1, 0xFF, 0xFF, 0xFF, 0xFF, 0x36, 0x00, 0x00, 0x00, 0x00, 0x00, 0x00, 
0x00, 0x00, 0x69, 0xFF, 0xFF, 0xFF, 0xFF, 0x3E, 0xFD, 0xFF, 0xFF, 0xFF, 0x87, 0x00, 0x00, 0x00, 
0x00, 0x00, 0x00, 0x00, 0x00, 0xB9, 0xFF, 0xFF, 0xFF, 0xE6, 0x00, 0xCD, 0xFF, 0xFF, 0xFF, 0xD7, 
0x00, 0x00, 0x00, 0x00, 0x00, 0x00, 0x00, 0x0F, 0xFA, 0xFF, 0xFF, 0xFF, 0xA4, 0x00, 0x8A, 0xFF, 
0xFF, 0xFF, 0xFF, 0x28, 0x00, 0x00, 0x00, 0x00, 0x00, 0x00, 0x59, 0xFF, 0xFF, 0xFF, 0xFF, 0x61, 
0x00, 0x46, 0xFF, 0xFF, 0xFF, 0xFF, 0x79, 0x00, 0x00, 0x00, 0x00, 0x00, 0x00, 0xA9, 0xFF, 0xFF, 
0xFF, 0xFF, 0x1E, 0x00, 0x0A, 0xF9, 0xFF, 0xFF, 0xFF, 0xCA, 0x00, 0x00, 0x00, 0x00, 0x00, 0x06, 
0xF2, 0xFF, 0xFF, 0xFF, 0xDB, 0x00, 0x00, 0x00, 0xC0, 0xFF, 0xFF, 0xFF, 0xFE, 0x1B, 0x00, 0x00, 
0x00, 0x00, 0x49, 0xFF, 0xFF, 0xFF, 0xFF, 0xFF, 0xDB, 0xDB, 0xDB, 0xFF, 0xFF, 0xFF, 0xFF, 0xFF, 
0x6B, 0x00, 0x00, 0x00, 0x00, 0x99, 0xFF, 0xFF, 0xFF, 0xFF, 0xFF, 0xFF, 0xFF, 0xFF, 0xFF, 0xFF, 
0xFF, 0xFF, 0xFF, 0xBC, 0x00, 0x00, 0x00, 0x01, 0xE7, 0xFF, 0xFF, 0xFF, 0xFF, 0xFF, 0xFF, 0xFF, 
0xFF, 0xFF, 0xFF, 0xFF, 0xFF, 0xFF, 0xFB, 0x11, 0x00, 0x00, 0x39, 0xFF, 0xFF, 0xFF, 0xFF, 0xFF, 
0xFF, 0xFF, 0xFF, 0xFF, 0xFF, 0xFF, 0xFF, 0xFF, 0xFF, 0xFF, 0x5D, 0x00, 0x00, 0x89, 0xFF, 0xFF, 
0xFF, 0xFF, 0xDD, 0x4F, 0x4F, 0x4F, 0x4F, 0x4F, 0xBF, 0xFF, 0xFF, 0xFF, 0xFF, 0xAE, 0x00, 0x00, 
0xD9, 0xFF, 0xFF, 0xFF, 0xFF, 0x4A, 0x00, 0x00, 0x00, 0x00, 0x00, 0x2B, 0xFF, 0xFF, 0xFF, 0xFF, 
0xF5, 0x09, 0x29, 0xFF, 0xFF, 0xFF, 0xFF, 0xFA, 0x0C, 0x00, 0x00, 0x00, 0x00, 0x00, 0x00, 0xE7, 
0xFF, 0xFF, 0xFF, 0xFF, 0x4F, 0x79, 0xFF, 0xFF, 0xFF, 0xFF, 0xC4, 0x00, 0x00, 0x00, 0x00, 0x00, 
0x00, 0x00, 0xA5, 0xFF, 0xFF, 0xFF, 0xFF, 0xA0, 0xBA, 0xFF, 0xFF, 0xFF, 0xFF, 0x81, 0x00, 0x00, 
0x00, 0x00, 0x00, 0x00, 0x00, 0x61, 0xFF, 0xFF, 0xFF, 0xFF, 0xE2, 0x00, 0x00, 0x38, 0x3B, 0x3B, 
0x1D, 0x00, 0x00, 0x00, 0x1B, 0x3B, 0x3B, 0x38, 0x00, 0x00, 0x00, 0x07, 0xFC, 0xFF, 0xFF, 0xB8, 
0x00, 0x00, 0x00, 0xBF, 0xFF, 0xFF, 0xF6, 0x05, 0x00, 0x00, 0x00, 0xD3, 0xFF, 0xFF, 0xFC, 0x99, 
0x57, 0x9A, 0xFD, 0xFF, 0xFF, 0xB7, 0x00, 0x00, 0x00, 0x00, 0x5C, 0xFF, 0xFF, 0xFF, 0xFF, 0xFF, 
0xFF, 0xFF, 0xFF, 0xFF, 0x5C, 0x00, 0x00, 0x00, 0x00, 0x00, 0x82, 0xFA, 0xFF, 0xFF, 0xFF, 0xFF, 
0xFF, 0xFA, 0x5D, 0x00, 0x00, 0x00, 0x00, 0x00, 0x00, 0x00, 0x26, 0x84, 0xA9, 0xC3, 0x9C, 0x67, 
0x27, 0x00, 0x00, 0x00, 0x00, 0x00, 0x00, 0x00, 0x00, 0x00, 0x00, 0x00, 0x00, 0x00, 0x00, 0x00, 
0x00, 0x00, 0x00, 0x00, 0x00, 0x00, 0x00, 0x00, 0x0B, 0x44, 0x6E, 0x91, 0x76, 0x45, 0x14, 0x00, 
0x00, 0x00, 0x00, 0x00, 0x00, 0x00, 0x57, 0xE3, 0xFF, 0xFF, 0xFF, 0xFF, 0xFF, 0xFD, 0x6F, 0x00, 
0x00, 0x00, 0x00, 0x00, 0x6E, 0xFF, 0xFF, 0xFF, 0xFF, 0xFF, 0xFF, 0xFF, 0xFF, 0xFF, 0x8E, 0x00, 
0x00, 0x00, 0x29, 0xF8, 0xFF, 0xFF, 0xFF, 0xFF, 0xFF, 0xFF, 0xFF, 0xFF, 0xFF, 0xFF, 0x14, 0x00, 
0x00, 0x78, 0xFF, 0xFF, 0xFF, 0xFF, 0xBA, 0x51, 0xC0, 0xFF, 0xFF, 0xFF, 0xFF, 0x50, 0x00, 0x00, 
0xA8, 0xFF, 0xFF, 0xFF, 0xFF, 0x25, 0x00, 0x3A, 0xFF, 0xFF, 0xFF, 0xFF, 0x8D, 0x00, 0x00, 0x17, 
0x28, 0x28, 0x28, 0x28, 0x01, 0x00, 0x1D, 0xFF, 0xFF, 0xFF, 0xFF, 0xAB, 0x00, 0x00, 0x00, 0x00, 
0x00, 0x2F, 0x69, 0x8A, 0xAA, 0xCE, 0xFF, 0xFF, 0xFF, 0xFF, 0xAB, 0x00, 0x00, 0x00, 0x23, 0xB1, 
0xFF, 0xFF, 0xFF, 0xFF, 0xFF, 0xFF, 0xFF, 0xFF, 0xFF, 0xAB, 0x00, 0x00, 0x08, 0xD3, 0xFF, 0xFF, 
0xFF, 0xFF, 0xFF, 0xFF, 0xFF, 0xFF, 0xFF, 0xFF, 0xAB, 0x00, 0x00, 0x84, 0xFF, 0xFF, 0xFF, 0xFF, 
0xE2, 0x6E, 0x68, 0xFF, 0xFF, 0xFF, 0xFF, 0xAB, 0x00, 0x00, 0xC7, 0xFF, 0xFF, 0xFF, 0xFA, 0x22, 
0x00, 0x1B, 0xFF, 0xFF, 0xFF, 0xFF, 0xAB, 0x00, 0x01, 0xF3, 0xFF, 0xFF, 0xFF, 0xD0, 0x00, 0x00, 
0x1B, 0xFF, 0xFF, 0xFF, 0xFF, 0xAB, 0x00, 0x02, 0xF4, 0xFF, 0xFF, 0xFF, 0xE7, 0x07, 0x00, 0x56, 
0xFF, 0xFF, 0xFF, 0xFF, 0xAD, 0x00, 0x00, 0xBA, 0xFF, 0xFF, 0xFF, 0xFF, 0xC8, 0xAF, 0xFF, 0xFF, 
0xFF, 0xFF, 0xFF, 0xBB, 0x00, 0x00, 0x7C, 0xFF, 0xFF, 0xFF, 0xFF, 0xFF, 0xFF, 0xFF, 0xFF, 0xFF, 
0xFF, 0xFF, 0xCC, 0x00, 0x00, 0x0C, 0xC2, 0xFF, 0xFF, 0xFF, 0xFF, 0xFF, 0xFF, 0xFF, 0xFF, 0xFF, 
0xFF, 0xF8, 0x0A, 0x00, 0x00, 0x0B, 0xA8, 0xF3, 0xFF, 0xFF, 0xFE, 0x8F, 0xAA, 0xFF, 0xFF, 0xFF, 
0xFF, 0x3A, 0x00, 0x00, 0x00, 0x00, 0x04, 0x37, 0x41, 0x10, 0x00, 0x00, 0x00, 0x00, 0x00, 0x00, 
0x00, 0x00, 0x00, 0x00, 0x00, 0x00, 0x00, 0x00, 0x16, 0x2D, 0x3E, 0x2E, 0x19, 0x00, 0x00, 0x00, 
0x00, 0x00, 0x00, 0x00, 0x00, 0x00, 0x00, 0x00, 0x00, 0x00, 0x01, 0xE7, 0xFF, 0xFF, 0xFF, 0xF6, 
0x0A, 0x00, 0x00, 0x00, 0x00, 0x00, 0x00, 0x00, 0x00, 0x00, 0x00, 0x00, 0x00, 0x39, 0xFF, 0xFF, 
0xFF, 0xFF, 0xFF, 0x52, 0x00, 0x00, 0x00, 0x00, 0x00, 0x00, 0x00, 0x00, 0x00, 0x00, 0x00, 0x00, 
0x89, 0xFF, 0xFF, 0xFF, 0xFF, 0xFF, 0xA2, 0x00, 0x00, 0x00, 0x00, 0x00, 0x00, 0x00, 0x00, 0x00, 
0x00, 0x00, 0x00, 0xD9, 0xFF, 0xFF, 0xFF, 0xFF, 0xFF, 0xEE, 0x04, 0x00, 0x00, 0x00, 0x00, 0x00, 
0x00, 0x00, 0x00, 0x00, 0x00, 0x29, 0xFF, 0xFF, 0xFF, 0xFF, 0xFF, 0xFF, 0xFF, 0x44, 0x00, 0x00, 
0x00, 0x00, 0x00, 0x00, 0x00, 0x00, 0x00, 0x00, 0x79, 0xFF, 0xFF, 0xFF, 0xFF, 0xFF, 0xFF, 0xFF, 
0x94, 0x00, 0x00, 0x00, 0x00, 0x00, 0x00, 0x00, 0x00, 0x00, 0x00, 0xC9, 0xFF, 0xFF, 0xFF, 0xFF, 
0xFF, 0xFF, 0xFF, 0xE4, 0x01, 0x00, 0x00, 0x00, 0x00, 0x00, 0x00, 0x00, 0x00, 0x1B, 0xFE, 0xFF, 
0xFF, 0xFF, 0xC2, 0xFF, 0xFF, 0xFF, 0xFF, 0x36, 0x00, 0x00, 0x00, 0x00, 0x00, 0x00, 0x00, 0x00, 
0x69, 0xFF, 0xFF, 0xFF, 0xFF, 0x3E, 0xFD, 0xFF, 0xFF, 0xFF, 0x86, 0x00, 0x00, 0x00, 0x00, 0x00, 
0x00, 0x00, 0x00, 0xB9, 0xFF, 0xFF, 0xFF, 0xE7, 0x00, 0xCD, 0xFF, 0xFF, 0xFF, 0xD7, 0x00, 0x00, 
0x00, 0x00, 0x00, 0x00, 0x00, 0x0F, 0xFA, 0xFF, 0xFF, 0xFF, 0xA5, 0x00, 0x89, 0xFF, 0xFF, 0xFF, 
0xFF, 0x28, 0x00, 0x00, 0x00, 0x00, 0x00, 0x00, 0x5A, 0xFF, 0xFF, 0xFF, 0xFF, 0x62, 0x00, 0x46, 
0xFF, 0xFF, 0xFF, 0xFF, 0x78, 0x00, 0x00, 0x00, 0x00, 0x00, 0x00, 0xAA, 0xFF, 0xFF, 0xFF, 0xFF, 
0x1F, 0x00, 0x0A, 0xF9, 0xFF, 0xFF, 0xFF, 0xC9, 0x00, 0x00, 0x00, 0x00, 0x00, 0x07, 0xF2, 0xFF, 
0xFF, 0xFF, 0xDB, 0x00, 0x00, 0x00, 0xBF, 0xFF, 0xFF, 0xFF, 0xFE, 0x1B, 0x00, 0x00, 0x00, 0x00, 
0x4A, 0xFF, 0xFF, 0xFF, 0xFF, 0xFF, 0xD9, 0xD9, 0xD9, 0xFF, 0xFF, 0xFF, 0xFF, 0xFF, 0x6A, 0x00, 
0x00, 0x00, 0x00, 0x9A, 0xFF, 0xFF, 0xFF, 0xFF, 0xFF, 0xFF, 0xFF, 0xFF, 0xFF, 0xFF, 0xFF, 0xFF, 
0xFF, 0xBB, 0x00, 0x00, 0x00, 0x02, 0xE8, 0xFF, 0xFF, 0xFF, 0xFF, 0xFF, 0xFF, 0xFF, 0xFF, 0xFF, 
0xFF, 0xFF, 0xFF, 0xFF, 0xFB, 0x11, 0x00, 0x00, 0x3A, 0xFF, 0xFF, 0xFF, 0xFF, 0xFF, 0xFF, 0xFF, 
0xFF, 0xFF, 0xFF, 0xFF, 0xFF, 0xFF, 0xFF, 0xFF, 0x5D, 0x00, 0x00, 0x8A, 0xFF, 0xFF, 0xFF, 0xFF, 
0xDB, 0x4E, 0x4E, 0x4E, 0x4E, 0x4E, 0xBD, 0xFF, 0xFF, 0xFF, 0xFF, 0xAD, 0x00, 0x00, 0xDA, 0xFF, 
0xFF, 0xFF, 0xFF, 0x49, 0x00, 0x00, 0x00, 0x00, 0x00, 0x2B, 0xFF, 0xFF, 0xFF, 0xFF, 0xF5, 0x09, 
0x2A, 0xFF, 0xFF, 0xFF, 0xFF, 0xFA, 0x0B, 0x00, 0x00, 0x00, 0x00, 0x00, 0x00, 0xE7, 0xFF, 0xFF, 
0xFF, 0xFF, 0x4F, 0x7A, 0xFF, 0xFF, 0xFF, 0xFF, 0xC2, 0x00, 0x00, 0x00, 0x00, 0x00, 0x00, 0x00, 
0xA4, 0xFF, 0xFF, 0xFF, 0xFF, 0x9F, 0xBC, 0xFF, 0xFF, 0xFF, 0xFF, 0x7F, 0x00, 0x00, 0x00, 0x00, 
0x00, 0x00, 0x00, 0x9E, 0xFF, 0xFF, 0xFF, 0xFF, 0xE2, 0x00, 0x00, 0x00, 0x00, 0x00, 0x00, 0x00, 
0x00, 0x00, 0x00, 0x00, 0x00, 0x25, 0xF8, 0xFF, 0xFF, 0xDB, 0x2A, 0x00, 0x00, 0x00, 0x00, 0x00, 
0x00, 0x00, 0x00, 0x00, 0x00, 0x00, 0x00, 0x00, 0xA6, 0xFF, 0xFF, 0xF9, 0x27, 0x00, 0x00, 0x00, 
0x00, 0x00, 0x00, 0x00, 0x00, 0x00, 0x00, 0x00, 0x00, 0x00, 0x00, 0xD8, 0xFF, 0xFF, 0xD4, 0x00, 
0x00, 0x00, 0x00, 0x00, 0x00, 0x00, 0x00, 0x00, 0x00, 0x00, 0x00, 0x00, 0x00, 0x00, 0xE1, 0xFF, 
0xFF, 0xFC, 0xC6, 0x82, 0x00, 0x00, 0x00, 0x00, 0x00, 0x00, 0x00, 0x00, 0x00, 0x00, 0x00, 0x00, 
0x00, 0xB5, 0xFF, 0xFF, 0xFF, 0xFF, 0xB8, 0x00, 0x00, 0x00, 0x00, 0x00, 0x00, 0x00, 0x00, 0x00, 
0x00, 0x00, 0x00, 0x00, 0x30, 0xF3, 0xFF, 0xFF, 0xFF, 0xDC, 0x00, 0x00, 0x00, 0x00, 0x00, 0x00, 
0x00, 0x00, 0x00, 0x00, 0x00, 0x00, 0x00, 0x00, 0x1B, 0x78, 0x95, 0x75, 0x23, 0x00, 0x00, 0x00, 
0x00, 0x00, 0x0B, 0x45, 0x6E, 0x91, 0x76, 0x45, 0x15, 0x00, 0x00, 0x00, 0x00, 0x00, 0x00, 0x00, 
0x58, 0xE4, 0xFF, 0xFF, 0xFF, 0xFF, 0xFF, 0xFD, 0x6F, 0x00, 0x00, 0x00, 0x00, 0x00, 0x6F, 0xFF, 
0xFF, 0xFF, 0xFF, 0xFF, 0xFF, 0xFF, 0xFF, 0xFF, 0x8E, 0x00, 0x00, 0x00, 0x2A, 0xF8, 0xFF, 0xFF, 
0xFF, 0xFF, 0xFF, 0xFF, 0xFF, 0xFF, 0xFF, 0xFF, 0x14, 0x00, 0x00, 0x79, 0xFF, 0xFF, 0xFF, 0xFF, 
0xBA, 0x52, 0xBF, 0xFF, 0xFF, 0xFF, 0xFF, 0x4F, 0x00, 0x00, 0xA9, 0xFF, 0xFF, 0xFF, 0xFF, 0x23, 
0x00, 0x39, 0xFF, 0xFF, 0xFF, 0xFF, 0x8C, 0x00, 0x00, 0x18, 0x29, 0x29, 0x29, 0x29, 0x01, 0x00, 
0x1C, 0xFF, 0xFF, 0xFF, 0xFF, 0xAA, 0x00, 0x00, 0x00, 0x00, 0x00, 0x30, 0x6A, 0x8C, 0xAC, 0xCE, 
0xFF, 0xFF, 0xFF, 0xFF, 0xAA, 0x00, 0x00, 0x00, 0x22, 0xB1, 0xFF, 0xFF, 0xFF, 0xFF, 0xFF, 0xFF, 
0xFF, 0xFF, 0xFF, 0xAA, 0x00, 0x00, 0x07, 0xD3, 0xFF, 0xFF, 0xFF, 0xFF, 0xFF, 0xFF, 0xFF, 0xFF, 
0xFF, 0xFF, 0xAA, 0x00, 0x00, 0x82, 0xFF, 0xFF, 0xFF, 0xFF, 0xE2, 0x6F, 0x68, 0xFF, 0xFF, 0xFF, 
0xFF, 0xAA, 0x00, 0x00, 0xC6, 0xFF, 0xFF, 0xFF, 0xFA, 0x22, 0x00, 0x1A, 0xFF, 0xFF, 0xFF, 0xFF, 
0xAA, 0x00, 0x01, 0xF2, 0xFF, 0xFF, 0xFF, 0xCE, 0x00, 0x00, 0x1A, 0xFF, 0xFF, 0xFF, 0xFF, 0xAA, 
0x00, 0x02, 0xF3, 0xFF, 0xFF, 0xFF, 0xE6, 0x06, 0x00, 0x56, 0xFF, 0xFF, 0xFF, 0xFF, 0xAC, 0x00, 
0x00, 0xB9, 0xFF, 0xFF, 0xFF, 0xFF, 0xC7, 0xAE, 0xFF, 0xFF, 0xFF, 0xFF, 0xFF, 0xBA, 0x00, 0x00, 
0x7B, 0xFF, 0xFF, 0xFF, 0xFF, 0xFF, 0xFF, 0xFF, 0xFF, 0xFF, 0xFF, 0xFF, 0xCC, 0x00, 0x00, 0x0C, 
0xC2, 0xFF, 0xFF, 0xFF, 0xFF, 0xFF, 0xFF, 0xFF, 0xFF, 0xFF, 0xFF, 0xF8, 0x0A, 0x00, 0x00, 0x0B, 
0xA8, 0xF2, 0xFF, 0xFF, 0xFE, 0x8F, 0xFB, 0xFF, 0xFF, 0xFF, 0xFF, 0x3A, 0x00, 0x00, 0x00, 0x00, 
0x04, 0x37, 0x41, 0x11, 0x40, 0xFF, 0xFF, 0xFF, 0xC9, 0x1A, 0x00, 0x00, 0x00, 0x00, 0x00, 0x00, 
0x00, 0x00, 0x00, 0xC9, 0xFF, 0xFF, 0xEA, 0x13, 0x00, 0x00, 0x00, 0x00, 0x00, 0x00, 0x00, 0x00, 
0x00, 0x02, 0xF8, 0xFF, 0xFF, 0xB1, 0x00, 0x00, 0x00, 0x00, 0x00, 0x00, 0x00, 0x00, 0x00, 0x00, 
0x06, 0xFD, 0xFF, 0xFF, 0xF5, 0xC0, 0x63, 0x00, 0x00, 0x00, 0x00, 0x00, 0x00, 0x00, 0x00, 0x00, 
0xD7, 0xFF, 0xFF, 0xFF, 0xFF, 0x95, 0x00, 0x00, 0x00, 0x00, 0x00, 0x00, 0x00, 0x00, 0x00, 0x4C, 
0xFA, 0xFF, 0xFF, 0xFF, 0xB9, 0x00, 0x00, 0x00, 0x00, 0x00, 0x00, 0x00, 0x00, 0x00, 0x00, 0x29, 
0x7E, 0x94, 0x6E, 0x17, 0x00, 0x00, 0x00, 0x00, 0x00, 0x00, 0x00, 0x00, 0x00, 0x03, 0x59, 0x5B, 
0x5B, 0x5B, 0x5B, 0x1A, 0x00, 0x00, 0x00, 0x00, 0x00, 0x00, 0x00, 0x00, 0x00, 0x00, 0x72, 0xFF, 
0xFF, 0xFF, 0xFF, 0xDD, 0x17, 0x00, 0x00, 0x00, 0x00, 0x00, 0x00, 0x00, 0x00, 0x00, 0x20, 0xF4, 
0xFF, 0xFF, 0xFF, 0xEA, 0x24, 0x00, 0x00, 0x00, 0x00, 0x00, 0x00, 0x00, 0x00, 0x00, 0x00, 0xB7, 
0xFF, 0xFF, 0xFF, 0xF4, 0x35, 0x00, 0x00, 0x00, 0x00, 0x00, 0x00, 0x00, 0x00, 0x00, 0x00, 0x59, 
0xFF, 0xFF, 0xFF, 0xFB, 0x48, 0x00, 0x00, 0x00, 0x00, 0x00, 0x00, 0x00, 0x00, 0x00, 0x00, 0x00, 
0xB5, 0xD8, 0xD8, 0xD8, 0x5E, 0x00, 0x00, 0x00, 0x00, 0x00, 0x00, 0x00, 0x00, 0x00, 0x00, 0x00, 
0x00, 0x1D, 0x4E, 0x6F, 0x5C, 0x41, 0x0A, 0x00, 0x00, 0x00, 0x00, 0x00, 0x00, 0x00, 0x00, 0x03, 
0x81, 0xED, 0xFF, 0xFF, 0xFF, 0xFF, 0xFF, 0xF2, 0x9B, 0x13, 0x00, 0x00, 0x00, 0x00, 0x00, 0x19, 
0xBF, 0xFF, 0xFF, 0xFF, 0xFF, 0xFF, 0xFF, 0xFF, 0xFF, 0xFF, 0xE0, 0x2A, 0x00, 0x00, 0x00, 0x01, 
0xD1, 0xFF, 0xFF, 0xFF, 0xFF, 0xFF, 0xFF, 0xFF, 0xFF, 0xFF, 0xFF, 0xFF, 0xD4, 0x08, 0x00, 0x00, 
0x59, 0xFF, 0xFF, 0xFF, 0xFF, 0xFF, 0xEE, 0xCC, 0xF2, 0xFF, 0xFF, 0xFF, 0xFF, 0xFF, 0x6D, 0x00, 
0x04, 0xD9, 0xFF, 0xFF, 0xFF, 0xFF, 0x8E, 0x01, 0x00, 0x01, 0x88, 0xFF, 0xFF, 0xFF, 0xFF, 0xB0, 
0x00, 0x3D, 0xFF, 0xFF, 0xFF, 0xFF, 0xD4, 0x00, 0x00, 0x00, 0x00, 0x03, 0xDB, 0xFF, 0xFF, 0xFF, 
0xEE, 0x02, 0x5F, 0xFF, 0xFF, 0xFF, 0xFF, 0x7F, 0x00, 0x00, 0x00, 0x00, 0x00, 0xAD, 0xFF, 0xFF, 
0xFF, 0xFF, 0x31, 0x81, 0xFF, 0xFF, 0xFF, 0xFF, 0x52, 0x00, 0x00, 0x00, 0x00, 0x00, 0x82, 0xF4, 
0xF4, 0xF4, 0xF4, 0x5E, 0xA3, 0xFF, 0xFF, 0xFF, 0xFF, 0x40, 0x00, 0x00, 0x00, 0x00, 0x00, 0x00, 
0x00, 0x00, 0x00, 0x00, 0x00, 0xBD, 0xFF, 0xFF, 0xFF, 0xFF, 0x2F, 0x00, 0x00, 0x00, 0x00, 0x00, 
0x00, 0x00, 0x00, 0x00, 0x00, 0x00, 0xBF, 0xFF, 0xFF, 0xFF, 0xFF, 0x2B, 0x00, 0x00, 0x00, 0x00, 
0x00, 0x00, 0x00, 0x00, 0x00, 0x00, 0x00, 0xBF, 0xFF, 0xFF, 0xFF, 0xFF, 0x2B, 0x00, 0x00, 0x00, 
0x00, 0x00, 0x00, 0x00, 0x00, 0x00, 0x00, 0x00, 0xBF, 0xFF, 0xFF, 0xFF, 0xFF, 0x2B, 0x00, 0x00, 
0x00, 0x00, 0x00, 0x00, 0x00, 0x00, 0x00, 0x00, 0x00, 0xBC, 0xFF, 0xFF, 0xFF, 0xFF, 0x30, 0x00, 
0x00, 0x00, 0x00, 0x00, 0x00, 0x00, 0x00, 0x00, 0x00, 0x00, 0xA1, 0xFF, 0xFF, 0xFF, 0xFF, 0x40, 
0x00, 0x00, 0x00, 0x00, 0x00, 0x00, 0x00, 0x00, 0x00, 0x00, 0x00, 0x81, 0xFF, 0xFF, 0xFF, 0xFF, 
0x50, 0x00, 0x00, 0x00, 0x00, 0x00, 0x86, 0xF3, 0xF3, 0xF3, 0xF3, 0x57, 0x61, 0xFF, 0xFF, 0xFF, 
0xFF, 0x82, 0x00, 0x00, 0x00, 0x00, 0x00, 0xB8, 0xFF, 0xFF, 0xFF, 0xFF, 0x47, 0x3E, 0xFF, 0xFF, 
0xFF, 0xFF, 0xD0, 0x01, 0x00, 0x00, 0x00, 0x09, 0xE6, 0xFF, 0xFF, 0xFF, 0xFF, 0x25, 0x02, 0xD6, 
0xFF, 0xFF, 0xFF, 0xFF, 0x96, 0x0E, 0x00, 0x14, 0xAB, 0xFF, 0xFF, 0xFF, 0xFF, 0xD9, 0x00, 0x00, 
0x56, 0xFF, 0xFF, 0xFF, 0xFF, 0xFF, 0xFE, 0xEE, 0xFF, 0xFF, 0xFF, 0xFF, 0xFF, 0xFF, 0x77, 0x00, 
0x00, 0x01, 0xCE, 0xFF, 0xFF, 0xFF, 0xFF, 0xFF, 0xFF, 0xFF, 0xFF, 0xFF, 0xFF, 0xFF, 0xCE, 0x06, 
0x00, 0x00, 0x00, 0x10, 0xAF, 0xFF, 0xFF, 0xFF, 0xFF, 0xFF, 0xFF, 0xFF, 0xFF, 0xFF, 0xCF, 0x20, 
0x00, 0x00, 0x00, 0x00, 0x00, 0x00, 0x6C, 0xCE, 0xF9, 0xFF, 0xFF, 0xFF, 0xFF, 0xD7, 0x78, 0x07, 
0x00, 0x00, 0x00, 0x00, 0x00, 0x00, 0x00, 0x00, 0x00, 0x05, 0x2E, 0x4C, 0x37, 0x1D, 0x00, 0x00, 
0x00, 0x00, 0x00, 0x00, 0x00, 0x00, 0x00, 0x00, 0x00, 0x00, 0x00, 0x09, 0x5E, 0x5F, 0x5F, 0x5F, 
0x5F, 0x14, 0x00, 0x00, 0x00, 0x00, 0x00, 0x00, 0x00, 0x89, 0xFF, 0xFF, 0xFF, 0xFF, 0xCE, 0x0D, 
0x00, 0x00, 0x00, 0x00, 0x00, 0x00, 0x2F, 0xFB, 0xFF, 0xFF, 0xFF, 0xDE, 0x18, 0x00, 0x00, 0x00, 
0x00, 0x00, 0x00, 0x03, 0xCA, 0xFF, 0xFF, 0xFF, 0xEB, 0x26, 0x00, 0x00, 0x00, 0x00, 0x00, 0x00, 
0x00, 0x70, 0xFF, 0xFF, 0xFF, 0xF5, 0x37, 0x00, 0x00, 0x00, 0x00, 0x00, 0x00, 0x00, 0x01, 0xC2, 
0xD4, 0xD4, 0xD4, 0x4B, 0x00, 0x00, 0x00, 0x00, 0x00, 0x00, 0x00, 0x00, 0x00, 0x00, 0x00, 0x00, 
0x00, 0x00, 0x00, 0x00, 0x00, 0x00, 0x00, 0x00, 0x00, 0x00, 0x07, 0x33, 0x62, 0x8E, 0x77, 0x3A, 
0x06, 0x00, 0x00, 0x00, 0x00, 0x00, 0x00, 0x31, 0xDD, 0xFF, 0xFF, 0xFF, 0xFF, 0xFF, 0xF6, 0x75, 
0x00, 0x00, 0x00, 0x00, 0x4F, 0xF7, 0xFF, 0xFF, 0xFF, 0xFF, 0xFF, 0xFF, 0xFF, 0xFF, 0x69, 0x00, 
0x00, 0x04, 0xDE, 0xFF, 0xFF, 0xFF, 0xFF, 0xFF, 0xFF, 0xFF, 0xFF, 0xFF, 0xFE, 0x3A, 0x00, 0x5D, 
0xFF, 0xFF, 0xFF, 0xFF, 0xE2, 0x8F, 0xC3, 0xFF, 0xFF, 0xFF, 0xFF, 0x7C, 0x00, 0xB4, 0xFF, 0xFF, 
0xFF, 0xFF, 0x2D, 0x00, 0x07, 0xDA, 0xFF, 0xFF, 0xFF, 0xB2, 0x00, 0xD4, 0xFF, 0xFF, 0xFF, 0xDB, 
0x00, 0x00, 0x00, 0x97, 0xFF, 0xFF, 0xFF, 0xE7, 0x00, 0xF3, 0xFF, 0xFF, 0xFF, 0xBA, 0x00, 0x00, 
0x00, 0x31, 0x64, 0x64, 0x64, 0x5C, 0x0E, 0xFF, 0xFF, 0xFF, 0xFF, 0xB0, 0x00, 0x00, 0x00, 0x00, 
0x00, 0x00, 0x00, 0x00, 0x13, 0xFF, 0xFF, 0xFF, 0xFF, 0xAB, 0x00, 0x00, 0x00, 0x00, 0x00, 0x00, 
0x00, 0x00, 0x09, 0xFF, 0xFF, 0xFF, 0xFF, 0xB1, 0x00, 0x00, 0x00, 0x00, 0x00, 0x00, 0x00, 0x00, 
0x00, 0xEA, 0xFF, 0xFF, 0xFF, 0xBC, 0x00, 0x00, 0x00, 0x1A, 0x37, 0x37, 0x37, 0x30, 0x00, 0xCB, 
0xFF, 0xFF, 0xFF, 0xE5, 0x00, 0x00, 0x00, 0x97, 0xFF, 0xFF, 0xFF, 0xF7, 0x00, 0xA6, 0xFF, 0xFF, 
0xFF, 0xFF, 0x4E, 0x00, 0x13, 0xE1, 0xFF, 0xFF, 0xFF, 0xDC, 0x00, 0x3C, 0xFF, 0xFF, 0xFF, 0xFF, 
0xFC, 0xDB, 0xEC, 0xFF, 0xFF, 0xFF, 0xFF, 0x96, 0x00, 0x00, 0xC0, 0xFF, 0xFF, 0xFF, 0xFF, 0xFF, 
0xFF, 0xFF, 0xFF, 0xFF, 0xF0, 0x27, 0x00, 0x00, 0x26, 0xD5, 0xFF, 0xFF, 0xFF, 0xFF, 0xFF, 0xFF, 
0xFF, 0xEE, 0x34, 0x00, 0x00, 0x00, 0x00, 0x0B, 0x9C, 0xEB, 0xFF, 0xFF, 0xFF, 0xF0, 0xB4, 0x32, 
0x00, 0x00, 0x00, 0x00, 0x00, 0x00, 0x00, 0x00, 0x1A, 0x46, 0x30, 0x02, 0x00, 0x00, 0x00, 0x00, 
0x00, 0x00, 0x19, 0x5F, 0x5F, 0x5F, 0x56, 0x00, 0x00, 0x0E, 0x5E, 0x5F, 0x5F, 0x5D, 0x05, 0x00, 
0x00, 0x00, 0x00, 0x18, 0xDD, 0xFF, 0xFF, 0xFF, 0x78, 0x02, 0xB3, 0xFF, 0xFF, 0xFF, 0xBB, 0x04, 
0x00, 0x00, 0x00, 0x00, 0x00, 0x21, 0xE4, 0xFF, 0xFF, 0xFD, 0xBD, 0xFF, 0xFF, 0xFF, 0xC5, 0x0B, 
0x00, 0x00, 0x00, 0x00, 0x00, 0x00, 0x00, 0x29, 0xEA, 0xFF, 0xFF, 0xFF, 0xFF, 0xFF, 0xCD, 0x0F, 
0x00, 0x00, 0x00, 0x00, 0x00, 0x00, 0x00, 0x00, 0x00, 0x31, 0xF0, 0xFF, 0xFF, 0xFF, 0xD5, 0x14, 
0x00, 0x00, 0x00, 0x00, 0x00, 0x00, 0x00, 0x00, 0x00, 0x00, 0x00, 0x37, 0x8C, 0x8C, 0x8B, 0x1A, 
0x00, 0x00, 0x00, 0x00, 0x00, 0x00, 0x00, 0x00, 0x00, 0x00, 0x00, 0x00, 0x1D, 0x4E, 0x6F, 0x5C, 
0x41, 0x0A, 0x00, 0x00, 0x00, 0x00, 0x00, 0x00, 0x00, 0x00, 0x03, 0x81, 0xED, 0xFF, 0xFF, 0xFF, 
0xFF, 0xFF, 0xF2, 0x9B, 0x13, 0x00, 0x00, 0x00, 0x00, 0x00, 0x19, 0xBF, 0xFF, 0xFF, 0xFF, 0xFF, 
0xFF, 0xFF, 0xFF, 0xFF, 0xFF, 0xE0, 0x2A, 0x00, 0x00, 0x00, 0x01, 0xD1, 0xFF, 0xFF, 0xFF, 0xFF, 
0xFF, 0xFF, 0xFF, 0xFF, 0xFF, 0xFF, 0xFF, 0xD4, 0x08, 0x00, 0x00, 0x59, 0xFF, 0xFF, 0xFF, 0xFF, 
0xFF, 0xEE, 0xCC, 0xF2, 0xFF, 0xFF, 0xFF, 0xFF, 0xFF, 0x6D, 0x00, 0x04, 0xD9, 0xFF, 0xFF, 0xFF, 
0xFF, 0x8E, 0x01, 0x00, 0x01, 0x88, 0xFF, 0xFF, 0xFF, 0xFF, 0xB0, 0x00, 0x3D, 0xFF, 0xFF, 0xFF, 
0xFF, 0xD4, 0x00, 0x00, 0x00, 0x00, 0x03, 0xDB, 0xFF, 0xFF, 0xFF, 0xEE, 0x02, 0x5F, 0xFF, 0xFF, 
0xFF, 0xFF, 0x7F, 0x00, 0x00, 0x00, 0x00, 0x00, 0xAD, 0xFF, 0xFF, 0xFF, 0xFF, 0x31, 0x81, 0xFF, 
0xFF, 0xFF, 0xFF, 0x52, 0x00, 0x00, 0x00, 0x00, 0x00, 0x82, 0xF4, 0xF4, 0xF4, 0xF4, 0x5E, 0xA3, 
0xFF, 0xFF, 0xFF, 0xFF, 0x40, 0x00, 0x00, 0x00, 0x00, 0x00, 0x00, 0x00, 0x00, 0x00, 0x00, 0x00, 
0xBD, 0xFF, 0xFF, 0xFF, 0xFF, 0x2F, 0x00, 0x00, 0x00, 0x00, 0x00, 0x00, 0x00, 0x00, 0x00, 0x00, 
0x00, 0xBF, 0xFF, 0xFF, 0xFF, 0xFF, 0x2B, 0x00, 0x00, 0x00, 0x00, 0x00, 0x00, 0x00, 0x00, 0x00, 
0x00, 0x00, 0xBF, 0xFF, 0xFF, 0xFF, 0xFF, 0x2B, 0x00, 0x00, 0x00, 0x00, 0x00, 0x00, 0x00, 0x00, 
0x00, 0x00, 0x00, 0xBF, 0xFF, 0xFF, 0xFF, 0xFF, 0x2B, 0x00, 0x00, 0x00, 0x00, 0x00, 0x00, 0x00, 
0x00, 0x00, 0x00, 0x00, 0xBC, 0xFF, 0xFF, 0xFF, 0xFF, 0x30, 0x00, 0x00, 0x00, 0x00, 0x00, 0x00, 
0x00, 0x00, 0x00, 0x00, 0x00, 0xA1, 0xFF, 0xFF, 0xFF, 0xFF, 0x40, 0x00, 0x00, 0x00, 0x00, 0x00, 
0x00, 0x00, 0x00, 0x00, 0x00, 0x00, 0x81, 0xFF, 0xFF, 0xFF, 0xFF, 0x50, 0x00, 0x00, 0x00, 0x00, 
0x00, 0x86, 0xF3, 0xF3, 0xF3, 0xF3, 0x57, 0x61, 0xFF, 0xFF, 0xFF, 0xFF, 0x82, 0x00, 0x00, 0x00, 
0x00, 0x00, 0xB8, 0xFF, 0xFF, 0xFF, 0xFF, 0x47, 0x3E, 0xFF, 0xFF, 0xFF, 0xFF, 0xD0, 0x01, 0x00, 
0x00, 0x00, 0x09, 0xE6, 0xFF, 0xFF, 0xFF, 0xFF, 0x25, 0x02, 0xD6, 0xFF, 0xFF, 0xFF, 0xFF, 0x96, 
0x0E, 0x00, 0x14, 0xAB, 0xFF, 0xFF, 0xFF, 0xFF, 0xD9, 0x00, 0x00, 0x56, 0xFF, 0xFF, 0xFF, 0xFF, 
0xFF, 0xFE, 0xEE, 0xFF, 0xFF, 0xFF, 0xFF, 0xFF, 0xFF, 0x77, 0x00, 0x00, 0x01, 0xCE, 0xFF, 0xFF, 
0xFF, 0xFF, 0xFF, 0xFF, 0xFF, 0xFF, 0xFF, 0xFF, 0xFF, 0xCE, 0x06, 0x00, 0x00, 0x00, 0x10, 0xAF, 
0xFF, 0xFF, 0xFF, 0xFF, 0xFF, 0xFF, 0xFF, 0xFF, 0xFF, 0xCF, 0x20, 0x00, 0x00, 0x00, 0x00, 0x00, 
0x00, 0x6C, 0xCE, 0xF9, 0xFF, 0xFF, 0xFF, 0xFF, 0xD7, 0x78, 0x07, 0x00, 0x00, 0x00, 0x00, 0x00, 
0x00, 0x00, 0x00, 0x00, 0x05, 0x2E, 0x4C, 0x37, 0x1D, 0x00, 0x00, 0x00, 0x00, 0x00, 0x00, 0x00, 
0x22, 0x63, 0x63, 0x63, 0x53, 0x00, 0x00, 0x17, 0x63, 0x63, 0x63, 0x5F, 0x00, 0x00, 0x20, 0xE5, 
0xFF, 0xFF, 0xFF, 0x67, 0x06, 0xC6, 0xFF, 0xFF, 0xFF, 0xA9, 0x00, 0x00, 0x00, 0x2A, 0xEB, 0xFF, 
0xFF, 0xFA, 0xC4, 0xFF, 0xFF, 0xFF, 0xB3, 0x05, 0x00, 0x00, 0x00, 0x00, 0x32, 0xF0, 0xFF, 0xFF, 
0xFF, 0xFF, 0xFF, 0xBD, 0x08, 0x00, 0x00, 0x00, 0x00, 0x00, 0x00, 0x3C, 0xF5, 0xFF, 0xFF, 0xFF, 
0xC6, 0x0B, 0x00, 0x00, 0x00, 0x00, 0x00, 0x00, 0x00, 0x00, 0x3F, 0x88, 0x88, 0x84, 0x10, 0x00, 
0x00, 0x00, 0x00, 0x00, 0x00, 0x00, 0x00, 0x00, 0x00, 0x00, 0x00, 0x00, 0x00, 0x00, 0x00, 0x00, 
0x00, 0x00, 0x00, 0x00, 0x00, 0x07, 0x33, 0x62, 0x8E, 0x77, 0x3A, 0x06, 0x00, 0x00, 0x00, 0x00, 
0x00, 0x00, 0x31, 0xDD, 0xFF, 0xFF, 0xFF, 0xFF, 0xFF, 0xF6, 0x75, 0x00, 0x00, 0x00, 0x00, 0x4F, 
0xF7, 0xFF, 0xFF, 0xFF, 0xFF, 0xFF, 0xFF, 0xFF, 0xFF, 0x69, 0x00, 0x00, 0x04, 0xDE, 0xFF, 0xFF, 
0xFF, 0xFF, 0xFF, 0xFF, 0xFF, 0xFF, 0xFF, 0xFE, 0x3A, 0x00, 0x5D, 0xFF, 0xFF, 0xFF, 0xFF, 0xE2, 
0x8F, 0xC3, 0xFF, 0xFF, 0xFF, 0xFF, 0x7C, 0x00, 0xB4, 0xFF, 0xFF, 0xFF, 0xFF, 0x2D, 0x00, 0x07, 
0xDA, 0xFF, 0xFF, 0xFF, 0xB2, 0x00, 0xD4, 0xFF, 0xFF, 0xFF, 0xDB, 0x00, 0x00, 0x00, 0x97, 0xFF, 
0xFF, 0xFF, 0xE7, 0x00, 0xF3, 0xFF, 0xFF, 0xFF, 0xBA, 0x00, 0x00, 0x00, 0x31, 0x64, 0x64, 0x64, 
0x5C, 0x0E, 0xFF, 0xFF, 0xFF, 0xFF, 0xB0, 0x00, 0x00, 0x00, 0x00, 0x00, 0x00, 0x00, 0x00, 0x13, 
0xFF, 0xFF, 0xFF, 0xFF, 0xAB, 0x00, 0x00, 0x00, 0x00, 0x00, 0x00, 0x00, 0x00, 0x09, 0xFF, 0xFF, 
0xFF, 0xFF, 0xB1, 0x00, 0x00, 0x00, 0x00, 0x00, 0x00, 0x00, 0x00, 0x00, 0xEA, 0xFF, 0xFF, 0xFF, 
0xBC, 0x00, 0x00, 0x00, 0x1A, 0x37, 0x37, 0x37, 0x30, 0x00, 0xCB, 0xFF, 0xFF, 0xFF, 0xE5, 0x00, 
0x00, 0x00, 0x97, 0xFF, 0xFF, 0xFF, 0xF7, 0x00, 0xA6, 0xFF, 0xFF, 0xFF, 0xFF, 0x4E, 0x00, 0x13, 
0xE1, 0xFF, 0xFF, 0xFF, 0xDC, 0x00, 0x3C, 0xFF, 0xFF, 0xFF, 0xFF, 0xFC, 0xDB, 0xEC, 0xFF, 0xFF, 
0xFF, 0xFF, 0x96, 0x00, 0x00, 0xC0, 0xFF, 0xFF, 0xFF, 0xFF, 0xFF, 0xFF, 0xFF, 0xFF, 0xFF, 0xF0, 
0x27, 0x00, 0x00, 0x26, 0xD5, 0xFF, 0xFF, 0xFF, 0xFF, 0xFF, 0xFF, 0xFF, 0xEE, 0x34, 0x00, 0x00, 
0x00, 0x00, 0x0B, 0x9C, 0xEB, 0xFF, 0xFF, 0xFF, 0xF0, 0xB4, 0x32, 0x00, 0x00, 0x00, 0x00, 0x00, 
0x00, 0x00, 0x00, 0x1A, 0x46, 0x30, 0x02, 0x00, 0x00, 0x00, 0x00, 0x29, 0x47, 0x47, 0x47, 0x26, 
0x00, 0x00, 0x1F, 0x47, 0x47, 0x47, 0x31, 0x00, 0x00, 0x00, 0x00, 0x5D, 0xFE, 0xFF, 0xFF, 0xED, 
0x22, 0x15, 0xE0, 0xFF, 0xFF, 0xFF, 0x7F, 0x00, 0x00, 0x00, 0x00, 0x00, 0x70, 0xFF, 0xFF, 0xFF, 
0xD6, 0xCA, 0xFF, 0xFF, 0xFF, 0x93, 0x00, 0x00, 0x00, 0x00, 0x00, 0x00, 0x00, 0x7E, 0xFF, 0xFF, 
0xFF, 0xFF, 0xFF, 0xFF, 0x9E, 0x01, 0x00, 0x00, 0x00, 0x00, 0x00, 0x00, 0x00, 0x00, 0x8B, 0xFF, 
0xFF, 0xFF, 0xFF, 0xA9, 0x03, 0x00, 0x00, 0x00, 0x00, 0x00, 0x00, 0x00, 0x00, 0x00, 0x00, 0x7D, 
0xA4, 0xA4, 0x8D, 0x05, 0x00, 0x00, 0x00, 0x00, 0x00, 0x00, 0x00, 0x06, 0x1F, 0x2A, 0x3E, 0x3E, 
0x2E, 0x1F, 0x0B, 0x00, 0x00, 0x00, 0x00, 0x00, 0x00, 0x00, 0x00, 0x57, 0xFF, 0xFF, 0xFF, 0xFF, 
0xFF, 0xFF, 0xFE, 0xDB, 0xAD, 0x76, 0x08, 0x00, 0x00, 0x00, 0x00, 0x57, 0xFF, 0xFF, 0xFF, 0xFF, 
0xFF, 0xFF, 0xFF, 0xFF, 0xFF, 0xFF, 0xD7, 0x37, 0x00, 0x00, 0x00, 0x57, 0xFF, 0xFF, 0xFF, 0xFF, 
0xFF, 0xFF, 0xFF, 0xFF, 0xFF, 0xFF, 0xFF, 0xFC, 0x62, 0x00, 0x00, 0x57, 0xFF, 0xFF, 0xFF, 0xFF, 
0xFF, 0xFF, 0xFF, 0xFF, 0xFF, 0xFF, 0xFF, 0xFF, 0xF0, 0x16, 0x00, 0x57, 0xFF, 0xFF, 0xFF, 0xFF, 
0xA7, 0x0E, 0x2F, 0x61, 0xE9, 0xFF, 0xFF, 0xFF, 0xFF, 0x9E, 0x00, 0x57, 0xFF, 0xFF, 0xFF, 0xFF, 
0x9B, 0x00, 0x00, 0x00, 0x1B, 0xF1, 0xFF, 0xFF, 0xFF, 0xFE, 0x23, 0x57, 0xFF, 0xFF, 0xFF, 0xFF, 
0x9B, 0x00, 0x00, 0x00, 0x00, 0x99, 0xFF, 0xFF, 0xFF, 0xFF, 0x52, 0x57, 0xFF, 0xFF, 0xFF, 0xFF, 
0x9B, 0x00, 0x00, 0x00, 0x00, 0x52, 0xFF, 0xFF, 0xFF, 0xFF, 0x79, 0x57, 0xFF, 0xFF, 0xFF, 0xFF, 
0x9B, 0x00, 0x00, 0x00, 0x00, 0x3D, 0xFF, 0xFF, 0xFF, 0xFF, 0xA0, 0x57, 0xFF, 0xFF, 0xFF, 0xFF, 
0x9B, 0x00, 0x00, 0x00, 0x00, 0x2A, 0xFF, 0xFF, 0xFF, 0xFF, 0xC2, 0x57, 0xFF, 0xFF, 0xFF, 0xFF, 
0x9B, 0x00, 0x00, 0x00, 0x00, 0x23, 0xFF, 0xFF, 0xFF, 0xFF, 0xC7, 0x57, 0xFF, 0xFF, 0xFF, 0xFF, 
0x9B, 0x00, 0x00, 0x00, 0x00, 0x23, 0xFF, 0xFF, 0xFF, 0xFF, 0xC7, 0x57, 0xFF, 0xFF, 0xFF, 0xFF, 
0x9B, 0x00, 0x00, 0x00, 0x00, 0x23, 0xFF, 0xFF, 0xFF, 0xFF, 0xC7, 0x57, 0xFF, 0xFF, 0xFF, 0xFF, 
0x9B, 0x00, 0x00, 0x00, 0x00, 0x31, 0xFF, 0xFF, 0xFF, 0xFF, 0xC0, 0x57, 0xFF, 0xFF, 0xFF, 0xFF, 
0x9B, 0x00, 0x00, 0x00, 0x00, 0x4E, 0xFF, 0xFF, 0xFF, 0xFF, 0x9C, 0x57, 0xFF, 0xFF, 0xFF, 0xFF, 
0x9B, 0x00, 0x00, 0x00, 0x00, 0x6B, 0xFF, 0xFF, 0xFF, 0xFF, 0x75, 0x57, 0xFF, 0xFF, 0xFF, 0xFF, 
0x9B, 0x00, 0x00, 0x00, 0x00, 0xA5, 0xFF, 0xFF, 0xFF, 0xFF, 0x4E, 0x57, 0xFF, 0xFF, 0xFF, 0xFF, 
0x9B, 0x00, 0x00, 0x00, 0x4D, 0xFF, 0xFF, 0xFF, 0xFF, 0xFB, 0x1C, 0x57, 0xFF, 0xFF, 0xFF, 0xFF, 
0xC2, 0x2B, 0x5C, 0x97, 0xEE, 0xFF, 0xFF, 0xFF, 0xFF, 0x8E, 0x00, 0x57, 0xFF, 0xFF, 0xFF, 0xFF, 
0xFF, 0xFF, 0xFF, 0xFF, 0xFF, 0xFF, 0xFF, 0xFF, 0xE8, 0x0E, 0x00, 0x57, 0xFF, 0xFF, 0xFF, 0xFF, 
0xFF, 0xFF, 0xFF, 0xFF, 0xFF, 0xFF, 0xFF, 0xF4, 0x4E, 0x00, 0x00, 0x57, 0xFF, 0xFF, 0xFF, 0xFF, 
0xFF, 0xFF, 0xFF, 0xFF, 0xFF, 0xFF, 0xC0, 0x21, 0x00, 0x00, 0x00, 0x53, 0xFF, 0xFF, 0xFF, 0xFF, 
0xFF, 0xFB, 0xE8, 0xBB, 0x8E, 0x57, 0x01, 0x00, 0x00, 0x00, 0x00, 0x00, 0x00, 0x00, 0x00, 0x00, 
0x00, 0x00, 0x00, 0x00, 0x1F, 0x5F, 0x5F, 0x5F, 0x5F, 0x20, 0x04, 0x61, 0x63, 0x63, 0x2B, 0x00, 
0x00, 0x00, 0x00, 0x00, 0x00, 0x00, 0x00, 0x00, 0x5F, 0xFF, 0xFF, 0xFF, 0xFF, 0x63, 0x13, 0xFF, 
0xFF, 0xFF, 0x7B, 0x00, 0x00, 0x00, 0x00, 0x00, 0x00, 0x00, 0x00, 0x00, 0x5F, 0xFF, 0xFF, 0xFF, 
0xFF, 0x63, 0x24, 0xFF, 0xFF, 0xFF, 0x67, 0x00, 0x00, 0x00, 0x00, 0x00, 0x00, 0x00, 0x00, 0x00, 
0x5F, 0xFF, 0xFF, 0xFF, 0xFF, 0x63, 0x44, 0xFF, 0xFF, 0xFF, 0x35, 0x00, 0x00, 0x00, 0x00, 0x00, 
0x00, 0x00, 0x00, 0x00, 0x5F, 0xFF, 0xFF, 0xFF, 0xFF, 0x63, 0x7B, 0xFF, 0xFF, 0xFB, 0x07, 0x00, 
0x00, 0x00, 0x00, 0x00, 0x00, 0x00, 0x00, 0x00, 0x5F, 0xFF, 0xFF, 0xFF, 0xFF, 0x66, 0xE0, 0xFF, 
0xFF, 0xA8, 0x00, 0x00, 0x00, 0x00, 0x00, 0x00, 0x00, 0x00, 0x00, 0x00, 0x5F, 0xFF, 0xFF, 0xFF, 
0xFF, 0x6D, 0xB7, 0xFF, 0xF5, 0x1C, 0x00, 0x00, 0x00, 0x00, 0x01, 0x31, 0x68, 0x90, 0x5E, 0x16, 
0x5F, 0xFF, 0xFF, 0xFF, 0xFF, 0x63, 0x00, 0x4B, 0x5D, 0x00, 0x00, 0x00, 0x00, 0x05, 0xA3, 0xFF, 
0xFF, 0xFF, 0xFF, 0xFB, 0xAD, 0xFF, 0xFF, 0xFF, 0xFF, 0x63, 0x00, 0x00, 0x00, 0x00, 0x00, 0x00, 
0x00, 0xAD, 0xFF, 0xFF, 0xFF, 0xFF, 0xFF, 0xFF, 0xFF, 0xFF, 0xFF, 0xFF, 0xFF, 0x63, 0x00, 0x00, 
0x00, 0x00, 0x00, 0x00, 0x29, 0xFF, 0xFF, 0xFF, 0xFF, 0xFF, 0xFF, 0xFF, 0xFF, 0xFF, 0xFF, 0xFF, 
0xFF, 0x63, 0x00, 0x00, 0x00, 0x00, 0x00, 0x00, 0x91, 0xFF, 0xFF, 0xFF, 0xFF, 0xEB, 0x92, 0xB1, 
0xFF, 0xFF, 0xFF, 0xFF, 0xFF, 0x63, 0x00, 0x00, 0x00, 0x00, 0x00, 0x00, 0xD5, 0xFF, 0xFF, 0xFF, 
0xFF, 0x3A, 0x00, 0x00, 0xF6, 0xFF, 0xFF, 0xFF, 0xFF, 0x63, 0x00, 0x00, 0x00, 0x00, 0x00, 0x00, 
0xEE, 0xFF, 0xFF, 0xFF, 0xDD, 0x00, 0x00, 0x00, 0x81, 0xFF, 0xFF, 0xFF, 0xFF, 0x63, 0x00, 0x00, 
0x00, 0x00, 0x00, 0x07, 0xFF, 0xFF, 0xFF, 0xFF, 0xB4, 0x00, 0x00, 0x00, 0x5F, 0xFF, 0xFF, 0xFF, 
0xFF, 0x63, 0x00, 0x00, 0x00, 0x00, 0x00, 0x1E, 0xFF, 0xFF, 0xFF, 0xFF, 0xA8, 0x00, 0x00, 0x00, 
0x5F, 0xFF, 0xFF, 0xFF, 0xFF, 0x63, 0x00, 0x00, 0x00, 0x00, 0x00, 0x21, 0xFF, 0xFF, 0xFF, 0xFF, 
0x9C, 0x00, 0x00, 0x00, 0x5F, 0xFF, 0xFF, 0xFF, 0xFF, 0x63, 0x00, 0x00, 0x00, 0x00, 0x00, 0x17, 
0xFF, 0xFF, 0xFF, 0xFF, 0xA6, 0x00, 0x00, 0x00, 0x5F, 0xFF, 0xFF, 0xFF, 0xFF, 0x63, 0x00, 0x00, 
0x00, 0x00, 0x00, 0x03, 0xFD, 0xFF, 0xFF, 0xFF, 0xB6, 0x00, 0x00, 0x00, 0x62, 0xFF, 0xFF, 0xFF, 
0xFF, 0x63, 0x00, 0x00, 0x00, 0x00, 0x00, 0x00, 0xE7, 0xFF, 0xFF, 0xFF, 0xE9, 0x01, 0x00, 0x00, 
0x91, 0xFF, 0xFF, 0xFF, 0xFF, 0x63, 0x00, 0x00, 0x00, 0x00, 0x00, 0x00, 0xC8, 0xFF, 0xFF, 0xFF, 
0xFF, 0x67, 0x00, 0x0E, 0xFF, 0xFF, 0xFF, 0xFF, 0xFF, 0x63, 0x00, 0x00, 0x00, 0x00, 0x00, 0x00, 
0x70, 0xFF, 0xFF, 0xFF, 0xFF, 0xFF, 0xE0, 0xF9, 0xFF, 0xFF, 0xFF, 0xFF, 0xFF, 0x63, 0x00, 0x00, 
0x00, 0x00, 0x00, 0x00, 0x11, 0xF6, 0xFF, 0xFF, 0xFF, 0xFF, 0xFF, 0xFF, 0xFF, 0xFF, 0xFF, 0xFF, 
0xFF, 0x63, 0x00, 0x00, 0x00, 0x00, 0x00, 0x00, 0x00, 0x6A, 0xFE, 0xFF, 0xFF, 0xFF, 0xFF, 0xFF, 
0xF9, 0xFF, 0xFF, 0xFF, 0xFF, 0x63, 0x00, 0x00, 0x00, 0x00, 0x00, 0x00, 0x00, 0x00, 0x59, 0xE6, 
0xFF, 0xFF, 0xFE, 0xC9, 0x23, 0xFD, 0xFF, 0xFF, 0xFF, 0x63, 0x00, 0x00, 0x00, 0x00, 0x00, 0x00, 
0x00, 0x00, 0x00, 0x00, 0x1F, 0x49, 0x17, 0x00, 0x00, 0x03, 0x03, 0x02, 0x01, 0x00, 0x00, 0x00, 
0x00, 0x00, 0x00, 0x00, 0x00, 0x17, 0x1F, 0x3A, 0x3E, 0x3C, 0x1F, 0x19, 0x00, 0x00, 0x00, 0x00, 
0x00, 0x00, 0x00, 0x00, 0x00, 0x00, 0x00, 0xE0, 0xFF, 0xFF, 0xFF, 0xFF, 0xFF, 0xFF, 0xF0, 0xC3, 
0x95, 0x35, 0x00, 0x00, 0x00, 0x00, 0x00, 0x00, 0x00, 0xE0, 0xFF, 0xFF, 0xFF, 0xFF, 0xFF, 0xFF, 
0xFF, 0xFF, 0xFF, 0xFC, 0x85, 0x06, 0x00, 0x00, 0x00, 0x00, 0x00, 0xE0, 0xFF, 0xFF, 0xFF, 0xFF, 
0xFF, 0xFF, 0xFF, 0xFF, 0xFF, 0xFF, 0xFF, 0xCE, 0x09, 0x00, 0x00, 0x00, 0x00, 0xE0, 0xFF, 0xFF, 
0xFF, 0xFF, 0xFF, 0xFF, 0xFF, 0xFF, 0xFF, 0xFF, 0xFF, 0xFF, 0x80, 0x00, 0x00, 0x00, 0x00, 0xE0, 
0xFF, 0xFF, 0xFF, 0xFF, 0x1F, 0x1D, 0x45, 0xA7, 0xFF, 0xFF, 0xFF, 0xFF, 0xF6, 0x1F, 0x00, 0x00, 
0x00, 0xE0, 0xFF, 0xFF, 0xFF, 0xFF, 0x12, 0x00, 0x00, 0x00, 0x94, 0xFF, 0xFF, 0xFF, 0xFF, 0x9A, 
0x00, 0x00, 0x00, 0xE0, 0xFF, 0xFF, 0xFF, 0xFF, 0x12, 0x00, 0x00, 0x00, 0x23, 0xFE, 0xFF, 0xFF, 
0xFF, 0xCA, 0x00, 0x00, 0x00, 0xE0, 0xFF, 0xFF, 0xFF, 0xFF, 0x12, 0x00, 0x00, 0x00, 0x00, 0xDB, 
0xFF, 0xFF, 0xFF, 0xF1, 0x00, 0x00, 0x00, 0xE0, 0xFF, 0xFF, 0xFF, 0xFF, 0x12, 0x00, 0x00, 0x00, 
0x00, 0xC6, 0xFF, 0xFF, 0xFF, 0xFF, 0x18, 0x36, 0x43, 0xFF, 0xFF, 0xFF, 0xFF, 0xFF, 0x55, 0x43, 
0x3C, 0x00, 0x00, 0xB3, 0xFF, 0xFF, 0xFF, 0xFF, 0x3A, 0xDE, 0xFF, 0xFF, 0xFF, 0xFF, 0xFF, 0xFF, 
0xFF, 0xFF, 0xF7, 0x00, 0x00, 0xAC, 0xFF, 0xFF, 0xFF, 0xFF, 0x3F, 0xDE, 0xFF, 0xFF, 0xFF, 0xFF, 
0xFF, 0xFF, 0xFF, 0xFF, 0xF7, 0x00, 0x00, 0xAC, 0xFF, 0xFF, 0xFF, 0xFF, 0x3F, 0xD0, 0xF5, 0xFF, 
0xFF, 0xFF, 0xFF, 0xFF, 0xFF, 0xF5, 0xE8, 0x00, 0x00, 0xAC, 0xFF, 0xFF, 0xFF, 0xFF, 0x3F, 0x00, 
0x00, 0xE0, 0xFF, 0xFF, 0xFF, 0xFF, 0x12, 0x00, 0x00, 0x00, 0x00, 0xBA, 0xFF, 0xFF, 0xFF, 0xFF, 
0x38, 0x00, 0x00, 0xE0, 0xFF, 0xFF, 0xFF, 0xFF, 0x12, 0x00, 0x00, 0x00, 0x00, 0xD7, 0xFF, 0xFF, 
0xFF, 0xFF, 0x14, 0x00, 0x00, 0xE0, 0xFF, 0xFF, 0xFF, 0xFF, 0x12, 0x00, 0x00, 0x00, 0x00, 0xF3, 
0xFF, 0xFF, 0xFF, 0xED, 0x00, 0x00, 0x00, 0xE0, 0xFF, 0xFF, 0xFF, 0xFF, 0x12, 0x00, 0x00, 0x00, 
0x2D, 0xFF, 0xFF, 0xFF, 0xFF, 0xC6, 0x00, 0x00, 0x00, 0xE0, 0xFF, 0xFF, 0xFF, 0xFF, 0x12, 0x00, 
0x00, 0x05, 0xCE, 0xFF, 0xFF, 0xFF, 0xFF, 0x8F, 0x00, 0x00, 0x00, 0xE0, 0xFF, 0xFF, 0xFF, 0xFF, 
0x3A, 0x41, 0x7C, 0xC4, 0xFF, 0xFF, 0xFF, 0xFF, 0xEF, 0x15, 0x00, 0x00, 0x00, 0xE0, 0xFF, 0xFF, 
0xFF, 0xFF, 0xFF, 0xFF, 0xFF, 0xFF, 0xFF, 0xFF, 0xFF, 0xFF, 0x6E, 0x00, 0x00, 0x00, 0x00, 0xE0, 
0xFF, 0xFF, 0xFF, 0xFF, 0xFF, 0xFF, 0xFF, 0xFF, 0xFF, 0xFF, 0xFF, 0xB5, 0x04, 0x00, 0x00, 0x00, 
0x00, 0xE0, 0xFF, 0xFF, 0xFF, 0xFF, 0xFF, 0xFF, 0xFF, 0xFF, 0xFF, 0xF2, 0x65, 0x00, 0x00, 0x00, 
0x00, 0x00, 0x00, 0xDC, 0xFF, 0xFF, 0xFF, 0xFF, 0xFF, 0xF4, 0xD0, 0xA3, 0x75, 0x1F, 0x00, 0x00, 
0x00, 0x00, 0x00, 0x00, 0x00, 0x00, 0x00, 0x00, 0x00, 0x00, 0x00, 0x00, 0x1E, 0x5F, 0x5F, 0x5F, 
0x5F, 0x20, 0x00, 0x00, 0x00, 0x00, 0x00, 0x00, 0x00, 0x00, 0x00, 0x00, 0x00, 0x5E, 0xFF, 0xFF, 
0xFF, 0xFF, 0x62, 0x00, 0x00, 0x00, 0x00, 0x00, 0x00, 0x00, 0x00, 0x15, 0x43, 0x43, 0xA2, 0xFF, 
0xFF, 0xFF, 0xFF, 0xA6, 0x43, 0x1A, 0x00, 0x00, 0x00, 0x00, 0x00, 0x00, 0x61, 0xFF, 0xFF, 0xFF, 
0xFF, 0xFF, 0xFF, 0xFF, 0xFF, 0xFF, 0x74, 0x00, 0x00, 0x00, 0x00, 0x00, 0x00, 0x61, 0xFF, 0xFF, 
0xFF, 0xFF, 0xFF, 0xFF, 0xFF, 0xFF, 0xFF, 0x74, 0x00, 0x00, 0x00, 0x00, 0x00, 0x00, 0x58, 0xF4, 
0xF4, 0xFF, 0xFF, 0xFF, 0xFF, 0xFF, 0xFF, 0xF4, 0x6A, 0x00, 0x00, 0x00, 0x00, 0x00, 0x00, 0x00, 
0x00, 0x00, 0x5E, 0xFF, 0xFF, 0xFF, 0xFF, 0x62, 0x00, 0x00, 0x00, 0x00, 0x00, 0x00, 0x14, 0x56, 
0x8E, 0x66, 0x1E, 0x5E, 0xFF, 0xFF, 0xFF, 0xFF, 0x62, 0x00, 0x00, 0x00, 0x00, 0x00, 0x62, 0xFD, 
0xFF, 0xFF, 0xFF, 0xFF, 0xD8, 0xFF, 0xFF, 0xFF, 0xFF, 0x62, 0x00, 0x00, 0x00, 0x00, 0x5D, 0xFD, 
0xFF, 0xFF, 0xFF, 0xFF, 0xFF, 0xFF, 0xFF, 0xFF, 0xFF, 0xFF, 0x62, 0x00, 0x00, 0x00, 0x07, 0xEB, 
0xFF, 0xFF, 0xFF, 0xFF, 0xFF, 0xFF, 0xFF, 0xFF, 0xFF, 0xFF, 0xFF, 0x62, 0x00, 0x00, 0x00, 0x59, 
0xFF, 0xFF, 0xFF, 0xFF, 0xF6, 0xA0, 0xBA, 0xFF, 0xFF, 0xFF, 0xFF, 0xFF, 0x62, 0x00, 0x00, 0x00, 
0xB8, 0xFF, 0xFF, 0xFF, 0xFF, 0x66, 0x00, 0x01, 0xFF, 0xFF, 0xFF, 0xFF, 0xFF, 0x62, 0x00, 0x00, 
0x00, 0xDF, 0xFF, 0xFF, 0xFF, 0xF5, 0x05, 0x00, 0x00, 0x96, 0xFF, 0xFF, 0xFF, 0xFF, 0x62, 0x00, 
0x00, 0x01, 0xF9, 0xFF, 0xFF, 0xFF, 0xC1, 0x00, 0x00, 0x00, 0x61, 0xFF, 0xFF, 0xFF, 0xFF, 0x62, 
0x00, 0x00, 0x16, 0xFF, 0xFF, 0xFF, 0xFF, 0xAA, 0x00, 0x00, 0x00, 0x5E, 0xFF, 0xFF, 0xFF, 0xFF, 
0x62, 0x00, 0x00, 0x20, 0xFF, 0xFF, 0xFF, 0xFF, 0xA4, 0x00, 0x00, 0x00, 0x5E, 0xFF, 0xFF, 0xFF, 
0xFF, 0x62, 0x00, 0x00, 0x0F, 0xFF, 0xFF, 0xFF, 0xFF, 0xAD, 0x00, 0x00, 0x00, 0x5E, 0xFF, 0xFF, 
0xFF, 0xFF, 0x62, 0x00, 0x00, 0x00, 0xF3, 0xFF, 0xFF, 0xFF, 0xC9, 0x00, 0x00, 0x00, 0x6B, 0xFF, 
0xFF, 0xFF, 0xFF, 0x62, 0x00, 0x00, 0x00, 0xD7, 0xFF, 0xFF, 0xFF, 0xFB, 0x0D, 0x00, 0x00, 0xAA, 
0xFF, 0xFF, 0xFF, 0xFF, 0x62, 0x00, 0x00, 0x00, 0xA0, 0xFF, 0xFF, 0xFF, 0xFF, 0x95, 0x01, 0x16, 
0xFF, 0xFF, 0xFF, 0xFF, 0xFF, 0x62, 0x00, 0x00, 0x00, 0x39, 0xFF, 0xFF, 0xFF, 0xFF, 0xFF, 0xEB, 
0xFB, 0xFF, 0xFF, 0xFF, 0xFF, 0xFF, 0x62, 0x00, 0x00, 0x00, 0x00, 0xD0, 0xFF, 0xFF, 0xFF, 0xFF, 
0xFF, 0xFF, 0xFF, 0xFF, 0xFF, 0xFF, 0xFF, 0x62, 0x00, 0x00, 0x00, 0x00, 0x27, 0xE7, 0xFF, 0xFF, 
0xFF, 0xFF, 0xFF, 0xFF, 0xFF, 0xFF, 0xFF, 0xFF, 0x62, 0x00, 0x00, 0x00, 0x00, 0x00, 0x2A, 0xC8, 
0xFD, 0xFF, 0xFF, 0xD4, 0x3F, 0xFB, 0xFF, 0xFF, 0xFF, 0x5E, 0x00, 0x00, 0x00, 0x00, 0x00, 0x00, 
0x00, 0x11, 0x48, 0x1D, 0x00, 0x00, 0x00, 0x00, 0x00, 0x00, 0x00, 0x00, 0x00, 0x06, 0x1F, 0x1F, 
0x20, 0x3D, 0x2D, 0x1F, 0x1F, 0x1F, 0x1F, 0x1F, 0x1F, 0x1F, 0x1C, 0x00, 0x58, 0xFF, 0xFF, 0xFF, 
0xFF, 0xFF, 0xFF, 0xFF, 0xFF, 0xFF, 0xFF, 0xFF, 0xFF, 0xFF, 0x09, 0x58, 0xFF, 0xFF, 0xFF, 0xFF, 
0xFF, 0xFF, 0xFF, 0xFF, 0xFF, 0xFF, 0xFF, 0xFF, 0xFF, 0x0A, 0x58, 0xFF, 0xFF, 0xFF, 0xFF, 0xFF, 
0xFF, 0xFF, 0xFF, 0xFF, 0xFF, 0xFF, 0xFF, 0xFF, 0x0A, 0x58, 0xFF, 0xFF, 0xFF, 0xFF, 0xFF, 0xFF, 
0xFF, 0xFF, 0xFF, 0xFF, 0xFF, 0xFF, 0xFE, 0x09, 0x58, 0xFF, 0xFF, 0xFF, 0xFF, 0xA7, 0x0D, 0x0D, 
0x0D, 0x0D, 0x0D, 0x0D, 0x0D, 0x0B, 0x00, 0x58, 0xFF, 0xFF, 0xFF, 0xFF, 0x9A, 0x00, 0x00, 0x00, 
0x00, 0x00, 0x00, 0x00, 0x00, 0x00, 0x58, 0xFF, 0xFF, 0xFF, 0xFF, 0x9A, 0x00, 0x00, 0x00, 0x00, 
0x00, 0x00, 0x00, 0x00, 0x00, 0x58, 0xFF, 0xFF, 0xFF, 0xFF, 0x9A, 0x00, 0x00, 0x00, 0x00, 0x00, 
0x00, 0x00, 0x00, 0x00, 0x58, 0xFF, 0xFF, 0xFF, 0xFF, 0x9A, 0x00, 0x00, 0x00, 0x00, 0x00, 0x00, 
0x00, 0x00, 0x00, 0x58, 0xFF, 0xFF, 0xFF, 0xFF, 0xFF, 0xE8, 0xE8, 0xE8, 0xE8, 0xE8, 0xE8, 0xAA, 
0x00, 0x00, 0x58, 0xFF, 0xFF, 0xFF, 0xFF, 0xFF, 0xFF, 0xFF, 0xFF, 0xFF, 0xFF, 0xFF, 0xC0, 0x00, 
0x00, 0x58, 0xFF, 0xFF, 0xFF, 0xFF, 0xFF, 0xFF, 0xFF, 0xFF, 0xFF, 0xFF, 0xFF, 0xC0, 0x00, 0x00, 
0x58, 0xFF, 0xFF, 0xFF, 0xFF, 0xFF, 0xFF, 0xFF, 0xFF, 0xFF, 0xFF, 0xFF, 0xC0, 0x00, 0x00, 0x58, 
0xFF, 0xFF, 0xFF, 0xFF, 0xBD, 0x23, 0x23, 0x23, 0x23, 0x23, 0x23, 0x16, 0x00, 0x00, 0x58, 0xFF, 
0xFF, 0xFF, 0xFF, 0x9A, 0x00, 0x00, 0x00, 0x00, 0x00, 0x00, 0x00, 0x00, 0x00, 0x58, 0xFF, 0xFF, 
0xFF, 0xFF, 0x9A, 0x00, 0x00, 0x00, 0x00, 0x00, 0x00, 0x00, 0x00, 0x00, 0x58, 0xFF, 0xFF, 0xFF, 
0xFF, 0x9A, 0x00, 0x00, 0x00, 0x00, 0x00, 0x00, 0x00, 0x00, 0x00, 0x58, 0xFF, 0xFF, 0xFF, 0xFF, 
0x9A, 0x00, 0x00, 0x00, 0x00, 0x00, 0x00, 0x00, 0x00, 0x00, 0x58, 0xFF, 0xFF, 0xFF, 0xFF, 0xC2, 
0x28, 0x28, 0x28, 0x28, 0x28, 0x28, 0x28, 0x26, 0x00, 0x58, 0xFF, 0xFF, 0xFF, 0xFF, 0xFF, 0xFF, 
0xFF, 0xFF, 0xFF, 0xFF, 0xFF, 0xFF, 0xFF, 0x12, 0x58, 0xFF, 0xFF, 0xFF, 0xFF, 0xFF, 0xFF, 0xFF, 
0xFF, 0xFF, 0xFF, 0xFF, 0xFF, 0xFF, 0x13, 0x58, 0xFF, 0xFF, 0xFF, 0xFF, 0xFF, 0xFF, 0xFF, 0xFF, 
0xFF, 0xFF, 0xFF, 0xFF, 0xFF, 0x13, 0x54, 0xFF, 0xFF, 0xFF, 0xFF, 0xFF, 0xFF, 0xFF, 0xFF, 0xFF, 
0xFF, 0xFF, 0xFF, 0xFE, 0x10, 0x00, 0x00, 0x00, 0x00, 0x00, 0x00, 0x0A, 0xE0, 0xFF, 0xFF, 0xEF, 
0x46, 0x00, 0x00, 0x00, 0x00, 0x00, 0x00, 0x00, 0x00, 0x00, 0x74, 0xFF, 0xFF, 0xFF, 0x4F, 0x00, 
0x00, 0x00, 0x00, 0x00, 0x00, 0x00, 0x00, 0x00, 0x00, 0xA5, 0xFF, 0xFF, 0xFF, 0x04, 0x00, 0x00, 
0x00, 0x00, 0x00, 0x00, 0x00, 0x00, 0x00, 0x00, 0xAE, 0xFF, 0xFF, 0xFF, 0xC3, 0xA8, 0x00, 0x00, 
0x00, 0x00, 0x00, 0x00, 0x00, 0x00, 0x00, 0x82, 0xFF, 0xFF, 0xFF, 0xFF, 0xE9, 0x00, 0x00, 0x00, 
0x00, 0x00, 0x00, 0x00, 0x00, 0x00, 0x12, 0xE0, 0xFF, 0xFF, 0xFF, 0xFF, 0x0E, 0x00, 0x00, 0x00, 
0x00, 0x00, 0x00, 0x00, 0x00, 0x00, 0x0D, 0x6D, 0x94, 0x7D, 0x36, 0x00, 0x00, 0x00, 0x00, 0x00, 
0x00, 0x01, 0x2A, 0x59, 0x88, 0x86, 0x57, 0x27, 0x00, 0x00, 0x00, 0x00, 0x00, 0x00, 0x15, 0xB8, 
0xFF, 0xFF, 0xFF, 0xFF, 0xFF, 0xFF, 0xA7, 0x0B, 0x00, 0x00, 0x00, 0x26, 0xE5, 0xFF, 0xFF, 0xFF, 
0xFF, 0xFF, 0xFF, 0xFF, 0xFF, 0xD5, 0x0D, 0x00, 0x00, 0xAA, 0xFF, 0xFF, 0xFF, 0xFF, 0xFF, 0xFF, 
0xFF, 0xFF, 0xFF, 0xFF, 0x73, 0x00, 0x2E, 0xFE, 0xFF, 0xFF, 0xFF, 0xF7, 0x95, 0xA0, 0xFA, 0xFF, 
0xFF, 0xFF, 0xE5, 0x06, 0x8A, 0xFF, 0xFF, 0xFF, 0xFF, 0x64, 0x00, 0x00, 0x83, 0xFF, 0xFF, 0xFF, 
0xFF, 0x3C, 0xAB, 0xFF, 0xFF, 0xFF, 0xFC, 0x0F, 0x00, 0x00, 0x35, 0xFF, 0xFF, 0xFF, 0xFF, 0x59, 
0xCC, 0xFF, 0xFF, 0xFF, 0xFF, 0x73, 0x73, 0x73, 0x85, 0xFF, 0xFF, 0xFF, 0xFF, 0x75, 0xED, 0xFF, 
0xFF, 0xFF, 0xFF, 0xFF, 0xFF, 0xFF, 0xFF, 0xFF, 0xFF, 0xFF, 0xFF, 0x90, 0xF6, 0xFF, 0xFF, 0xFF, 
0xFF, 0xFF, 0xFF, 0xFF, 0xFF, 0xFF, 0xFF, 0xFF, 0xFF, 0x96, 0xF1, 0xFF, 0xFF, 0xFF, 0xFF, 0xFF, 
0xFF, 0xFF, 0xFF, 0xFF, 0xFF, 0xFF, 0xFF, 0x92, 0xD1, 0xFF, 0xFF, 0xFF, 0xF2, 0x01, 0x01, 0x01, 
0x01, 0x01, 0x01, 0x01, 0x01, 0x00, 0xAC, 0xFF, 0xFF, 0xFF, 0xFF, 0x30, 0x00, 0x00, 0x00, 0x00, 
0x01, 0x26, 0x00, 0x00, 0x84, 0xFF, 0xFF, 0xFF, 0xFF, 0xC0, 0x12, 0x00, 0x00, 0x1E, 0xB8, 0xF4, 
0x22, 0x00, 0x1D, 0xF6, 0xFF, 0xFF, 0xFF, 0xFF, 0xF0, 0xC8, 0xE2, 0xFF, 0xFF, 0xFF, 0xBE, 0x01, 
0x00, 0x81, 0xFF, 0xFF, 0xFF, 0xFF, 0xFF, 0xFF, 0xFF, 0xFF, 0xFF, 0xFF, 0xFF, 0x44, 0x00, 0x0A, 
0xA3, 0xFF, 0xFF, 0xFF, 0xFF, 0xFF, 0xFF, 0xFF, 0xFF, 0xFF, 0x94, 0x01, 0x00, 0x00, 0x00, 0x52, 
0xD4, 0xFB, 0xFF, 0xFF, 0xFF, 0xFF, 0xFF, 0x43, 0x00, 0x00, 0x00, 0x00, 0x00, 0x00, 0x00, 0x4B, 
0xFF, 0xFF, 0xFF, 0xAF, 0x03, 0x00, 0x00, 0x00, 0x00, 0x00, 0x00, 0x00, 0x00, 0x9F, 0xFF, 0xFF, 
0xFD, 0x0F, 0x00, 0x00, 0x00, 0x00, 0x00, 0x00, 0x00, 0x00, 0x00, 0xC0, 0xFF, 0xFF, 0xFC, 0x41, 
0x41, 0x00, 0x00, 0x00, 0x00, 0x00, 0x00, 0x00, 0x00, 0xA9, 0xFF, 0xFF, 0xFF, 0xFF, 0xC8, 0x00, 
0x00, 0x00, 0x00, 0x00, 0x00, 0x00, 0x00, 0x58, 0xFF, 0xFF, 0xFF, 0xFF, 0xF1, 0x00, 0x00, 0x00, 
0x00, 0x00, 0x00, 0x00, 0x00, 0x00, 0x75, 0xEE, 0xFF, 0xF8, 0xB0, 0x04, 0x00, 0x00, 0x00, 0x00, 
0x00, 0x00, 0x00, 0x00, 0x00, 0x00, 0x14, 0x03, 0x00, 0x00, 0x00, 0x00, 0x00, 0x00, 0x42, 0x47, 
0x47, 0x47, 0x0D, 0x00, 0x00, 0x38, 0x47, 0x47, 0x47, 0x18, 0x00, 0x00, 0x00, 0xB8, 0xFF, 0xFF, 
0xFF, 0xB2, 0x01, 0x53, 0xFE, 0xFF, 0xFF, 0xF3, 0x2F, 0x00, 0x00, 0x00, 0x0A, 0xC2, 0xFF, 0xFF, 
0xFF, 0xAC, 0xF4, 0xFF, 0xFF, 0xF7, 0x40, 0x00, 0x00, 0x00, 0x00, 0x00, 0x0E, 0xCB, 0xFF, 0xFF, 
0xFF, 0xFF, 0xFF, 0xFA, 0x4A, 0x00, 0x00, 0x00, 0x00, 0x00, 0x00, 0x00, 0x13, 0xD4, 0xFF, 0xFF, 
0xFF, 0xFC, 0x54, 0x00, 0x00, 0x00, 0x00, 0x00, 0x00, 0x00, 0x00, 0x00, 0x19, 0x9F, 0xA4, 0xA4, 
0x58, 0x00, 0x00, 0x00, 0x00, 0x00, 0x06, 0x1F, 0x1F, 0x20, 0x3E, 0x2E, 0x1F, 0x1F, 0x1F, 0x1F, 
0x1F, 0x1F, 0x1F, 0x1C, 0x00, 0x57, 0xFF, 0xFF, 0xFF, 0xFF, 0xFF, 0xFF, 0xFF, 0xFF, 0xFF, 0xFF, 
0xFF, 0xFF, 0xFF, 0x0B, 0x57, 0xFF, 0xFF, 0xFF, 0xFF, 0xFF, 0xFF, 0xFF, 0xFF, 0xFF, 0xFF, 0xFF, 
0xFF, 0xFF, 0x0B, 0x57, 0xFF, 0xFF, 0xFF, 0xFF, 0xFF, 0xFF, 0xFF, 0xFF, 0xFF, 0xFF, 0xFF, 0xFF, 
0xFF, 0x0B, 0x57, 0xFF, 0xFF, 0xFF, 0xFF, 0xFF, 0xFF, 0xFF, 0xFF, 0xFF, 0xFF, 0xFF, 0xFF, 0xFE, 
0x0A, 0x57, 0xFF, 0xFF, 0xFF, 0xFF, 0xA7, 0x0C, 0x0C, 0x0C, 0x0C, 0x0C, 0x0C, 0x0C, 0x0A, 0x00, 
0x57, 0xFF, 0xFF, 0xFF, 0xFF, 0x9B, 0x00, 0x00, 0x00, 0x00, 0x00, 0x00, 0x00, 0x00, 0x00, 0x57, 
0xFF, 0xFF, 0xFF, 0xFF, 0x9B, 0x00, 0x00, 0x00, 0x00, 0x00, 0x00, 0x00, 0x00, 0x00, 0x57, 0xFF, 
0xFF, 0xFF, 0xFF, 0x9B, 0x00, 0x00, 0x00, 0x00, 0x00, 0x00, 0x00, 0x00, 0x00, 0x57, 0xFF, 0xFF, 
0xFF, 0xFF, 0x9B, 0x00, 0x00, 0x00, 0x00, 0x00, 0x00, 0x00, 0x00, 0x00, 0x57, 0xFF, 0xFF, 0xFF, 
0xFF, 0xFF, 0xE7, 0xE7, 0xE7, 0xE7, 0xE7, 0xE7, 0xA8, 0x00, 0x00, 0x57, 0xFF, 0xFF, 0xFF, 0xFF, 
0xFF, 0xFF, 0xFF, 0xFF, 0xFF, 0xFF, 0xFF, 0xBF, 0x00, 0x00, 0x57, 0xFF, 0xFF, 0xFF, 0xFF, 0xFF, 
0xFF, 0xFF, 0xFF, 0xFF, 0xFF, 0xFF, 0xBF, 0x00, 0x00, 0x57, 0xFF, 0xFF, 0xFF, 0xFF, 0xFF, 0xFF, 
0xFF, 0xFF, 0xFF, 0xFF, 0xFF, 0xBF, 0x00, 0x00, 0x57, 0xFF, 0xFF, 0xFF, 0xFF, 0xBF, 0x24, 0x24, 
0x24, 0x24, 0x24, 0x24, 0x16, 0x00, 0x00, 0x57, 0xFF, 0xFF, 0xFF, 0xFF, 0x9B, 0x00, 0x00, 0x00, 
0x00, 0x00, 0x00, 0x00, 0x00, 0x00, 0x57, 0xFF, 0xFF, 0xFF, 0xFF, 0x9B, 0x00, 0x00, 0x00, 0x00, 
0x00, 0x00, 0x00, 0x00, 0x00, 0x57, 0xFF, 0xFF, 0xFF, 0xFF, 0x9B, 0x00, 0x00, 0x00, 0x00, 0x00, 
0x00, 0x00, 0x00, 0x00, 0x57, 0xFF, 0xFF, 0xFF, 0xFF, 0x9B, 0x00, 0x00, 0x00, 0x00, 0x00, 0x00, 
0x00, 0x00, 0x00, 0x57, 0xFF, 0xFF, 0xFF, 0xFF, 0xC2, 0x27, 0x27, 0x27, 0x27, 0x27, 0x27, 0x27, 
0x25, 0x00, 0x57, 0xFF, 0xFF, 0xFF, 0xFF, 0xFF, 0xFF, 0xFF, 0xFF, 0xFF, 0xFF, 0xFF, 0xFF, 0xFF, 
0x13, 0x57, 0xFF, 0xFF, 0xFF, 0xFF, 0xFF, 0xFF, 0xFF, 0xFF, 0xFF, 0xFF, 0xFF, 0xFF, 0xFF, 0x13, 
0x57, 0xFF, 0xFF, 0xFF, 0xFF, 0xFF, 0xFF, 0xFF, 0xFF, 0xFF, 0xFF, 0xFF, 0xFF, 0xFF, 0x13, 0x53, 
0xFF, 0xFF, 0xFF, 0xFF, 0xFF, 0xFF, 0xFF, 0xFF, 0xFF, 0xFF, 0xFF, 0xFF, 0xFE, 0x10, 0x1A, 0x67, 
0x67, 0x67, 0x5F, 0x01, 0x00, 0x0F, 0x66, 0x67, 0x67, 0x66, 0x07, 0x00, 0x14, 0xD7, 0xFF, 0xFF, 
0xFF, 0x82, 0x02, 0xB5, 0xFF, 0xFF, 0xFF, 0xB9, 0x04, 0x00, 0x00, 0x1B, 0xDE, 0xFF, 0xFF, 0xFE, 
0xC3, 0xFF, 0xFF, 0xFF, 0xC2, 0x0A, 0x00, 0x00, 0x00, 0x00, 0x22, 0xE5, 0xFF, 0xFF, 0xFF, 0xFF, 
0xFF, 0xCB, 0x0E, 0x00, 0x00, 0x00, 0x00, 0x00, 0x00, 0x2A, 0xEB, 0xFF, 0xFF, 0xFF, 0xD3, 0x13, 
0x00, 0x00, 0x00, 0x00, 0x00, 0x00, 0x00, 0x00, 0x30, 0x84, 0x84, 0x83, 0x18, 0x00, 0x00, 0x00, 
0x00, 0x00, 0x00, 0x00, 0x00, 0x00, 0x00, 0x00, 0x00, 0x00, 0x00, 0x00, 0x00, 0x00, 0x00, 0x00, 
0x00, 0x00, 0x00, 0x01, 0x2B, 0x59, 0x87, 0x86, 0x57, 0x27, 0x00, 0x00, 0x00, 0x00, 0x00, 0x00, 
0x15, 0xB9, 0xFF, 0xFF, 0xFF, 0xFF, 0xFF, 0xFF, 0xA8, 0x0B, 0x00, 0x00, 0x00, 0x26, 0xE5, 0xFF, 
0xFF, 0xFF, 0xFF, 0xFF, 0xFF, 0xFF, 0xFF, 0xD5, 0x0D, 0x00, 0x00, 0xAA, 0xFF, 0xFF, 0xFF, 0xFF, 
0xFF, 0xFF, 0xFF, 0xFF, 0xFF, 0xFF, 0x73, 0x00, 0x2E, 0xFE, 0xFF, 0xFF, 0xFF, 0xF7, 0x95, 0xA0, 
0xFA, 0xFF, 0xFF, 0xFF, 0xE5, 0x06, 0x8A, 0xFF, 0xFF, 0xFF, 0xFF, 0x65, 0x00, 0x00, 0x81, 0xFF, 
0xFF, 0xFF, 0xFF, 0x3C, 0xAC, 0xFF, 0xFF, 0xFF, 0xFC, 0x0F, 0x00, 0x00, 0x35, 0xFF, 0xFF, 0xFF, 
0xFF, 0x59, 0xCD, 0xFF, 0xFF, 0xFF, 0xFF, 0x73, 0x73, 0x73, 0x85, 0xFF, 0xFF, 0xFF, 0xFF, 0x76, 
0xEE, 0xFF, 0xFF, 0xFF, 0xFF, 0xFF, 0xFF, 0xFF, 0xFF, 0xFF, 0xFF, 0xFF, 0xFF, 0x91, 0xF7, 0xFF, 
0xFF, 0xFF, 0xFF, 0xFF, 0xFF, 0xFF, 0xFF, 0xFF, 0xFF, 0xFF, 0xFF, 0x97, 0xF3, 0xFF, 0xFF, 0xFF, 
0xFF, 0xFF, 0xFF, 0xFF, 0xFF, 0xFF, 0xFF, 0xFF, 0xFF, 0x93, 0xD2, 0xFF, 0xFF, 0xFF, 0xEF, 0x00, 
0x00, 0x00, 0x00, 0x00, 0x00, 0x00, 0x00, 0x00, 0xAC, 0xFF, 0xFF, 0xFF, 0xFF, 0x2F, 0x00, 0x00, 
0x00, 0x00, 0x01, 0x25, 0x00, 0x00, 0x84, 0xFF, 0xFF, 0xFF, 0xFF, 0xC0, 0x12, 0x00, 0x00, 0x1F, 
0xB9, 0xF4, 0x21, 0x00, 0x1D, 0xF6, 0xFF, 0xFF, 0xFF, 0xFF, 0xF1, 0xC9, 0xE3, 0xFF, 0xFF, 0xFF, 
0xBC, 0x00, 0x00, 0x80, 0xFF, 0xFF, 0xFF, 0xFF, 0xFF, 0xFF, 0xFF, 0xFF, 0xFF, 0xFF, 0xFF, 0x42, 
0x00, 0x09, 0xA2, 0xFF, 0xFF, 0xFF, 0xFF, 0xFF, 0xFF, 0xFF, 0xFF, 0xFF, 0x94, 0x01, 0x00, 0x00, 
0x00, 0x51, 0xD4, 0xFB, 0xFF, 0xFF, 0xFF, 0xFE, 0xC5, 0x45, 0x00, 0x00, 0x00, 0x00, 0x00, 0x00, 
0x00, 0x06, 0x2E, 0x43, 0x2F, 0x0A, 0x00, 0x00, 0x00, 0x00, 0x0B, 0x47, 0x47, 0x47, 0x47, 0x21, 
0x3A, 0xFF, 0xFF, 0xFF, 0xFF, 0x87, 0x3A, 0xFF, 0xFF, 0xFF, 0xFF, 0x87, 0x3A, 0xFF, 0xFF, 0xFF, 
0xFF, 0x87, 0x3A, 0xFF, 0xFF, 0xFF, 0xFF, 0x87, 0x3A, 0xFF, 0xFF, 0xFF, 0xFF, 0x87, 0x3A, 0xFF, 
0xFF, 0xFF, 0xFF, 0x87, 0x3A, 0xFF, 0xFF, 0xFF, 0xFF, 0x87, 0x3A, 0xFF, 0xFF, 0xFF, 0xFF, 0x87, 
0x3A, 0xFF, 0xFF, 0xFF, 0xFF, 0x87, 0x3A, 0xFF, 0xFF, 0xFF, 0xFF, 0x87, 0x3A, 0xFF, 0xFF, 0xFF, 
0xFF, 0x87, 0x3A, 0xFF, 0xFF, 0xFF, 0xFF, 0x87, 0x3A, 0xFF, 0xFF, 0xFF, 0xFF, 0x87, 0x3A, 0xFF, 
0xFF, 0xFF, 0xFF, 0x87, 0x3A, 0xFF, 0xFF, 0xFF, 0xFF, 0x87, 0x3A, 0xFF, 0xFF, 0xFF, 0xFF, 0x87, 
0x35, 0xFF, 0xFF, 0xFF, 0xFF, 0x83, 0x00, 0x00, 0x00, 0x07, 0x37, 0x37, 0x37, 0x37, 0x37, 0x05, 
0x00, 0x00, 0x00, 0x00, 0x00, 0x00, 0x00, 0x83, 0xFF, 0xFF, 0xFF, 0xFF, 0xD8, 0x0F, 0x00, 0x00, 
0x00, 0x00, 0x00, 0x00, 0x2B, 0xFA, 0xFF, 0xFF, 0xFF, 0xE6, 0x20, 0x00, 0x00, 0x00, 0x00, 0x00, 
0x00, 0x02, 0xC6, 0xFF, 0xFF, 0xFF, 0xF1, 0x2F, 0x00, 0x00, 0x00, 0x00, 0x00, 0x00, 0x00, 0x6A, 
0xFF, 0xFF, 0xFF, 0xF9, 0x42, 0x00, 0x00, 0x00, 0x00, 0x00, 0x00, 0x00, 0x07, 0xEC, 0xFC, 0xFC, 
0xFA, 0x58, 0x00, 0x00, 0x00, 0x00, 0x00, 0x00, 0x00, 0x00, 0x06, 0x1F, 0x1F, 0x1F, 0x1F, 0x0F, 
0x00, 0x00, 0x00, 0x00, 0x00, 0x00, 0x00, 0x00, 0x57, 0xFF, 0xFF, 0xFF, 0xFF, 0x9B, 0x00, 0x00, 
0x00, 0x00, 0x00, 0x00, 0x00, 0x00, 0x57, 0xFF, 0xFF, 0xFF, 0xFF, 0x9B, 0x00, 0x00, 0x00, 0x00, 
0x00, 0x00, 0x00, 0x00, 0x57, 0xFF, 0xFF, 0xFF, 0xFF, 0x9B, 0x00, 0x00, 0x00, 0x00, 0x00, 0x00, 
0x00, 0x00, 0x57, 0xFF, 0xFF, 0xFF, 0xFF, 0x9B, 0x00, 0x00, 0x00, 0x00, 0x00, 0x00, 0x00, 0x00, 
0x57, 0xFF, 0xFF, 0xFF, 0xFF, 0x9B, 0x00, 0x00, 0x00, 0x00, 0x00, 0x00, 0x00, 0x00, 0x57, 0xFF, 
0xFF, 0xFF, 0xFF, 0x9B, 0x00, 0x00, 0x00, 0x00, 0x00, 0x00, 0x00, 0x00, 0x57, 0xFF, 0xFF, 0xFF, 
0xFF, 0x9B, 0x00, 0x00, 0x00, 0x00, 0x00, 0x00, 0x00, 0x00, 0x57, 0xFF, 0xFF, 0xFF, 0xFF, 0x9B, 
0x00, 0x00, 0x00, 0x00, 0x00, 0x00, 0x00, 0x00, 0x57, 0xFF, 0xFF, 0xFF, 0xFF, 0x9B, 0x00, 0x00, 
0x00, 0x00, 0x00, 0x00, 0x00, 0x00, 0x57, 0xFF, 0xFF, 0xFF, 0xFF, 0x9B, 0x00, 0x00, 0x00, 0x00, 
0x00, 0x00, 0x00, 0x00, 0x57, 0xFF, 0xFF, 0xFF, 0xFF, 0x9B, 0x00, 0x00, 0x00, 0x00, 0x00, 0x00, 
0x00, 0x00, 0x57, 0xFF, 0xFF, 0xFF, 0xFF, 0x9B, 0x00, 0x00, 0x00, 0x00, 0x00, 0x00, 0x00, 0x00, 
0x57, 0xFF, 0xFF, 0xFF, 0xFF, 0x9B, 0x00, 0x00, 0x00, 0x00, 0x00, 0x00, 0x00, 0x00, 0x57, 0xFF, 
0xFF, 0xFF, 0xFF, 0x9B, 0x00, 0x00, 0x00, 0x00, 0x00, 0x00, 0x00, 0x00, 0x57, 0xFF, 0xFF, 0xFF, 
0xFF, 0x9B, 0x00, 0x00, 0x00, 0x00, 0x00, 0x00, 0x00, 0x00, 0x57, 0xFF, 0xFF, 0xFF, 0xFF, 0x9B, 
0x00, 0x00, 0x00, 0x00, 0x00, 0x00, 0x00, 0x00, 0x57, 0xFF, 0xFF, 0xFF, 0xFF, 0x9B, 0x00, 0x00, 
0x00, 0x00, 0x00, 0x00, 0x00, 0x00, 0x57, 0xFF, 0xFF, 0xFF, 0xFF, 0x9B, 0x00, 0x00, 0x00, 0x00, 
0x00, 0x00, 0x00, 0x00, 0x57, 0xFF, 0xFF, 0xFF, 0xFF, 0xC2, 0x27, 0x27, 0x27, 0x27, 0x27, 0x27, 
0x27, 0x15, 0x57, 0xFF, 0xFF, 0xFF, 0xFF, 0xFF, 0xFF, 0xFF, 0xFF, 0xFF, 0xFF, 0xFF, 0xFF, 0xA7, 
0x57, 0xFF, 0xFF, 0xFF, 0xFF, 0xFF, 0xFF, 0xFF, 0xFF, 0xFF, 0xFF, 0xFF, 0xFF, 0xA7, 0x57, 0xFF, 
0xFF, 0xFF, 0xFF, 0xFF, 0xFF, 0xFF, 0xFF, 0xFF, 0xFF, 0xFF, 0xFF, 0xA7, 0x53, 0xFF, 0xFF, 0xFF, 
0xFF, 0xFF, 0xFF, 0xFF, 0xFF, 0xFF, 0xFF, 0xFF, 0xFF, 0xA3, 0x00, 0x00, 0x00, 0x33, 0x83, 0x83, 
0x83, 0x83, 0x7E, 0x01, 0x00, 0x00, 0x07, 0xD8, 0xFF, 0xFF, 0xFF, 0xFF, 0x7C, 0x00, 0x00, 0x00, 
0x82, 0xFF, 0xFF, 0xFF, 0xFF, 0x96, 0x00, 0x00, 0x00, 0x2A, 0xF9, 0xFF, 0xFF, 0xFF, 0xAE, 0x02, 
0x00, 0x00, 0x01, 0xC5, 0xFF, 0xFF, 0xFF, 0xC3, 0x08, 0x00, 0x00, 0x00, 0x23, 0xB0, 0xB0, 0xB0, 
0xA5, 0x11, 0x00, 0x00, 0x00, 0x00, 0x1D, 0x5F, 0x5F, 0x5F, 0x5F, 0x22, 0x00, 0x00, 0x00, 0x00, 
0x5B, 0xFF, 0xFF, 0xFF, 0xFF, 0x67, 0x00, 0x00, 0x00, 0x00, 0x5B, 0xFF, 0xFF, 0xFF, 0xFF, 0x67, 
0x00, 0x00, 0x00, 0x00, 0x5B, 0xFF, 0xFF, 0xFF, 0xFF, 0x67, 0x00, 0x00, 0x00, 0x00, 0x5B, 0xFF, 
0xFF, 0xFF, 0xFF, 0x67, 0x00, 0x00, 0x00, 0x00, 0x5B, 0xFF, 0xFF, 0xFF, 0xFF, 0x67, 0x00, 0x00, 
0x00, 0x00, 0x5B, 0xFF, 0xFF, 0xFF, 0xFF, 0x67, 0x00, 0x00, 0x00, 0x00, 0x5B, 0xFF, 0xFF, 0xFF, 
0xFF, 0x67, 0x00, 0x00, 0x00, 0x00, 0x5B, 0xFF, 0xFF, 0xFF, 0xFF, 0x67, 0x00, 0x00, 0x00, 0x00, 
0x5B, 0xFF, 0xFF, 0xFF, 0xFF, 0x67, 0x00, 0x00, 0x00, 0x00, 0x5B, 0xFF, 0xFF, 0xFF, 0xFF, 0x67, 
0x00, 0x00, 0x00, 0x00, 0x5B, 0xFF, 0xFF, 0xFF, 0xFF, 0x67, 0x00, 0x00, 0x00, 0x00, 0x5B, 0xFF, 
0xFF, 0xFF, 0xFF, 0x67, 0x00, 0x00, 0x00, 0x00, 0x5B, 0xFF, 0xFF, 0xFF, 0xFF, 0x67, 0x00, 0x00, 
0x00, 0x00, 0x5B, 0xFF, 0xFF, 0xFF, 0xFF, 0x67, 0x00, 0x00, 0x00, 0x00, 0x5B, 0xFF, 0xFF, 0xFF, 
0xFF, 0x67, 0x00, 0x00, 0x00, 0x00, 0x5B, 0xFF, 0xFF, 0xFF, 0xFF, 0x67, 0x00, 0x00, 0x00, 0x00, 
0x5B, 0xFF, 0xFF, 0xFF, 0xFF, 0x67, 0x00, 0x00, 0x00, 0x00, 0x5B, 0xFF, 0xFF, 0xFF, 0xFF, 0x67, 
0x00, 0x00, 0x00, 0x00, 0x5B, 0xFF, 0xFF, 0xFF, 0xFF, 0x67, 0x00, 0x00, 0x00, 0x00, 0x5B, 0xFF, 
0xFF, 0xFF, 0xFF, 0x67, 0x00, 0x00, 0x00, 0x00, 0x5B, 0xFF, 0xFF, 0xFF, 0xFF, 0x67, 0x00, 0x00, 
0x00, 0x00, 0x5B, 0xFF, 0xFF, 0xFF, 0xFF, 0x67, 0x00, 0x00, 0x00, 0x00, 0x5B, 0xFF, 0xFF, 0xFF, 
0xFF, 0x67, 0x00, 0x00, 0x00, 0x00, 0x57, 0xFF, 0xFF, 0xFF, 0xFF, 0x63, 0x00, 0x00, 0x00, 0x00, 
0x06, 0x1F, 0x1F, 0x1F, 0x1F, 0x0F, 0x00, 0x00, 0x0E, 0x23, 0x23, 0x1F, 0x00, 0x00, 0x57, 0xFF, 
0xFF, 0xFF, 0xFF, 0x9B, 0x00, 0x00, 0x87, 0xFF, 0xFF, 0xFF, 0x07, 0x00, 0x57, 0xFF, 0xFF, 0xFF, 
0xFF, 0x9B, 0x00, 0x00, 0x91, 0xFF, 0xFF, 0xF9, 0x03, 0x00, 0x57, 0xFF, 0xFF, 0xFF, 0xFF, 0x9B, 
0x00, 0x00, 0xB0, 0xFF, 0xFF, 0xCD, 0x00, 0x00, 0x57, 0xFF, 0xFF, 0xFF, 0xFF, 0x9B, 0x00, 0x00, 
0xDB, 0xFF, 0xFF, 0x9B, 0x00, 0x00, 0x57, 0xFF, 0xFF, 0xFF, 0xFF, 0x9B, 0x00, 0x3C, 0xFF, 0xFF, 
0xFF, 0x54, 0x00, 0x00, 0x57, 0xFF, 0xFF, 0xFF, 0xFF, 0x9B, 0x00, 0x69, 0xFF, 0xFF, 0xC3, 0x00, 
0x00, 0x00, 0x57, 0xFF, 0xFF, 0xFF, 0xFF, 0x9B, 0x00, 0x00, 0x3B, 0xC1, 0x30, 0x00, 0x00, 0x00, 
0x57, 0xFF, 0xFF, 0xFF, 0xFF, 0x9B, 0x00, 0x00, 0x00, 0x00, 0x00, 0x00, 0x00, 0x00, 0x57, 0xFF, 
0xFF, 0xFF, 0xFF, 0x9B, 0x00, 0x00, 0x00, 0x00, 0x00, 0x00, 0x00, 0x00, 0x57, 0xFF, 0xFF, 0xFF, 
0xFF, 0x9B, 0x00, 0x00, 0x00, 0x00, 0x00, 0x00, 0x00, 0x00, 0x57, 0xFF, 0xFF, 0xFF, 0xFF, 0x9B, 
0x00, 0x00, 0x00, 0x00, 0x00, 0x00, 0x00, 0x00, 0x57, 0xFF, 0xFF, 0xFF, 0xFF, 0x9B, 0x00, 0x00, 
0x00, 0x00, 0x00, 0x00, 0x00, 0x00, 0x57, 0xFF, 0xFF, 0xFF, 0xFF, 0x9B, 0x00, 0x00, 0x00, 0x00, 
0x00, 0x00, 0x00, 0x00, 0x57, 0xFF, 0xFF, 0xFF, 0xFF, 0x9B, 0x00, 0x00, 0x00, 0x00, 0x00, 0x00, 
0x00, 0x00, 0x57, 0xFF, 0xFF, 0xFF, 0xFF, 0x9B, 0x00, 0x00, 0x00, 0x00, 0x00, 0x00, 0x00, 0x00, 
0x57, 0xFF, 0xFF, 0xFF, 0xFF, 0x9B, 0x00, 0x00, 0x00, 0x00, 0x00, 0x00, 0x00, 0x00, 0x57, 0xFF, 
0xFF, 0xFF, 0xFF, 0x9B, 0x00, 0x00, 0x00, 0x00, 0x00, 0x00, 0x00, 0x00, 0x57, 0xFF, 0xFF, 0xFF, 
0xFF, 0x9B, 0x00, 0x00, 0x00, 0x00, 0x00, 0x00, 0x00, 0x00, 0x57, 0xFF, 0xFF, 0xFF, 0xFF, 0xC2, 
0x27, 0x27, 0x27, 0x27, 0x27, 0x27, 0x27, 0x15, 0x57, 0xFF, 0xFF, 0xFF, 0xFF, 0xFF, 0xFF, 0xFF, 
0xFF, 0xFF, 0xFF, 0xFF, 0xFF, 0xA7, 0x57, 0xFF, 0xFF, 0xFF, 0xFF, 0xFF, 0xFF, 0xFF, 0xFF, 0xFF, 
0xFF, 0xFF, 0xFF, 0xA7, 0x57, 0xFF, 0xFF, 0xFF, 0xFF, 0xFF, 0xFF, 0xFF, 0xFF, 0xFF, 0xFF, 0xFF, 
0xFF, 0xA7, 0x53, 0xFF, 0xFF, 0xFF, 0xFF, 0xFF, 0xFF, 0xFF, 0xFF, 0xFF, 0xFF, 0xFF, 0xFF, 0xA3, 
0x1D, 0x5F, 0x5F, 0x5F, 0x5F, 0x22, 0x07, 0x62, 0x63, 0x63, 0x28, 0x5B, 0xFF, 0xFF, 0xFF, 0xFF, 
0x67, 0x1B, 0xFF, 0xFF, 0xFF, 0x73, 0x5B, 0xFF, 0xFF, 0xFF, 0xFF, 0x67, 0x2C, 0xFF, 0xFF, 0xFF, 
0x5F, 0x5B, 0xFF, 0xFF, 0xFF, 0xFF, 0x67, 0x4C, 0xFF, 0xFF, 0xFF, 0x2D, 0x5B, 0xFF, 0xFF, 0xFF, 
0xFF, 0x67, 0x83, 0xFF, 0xFF, 0xF7, 0x04, 0x5B, 0xFF, 0xFF, 0xFF, 0xFF, 0x6C, 0xE6, 0xFF, 0xFF, 
0xA0, 0x00, 0x5B, 0xFF, 0xFF, 0xFF, 0xFF, 0x74, 0xBB, 0xFF, 0xF2, 0x18, 0x00, 0x5B, 0xFF, 0xFF, 
0xFF, 0xFF, 0x67, 0x00, 0x4F, 0x58, 0x00, 0x00, 0x5B, 0xFF, 0xFF, 0xFF, 0xFF, 0x67, 0x00, 0x00, 
0x00, 0x00, 0x00, 0x5B, 0xFF, 0xFF, 0xFF, 0xFF, 0x67, 0x00, 0x00, 0x00, 0x00, 0x00, 0x5B, 0xFF, 
0xFF, 0xFF, 0xFF, 0x67, 0x00, 0x00, 0x00, 0x00, 0x00, 0x5B, 0xFF, 0xFF, 0xFF, 0xFF, 0x67, 0x00, 
0x00, 0x00, 0x00, 0x00, 0x5B, 0xFF, 0xFF, 0xFF, 0xFF, 0x67, 0x00, 0x00, 0x00, 0x00, 0x00, 0x5B, 
0xFF, 0xFF, 0xFF, 0xFF, 0x67, 0x00, 0x00, 0x00, 0x00, 0x00, 0x5B, 0xFF, 0xFF, 0xFF, 0xFF, 0x67, 
0x00, 0x00, 0x00, 0x00, 0x00, 0x5B, 0xFF, 0xFF, 0xFF, 0xFF, 0x67, 0x00, 0x00, 0x00, 0x00, 0x00, 
0x5B, 0xFF, 0xFF, 0xFF, 0xFF, 0x67, 0x00, 0x00, 0x00, 0x00, 0x00, 0x5B, 0xFF, 0xFF, 0xFF, 0xFF, 
0x67, 0x00, 0x00, 0x00, 0x00, 0x00, 0x5B, 0xFF, 0xFF, 0xFF, 0xFF, 0x67, 0x00, 0x00, 0x00, 0x00, 
0x00, 0x5B, 0xFF, 0xFF, 0xFF, 0xFF, 0x67, 0x00, 0x00, 0x00, 0x00, 0x00, 0x5B, 0xFF, 0xFF, 0xFF, 
0xFF, 0x67, 0x00, 0x00, 0x00, 0x00, 0x00, 0x5B, 0xFF, 0xFF, 0xFF, 0xFF, 0x67, 0x00, 0x00, 0x00, 
0x00, 0x00, 0x5B, 0xFF, 0xFF, 0xFF, 0xFF, 0x67, 0x00, 0x00, 0x00, 0x00, 0x00, 0x5B, 0xFF, 0xFF, 
0xFF, 0xFF, 0x67, 0x00, 0x00, 0x00, 0x00, 0x00, 0x57, 0xFF, 0xFF, 0xFF, 0xFF, 0x63, 0x00, 0x00, 
0x00, 0x00, 0x00, 0x00, 0x00, 0x15, 0x1F, 0x1F, 0x1F, 0x1E, 0x00, 0x00, 0x00, 0x00, 0x00, 0x00, 
0x00, 0x00, 0x00, 0x00, 0x00, 0xCD, 0xFF, 0xFF, 0xFF, 0xFF, 0x20, 0x00, 0x00, 0x00, 0x00, 0x00, 
0x00, 0x00, 0x00, 0x00, 0x00, 0xCE, 0xFF, 0xFF, 0xFF, 0xFF, 0x20, 0x00, 0x00, 0x00, 0x00, 0x00, 
0x00, 0x00, 0x00, 0x00, 0x00, 0xCE, 0xFF, 0xFF, 0xFF, 0xFF, 0x20, 0x00, 0x00, 0x00, 0x00, 0x00, 
0x00, 0x00, 0x00, 0x00, 0x00, 0xCE, 0xFF, 0xFF, 0xFF, 0xFF, 0x20, 0x00, 0x00, 0x00, 0x00, 0x00, 
0x00, 0x00, 0x00, 0x00, 0x00, 0xCE, 0xFF, 0xFF, 0xFF, 0xFF, 0x20, 0x00, 0x00, 0x00, 0x00, 0x00, 
0x00, 0x00, 0x00, 0x00, 0x00, 0xCE, 0xFF, 0xFF, 0xFF, 0xFF, 0x20, 0x00, 0x00, 0x00, 0x00, 0x00, 
0x00, 0x00, 0x00, 0x00, 0x00, 0xCE, 0xFF, 0xFF, 0xFF, 0xFF, 0x20, 0x00, 0x00, 0x00, 0x00, 0x00, 
0x00, 0x00, 0x00, 0x00, 0x00, 0xCE, 0xFF, 0xFF, 0xFF, 0xFF, 0x20, 0x17, 0x28, 0x00, 0x00, 0x00, 
0x00, 0x00, 0x00, 0x00, 0x00, 0xCE, 0xFF, 0xFF, 0xFF, 0xFF, 0xDF, 0xFD, 0x9C, 0x00, 0x00, 0x00, 
0x00, 0x00, 0x00, 0x00, 0x00, 0xE2, 0xFF, 0xFF, 0xFF, 0xFF, 0xFF, 0xFF, 0x9C, 0x00, 0x00, 0x00, 
0x00, 0x00, 0x00, 0x36, 0xB9, 0xFF, 0xFF, 0xFF, 0xFF, 0xFF, 0xFF, 0xF4, 0x70, 0x00, 0x00, 0x00, 
0x00, 0x00, 0x00, 0x6F, 0xFF, 0xFF, 0xFF, 0xFF, 0xFF, 0xFF, 0x74, 0x09, 0x00, 0x00, 0x00, 0x00, 
0x00, 0x00, 0x00, 0x6F, 0xFF, 0xFF, 0xFF, 0xFF, 0xFF, 0xFF, 0x20, 0x00, 0x00, 0x00, 0x00, 0x00, 
0x00, 0x00, 0x00, 0x33, 0x59, 0xDA, 0xFF, 0xFF, 0xFF, 0xFF, 0x20, 0x00, 0x00, 0x00, 0x00, 0x00, 
0x00, 0x00, 0x00, 0x00, 0x00, 0xCE, 0xFF, 0xFF, 0xFF, 0xFF, 0x20, 0x00, 0x00, 0x00, 0x00, 0x00, 
0x00, 0x00, 0x00, 0x00, 0x00, 0xCE, 0xFF, 0xFF, 0xFF, 0xFF, 0x20, 0x00, 0x00, 0x00, 0x00, 0x00, 
0x00, 0x00, 0x00, 0x00, 0x00, 0xCE, 0xFF, 0xFF, 0xFF, 0xFF, 0x20, 0x00, 0x00, 0x00, 0x00, 0x00, 
0x00, 0x00, 0x00, 0x00, 0x00, 0xCE, 0xFF, 0xFF, 0xFF, 0xFF, 0x20, 0x00, 0x00, 0x00, 0x00, 0x00, 
0x00, 0x00, 0x00, 0x00, 0x00, 0xCE, 0xFF, 0xFF, 0xFF, 0xFF, 0x49, 0x28, 0x28, 0x28, 0x28, 0x28, 
0x28, 0x28, 0x03, 0x00, 0x00, 0xCE, 0xFF, 0xFF, 0xFF, 0xFF, 0xFF, 0xFF, 0xFF, 0xFF, 0xFF, 0xFF, 
0xFF, 0xFF, 0x33, 0x00, 0x00, 0xCE, 0xFF, 0xFF, 0xFF, 0xFF, 0xFF, 0xFF, 0xFF, 0xFF, 0xFF, 0xFF, 
0xFF, 0xFF, 0x33, 0x00, 0x00, 0xCE, 0xFF, 0xFF, 0xFF, 0xFF, 0xFF, 0xFF, 0xFF, 0xFF, 0xFF, 0xFF, 
0xFF, 0xFF, 0x33, 0x00, 0x00, 0xCA, 0xFF, 0xFF, 0xFF, 0xFF, 0xFF, 0xFF, 0xFF, 0xFF, 0xFF, 0xFF, 
0xFF, 0xFF, 0x2F, 0x00, 0x00, 0x52, 0x5F, 0x5F, 0x5F, 0x4B, 0x00, 0x00, 0x00, 0x00, 0xE9, 0xFF, 
0xFF, 0xFF, 0xD6, 0x00, 0x00, 0x00, 0x00, 0xE9, 0xFF, 0xFF, 0xFF, 0xD6, 0x00, 0x00, 0x00, 0x00, 
0xE9, 0xFF, 0xFF, 0xFF, 0xD6, 0x00, 0x00, 0x00, 0x00, 0xE9, 0xFF, 0xFF, 0xFF, 0xD6, 0x00, 0x00, 
0x00, 0x00, 0xE9, 0xFF, 0xFF, 0xFF, 0xD6, 0x00, 0x00, 0x00, 0x00, 0xE9, 0xFF, 0xFF, 0xFF, 0xD6, 
0x00, 0x00, 0x00, 0x00, 0xE9, 0xFF, 0xFF, 0xFF, 0xD6, 0x00, 0x00, 0x00, 0x00, 0xE9, 0xFF, 0xFF, 
0xFF, 0xD6, 0x00, 0x00, 0x00, 0x00, 0xE9, 0xFF, 0xFF, 0xFF, 0xD6, 0x16, 0x22, 0x00, 0x00, 0xE9, 
0xFF, 0xFF, 0xFF, 0xFF, 0xFA, 0x8B, 0x00, 0x00, 0xFF, 0xFF, 0xFF, 0xFF, 0xFF, 0xFF, 0x8B, 0x35, 
0xC2, 0xFF, 0xFF, 0xFF, 0xFF, 0xFF, 0xF7, 0x65, 0x6D, 0xFF, 0xFF, 0xFF, 0xFF, 0xFF, 0xFF, 0x10, 
0x00, 0x6D, 0xFF, 0xFF, 0xFF, 0xFF, 0xFF, 0xD6, 0x00, 0x00, 0x33, 0x56, 0xF0, 0xFF, 0xFF, 0xFF, 
0xD6, 0x00, 0x00, 0x00, 0x00, 0xE9, 0xFF, 0xFF, 0xFF, 0xD6, 0x00, 0x00, 0x00, 0x00, 0xE9, 0xFF, 
0xFF, 0xFF, 0xD6, 0x00, 0x00, 0x00, 0x00, 0xE9, 0xFF, 0xFF, 0xFF, 0xD6, 0x00, 0x00, 0x00, 0x00, 
0xE9, 0xFF, 0xFF, 0xFF, 0xD6, 0x00, 0x00, 0x00, 0x00, 0xE9, 0xFF, 0xFF, 0xFF, 0xD6, 0x00, 0x00, 
0x00, 0x00, 0xE9, 0xFF, 0xFF, 0xFF, 0xD6, 0x00, 0x00, 0x00, 0x00, 0xE9, 0xFF, 0xFF, 0xFF, 0xD6, 
0x00, 0x00, 0x00, 0x00, 0xE9, 0xFF, 0xFF, 0xFF, 0xD6, 0x00, 0x00, 0x00, 0x00, 0xE5, 0xFF, 0xFF, 
0xFF, 0xD2, 0x00, 0x00, 0x00, 0x00, 0x00, 0x00, 0x00, 0x00, 0x00, 0x00, 0x00, 0x1B, 0x37, 0x37, 
0x37, 0x37, 0x27, 0x00, 0x00, 0x00, 0x00, 0x00, 0x00, 0x00, 0x00, 0x00, 0x00, 0x08, 0xDB, 0xFF, 
0xFF, 0xFF, 0xFF, 0x88, 0x00, 0x00, 0x00, 0x00, 0x00, 0x00, 0x00, 0x00, 0x00, 0x00, 0x86, 0xFF, 
0xFF, 0xFF, 0xFF, 0xA5, 0x01, 0x00, 0x00, 0x00, 0x00, 0x00, 0x00, 0x00, 0x00, 0x00, 0x2D, 0xFA, 
0xFF, 0xFF, 0xFF, 0xBB, 0x05, 0x00, 0x00, 0x00, 0x00, 0x00, 0x00, 0x00, 0x00, 0x00, 0x02, 0xC8, 
0xFF, 0xFF, 0xFF, 0xCE, 0x0D, 0x00, 0x00, 0x00, 0x00, 0x00, 0x00, 0x00, 0x00, 0x00, 0x00, 0x56, 
0xFC, 0xFC, 0xFC, 0xDC, 0x18, 0x00, 0x00, 0x00, 0x00, 0x00, 0x06, 0x1F, 0x1F, 0x1F, 0x1F, 0x0D, 
0x00, 0x00, 0x00, 0x00, 0x00, 0x00, 0x14, 0x1F, 0x1F, 0x1F, 0x19, 0x57, 0xFF, 0xFF, 0xFF, 0xFF, 
0xB3, 0x00, 0x00, 0x00, 0x00, 0x00, 0x00, 0xC7, 0xFF, 0xFF, 0xFF, 0xEF, 0x57, 0xFF, 0xFF, 0xFF, 
0xFF, 0xFF, 0x33, 0x00, 0x00, 0x00, 0x00, 0x00, 0xC7, 0xFF, 0xFF, 0xFF, 0xEF, 0x57, 0xFF, 0xFF, 
0xFF, 0xFF, 0xFF, 0xB3, 0x00, 0x00, 0x00, 0x00, 0x00, 0xC7, 0xFF, 0xFF, 0xFF, 0xEF, 0x57, 0xFF, 
0xFF, 0xFF, 0xFF, 0xFF, 0xFF, 0x34, 0x00, 0x00, 0x00, 0x00, 0xC7, 0xFF, 0xFF, 0xFF, 0xEF, 0x57, 
0xFF, 0xFF, 0xFF, 0xFF, 0xFF, 0xFF, 0xB3, 0x00, 0x00, 0x00, 0x00, 0xC7, 0xFF, 0xFF, 0xFF, 0xEF, 
0x57, 0xFF, 0xFF, 0xFF, 0xFF, 0xFF, 0xFF, 0xFF, 0x34, 0x00, 0x00, 0x00, 0xC7, 0xFF, 0xFF, 0xFF, 
0xEF, 0x57, 0xFF, 0xFF, 0xFF, 0xFF, 0xFF, 0xFF, 0xFF, 0xB3, 0x00, 0x00, 0x00, 0xC7, 0xFF, 0xFF, 
0xFF, 0xEF, 0x57, 0xFF, 0xFF, 0xFF, 0xFF, 0xFF, 0xFF, 0xFF, 0xFF, 0x34, 0x00, 0x00, 0xC7, 0xFF, 
0xFF, 0xFF, 0xEF, 0x57, 0xFF, 0xFF, 0xFF, 0xFF, 0xFF, 0xFF, 0xFF, 0xFF, 0xB4, 0x00, 0x00, 0xC7, 
0xFF, 0xFF, 0xFF, 0xEF, 0x57, 0xFF, 0xFF, 0xFF, 0xFF, 0xFF, 0xFF, 0xFF, 0xFF, 0xFF, 0x34, 0x00, 
0xC7, 0xFF, 0xFF, 0xFF, 0xEF, 0x57, 0xFF, 0xFF, 0xFF, 0xFF, 0x84, 0xFC, 0xFF, 0xFF, 0xFF, 0xB4, 
0x00, 0xC7, 0xFF, 0xFF, 0xFF, 0xEF, 0x57, 0xFF, 0xFF, 0xFF, 0xFF, 0x5F, 0xA0, 0xFF, 0xFF, 0xFF, 
0xFF, 0x35, 0xC7, 0xFF, 0xFF, 0xFF, 0xEF, 0x57, 0xFF, 0xFF, 0xFF, 0xFF, 0x5F, 0x24, 0xFB, 0xFF, 
0xFF, 0xFF, 0xB4, 0xC7, 0xFF, 0xFF, 0xFF, 0xEF, 0x57, 0xFF, 0xFF, 0xFF, 0xFF, 0x5F, 0x00, 0x9F, 
0xFF, 0xFF, 0xFF, 0xFF, 0xFC, 0xFF, 0xFF, 0xFF, 0xEF, 0x57, 0xFF, 0xFF, 0xFF, 0xFF, 0x5F, 0x00, 
0x23, 0xFB, 0xFF, 0xFF, 0xFF, 0xFF, 0xFF, 0xFF, 0xFF, 0xEF, 0x57, 0xFF, 0xFF, 0xFF, 0xFF, 0x5F, 
0x00, 0x00, 0x9E, 0xFF, 0xFF, 0xFF, 0xFF, 0xFF, 0xFF, 0xFF, 0xEF, 0x57, 0xFF, 0xFF, 0xFF, 0xFF, 
0x5F, 0x00, 0x00, 0x23, 0xFB, 0xFF, 0xFF, 0xFF, 0xFF, 0xFF, 0xFF, 0xEF, 0x57, 0xFF, 0xFF, 0xFF, 
0xFF, 0x5F, 0x00, 0x00, 0x00, 0x9D, 0xFF, 0xFF, 0xFF, 0xFF, 0xFF, 0xFF, 0xEF, 0x57, 0xFF, 0xFF, 
0xFF, 0xFF, 0x5F, 0x00, 0x00, 0x00, 0x22, 0xFB, 0xFF, 0xFF, 0xFF, 0xFF, 0xFF, 0xEF, 0x57, 0xFF, 
0xFF, 0xFF, 0xFF, 0x5F, 0x00, 0x00, 0x00, 0x00, 0x9D, 0xFF, 0xFF, 0xFF, 0xFF, 0xFF, 0xEF, 0x57, 
0xFF, 0xFF, 0xFF, 0xFF, 0x5F, 0x00, 0x00, 0x00, 0x00, 0x21, 0xFB, 0xFF, 0xFF, 0xFF, 0xFF, 0xEF, 
0x57, 0xFF, 0xFF, 0xFF, 0xFF, 0x5F, 0x00, 0x00, 0x00, 0x00, 0x00, 0x9C, 0xFF, 0xFF, 0xFF, 0xFF, 
0xEF, 0x53, 0xFF, 0xFF, 0xFF, 0xFF, 0x5B, 0x00, 0x00, 0x00, 0x00, 0x00, 0x21, 0xFA, 0xFF, 0xFF, 
0xFF, 0xEB, 0x00, 0x00, 0x00, 0x00, 0x00, 0x00, 0x00, 0x31, 0x5F, 0x5F, 0x5F, 0x5F, 0x4B, 0x00, 
0x00, 0x00, 0x00, 0x00, 0x00, 0x00, 0x0F, 0xE5, 0xFF, 0xFF, 0xFF, 0xFF, 0x70, 0x00, 0x00, 0x00, 
0x00, 0x00, 0x00, 0x00, 0x97, 0xFF, 0xFF, 0xFF, 0xFF, 0x8B, 0x00, 0x00, 0x00, 0x00, 0x00, 0x00, 
0x00, 0x3B, 0xFE, 0xFF, 0xFF, 0xFF, 0xA4, 0x01, 0x00, 0x00, 0x00, 0x00, 0x00, 0x00, 0x06, 0xD5, 
0xFF, 0xFF, 0xFF, 0xBA, 0x05, 0x00, 0x00, 0x00, 0x00, 0x00, 0x00, 0x00, 0x49, 0xD4, 0xD4, 0xD4, 
0xB8, 0x0D, 0x00, 0x00, 0x00, 0x00, 0x00, 0x00, 0x00, 0x00, 0x00, 0x00, 0x00, 0x00, 0x00, 0x00, 
0x00, 0x00, 0x00, 0x00, 0x2A, 0x47, 0x47, 0x47, 0x3A, 0x00, 0x18, 0x57, 0x8E, 0x79, 0x41, 0x00, 
0x00, 0x00, 0xA7, 0xFF, 0xFF, 0xFF, 0xDF, 0x62, 0xFC, 0xFF, 0xFF, 0xFF, 0xFF, 0x9F, 0x06, 0x00, 
0xA7, 0xFF, 0xFF, 0xFF, 0xFF, 0xFF, 0xFF, 0xFF, 0xFF, 0xFF, 0xFF, 0xFF, 0x69, 0x00, 0xA7, 0xFF, 
0xFF, 0xFF, 0xFF, 0xFF, 0xFF, 0xFF, 0xFF, 0xFF, 0xFF, 0xFF, 0xDC, 0x01, 0xA7, 0xFF, 0xFF, 0xFF, 
0xFF, 0xFF, 0x9B, 0xAB, 0xFF, 0xFF, 0xFF, 0xFF, 0xFF, 0x19, 0xA7, 0xFF, 0xFF, 0xFF, 0xFF, 0x69, 
0x00, 0x00, 0xB6, 0xFF, 0xFF, 0xFF, 0xFF, 0x35, 0xA7, 0xFF, 0xFF, 0xFF, 0xFF, 0x1B, 0x00, 0x00, 
0x7F, 0xFF, 0xFF, 0xFF, 0xFF, 0x50, 0xA7, 0xFF, 0xFF, 0xFF, 0xFF, 0x1B, 0x00, 0x00, 0x68, 0xFF, 
0xFF, 0xFF, 0xFF, 0x5B, 0xA7, 0xFF, 0xFF, 0xFF, 0xFF, 0x1B, 0x00, 0x00, 0x67, 0xFF, 0xFF, 0xFF, 
0xFF, 0x5B, 0xA7, 0xFF, 0xFF, 0xFF, 0xFF, 0x1B, 0x00, 0x00, 0x67, 0xFF, 0xFF, 0xFF, 0xFF, 0x5B, 
0xA7, 0xFF, 0xFF, 0xFF, 0xFF, 0x1B, 0x00, 0x00, 0x67, 0xFF, 0xFF, 0xFF, 0xFF, 0x5B, 0xA7, 0xFF, 
0xFF, 0xFF, 0xFF, 0x1B, 0x00, 0x00, 0x67, 0xFF, 0xFF, 0xFF, 0xFF, 0x5B, 0xA7, 0xFF, 0xFF, 0xFF, 
0xFF, 0x1B, 0x00, 0x00, 0x67, 0xFF, 0xFF, 0xFF, 0xFF, 0x5B, 0xA7, 0xFF, 0xFF, 0xFF, 0xFF, 0x1B, 
0x00, 0x00, 0x67, 0xFF, 0xFF, 0xFF, 0xFF, 0x5B, 0xA7, 0xFF, 0xFF, 0xFF, 0xFF, 0x1B, 0x00, 0x00, 
0x67, 0xFF, 0xFF, 0xFF, 0xFF, 0x5B, 0xA7, 0xFF, 0xFF, 0xFF, 0xFF, 0x1B, 0x00, 0x00, 0x67, 0xFF, 
0xFF, 0xFF, 0xFF, 0x5B, 0xA7, 0xFF, 0xFF, 0xFF, 0xFF, 0x1B, 0x00, 0x00, 0x67, 0xFF, 0xFF, 0xFF, 
0xFF, 0x5B, 0xA3, 0xFF, 0xFF, 0xFF, 0xFF, 0x17, 0x00, 0x00, 0x63, 0xFF, 0xFF, 0xFF, 0xFF, 0x57, 
0x00, 0x00, 0x00, 0x2D, 0x3B, 0x3B, 0x3B, 0x13, 0x00, 0x00, 0x24, 0x3B, 0x3B, 0x3B, 0x1C, 0x00, 
0x00, 0x00, 0x00, 0x00, 0x98, 0xFF, 0xFF, 0xFF, 0xCA, 0x08, 0x2C, 0xF3, 0xFF, 0xFF, 0xFE, 0x54, 
0x00, 0x00, 0x00, 0x00, 0x00, 0x03, 0xAC, 0xFF, 0xFF, 0xFF, 0xB4, 0xDE, 0xFF, 0xFF, 0xFF, 0x6B, 
0x00, 0x00, 0x00, 0x00, 0x00, 0x00, 0x00, 0x06, 0xB7, 0xFF, 0xFF, 0xFF, 0xFF, 0xFF, 0xFF, 0x77, 
0x00, 0x00, 0x00, 0x00, 0x00, 0x00, 0x00, 0x00, 0x00, 0x09, 0xC1, 0xFF, 0xFF, 0xFF, 0xFF, 0x84, 
0x00, 0x00, 0x00, 0x00, 0x00, 0x00, 0x00, 0x00, 0x00, 0x00, 0x00, 0x0D, 0xA1, 0xB0, 0xB0, 0x7D, 
0x00, 0x00, 0x00, 0x00, 0x00, 0x00, 0x06, 0x1F, 0x1F, 0x1F, 0x1F, 0x0D, 0x00, 0x00, 0x00, 0x00, 
0x00, 0x00, 0x14, 0x1F, 0x1F, 0x1F, 0x19, 0x57, 0xFF, 0xFF, 0xFF, 0xFF, 0xB3, 0x00, 0x00, 0x00, 
0x00, 0x00, 0x00, 0xC7, 0xFF, 0xFF, 0xFF, 0xEF, 0x57, 0xFF, 0xFF, 0xFF, 0xFF, 0xFF, 0x33, 0x00, 
0x00, 0x00, 0x00, 0x00, 0xC7, 0xFF, 0xFF, 0xFF, 0xEF, 0x57, 0xFF, 0xFF, 0xFF, 0xFF, 0xFF, 0xB3, 
0x00, 0x00, 0x00, 0x00, 0x00, 0xC7, 0xFF, 0xFF, 0xFF, 0xEF, 0x57, 0xFF, 0xFF, 0xFF, 0xFF, 0xFF, 
0xFF, 0x34, 0x00, 0x00, 0x00, 0x00, 0xC7, 0xFF, 0xFF, 0xFF, 0xEF, 0x57, 0xFF, 0xFF, 0xFF, 0xFF, 
0xFF, 0xFF, 0xB3, 0x00, 0x00, 0x00, 0x00, 0xC7, 0xFF, 0xFF, 0xFF, 0xEF, 0x57, 0xFF, 0xFF, 0xFF, 
0xFF, 0xFF, 0xFF, 0xFF, 0x34, 0x00, 0x00, 0x00, 0xC7, 0xFF, 0xFF, 0xFF, 0xEF, 0x57, 0xFF, 0xFF, 
0xFF, 0xFF, 0xFF, 0xFF, 0xFF, 0xB3, 0x00, 0x00, 0x00, 0xC7, 0xFF, 0xFF, 0xFF, 0xEF, 0x57, 0xFF, 
0xFF, 0xFF, 0xFF, 0xFF, 0xFF, 0xFF, 0xFF, 0x34, 0x00, 0x00, 0xC7, 0xFF, 0xFF, 0xFF, 0xEF, 0x57, 
0xFF, 0xFF, 0xFF, 0xFF, 0xFF, 0xFF, 0xFF, 0xFF, 0xB4, 0x00, 0x00, 0xC7, 0xFF, 0xFF, 0xFF, 0xEF, 
0x57, 0xFF, 0xFF, 0xFF, 0xFF, 0xFF, 0xFF, 0xFF, 0xFF, 0xFF, 0x34, 0x00, 0xC7, 0xFF, 0xFF, 0xFF, 
0xEF, 0x57, 0xFF, 0xFF, 0xFF, 0xFF, 0x84, 0xFC, 0xFF, 0xFF, 0xFF, 0xB4, 0x00, 0xC7, 0xFF, 0xFF, 
0xFF, 0xEF, 0x57, 0xFF, 0xFF, 0xFF, 0xFF, 0x5F, 0xA0, 0xFF, 0xFF, 0xFF, 0xFF, 0x35, 0xC7, 0xFF, 
0xFF, 0xFF, 0xEF, 0x57, 0xFF, 0xFF, 0xFF, 0xFF, 0x5F, 0x24, 0xFB, 0xFF, 0xFF, 0xFF, 0xB4, 0xC7, 
0xFF, 0xFF, 0xFF, 0xEF, 0x57, 0xFF, 0xFF, 0xFF, 0xFF, 0x5F, 0x00, 0x9F, 0xFF, 0xFF, 0xFF, 0xFF, 
0xFC, 0xFF, 0xFF, 0xFF, 0xEF, 0x57, 0xFF, 0xFF, 0xFF, 0xFF, 0x5F, 0x00, 0x23, 0xFB, 0xFF, 0xFF, 
0xFF, 0xFF, 0xFF, 0xFF, 0xFF, 0xEF, 0x57, 0xFF, 0xFF, 0xFF, 0xFF, 0x5F, 0x00, 0x00, 0x9E, 0xFF, 
0xFF, 0xFF, 0xFF, 0xFF, 0xFF, 0xFF, 0xEF, 0x57, 0xFF, 0xFF, 0xFF, 0xFF, 0x5F, 0x00, 0x00, 0x23, 
0xFB, 0xFF, 0xFF, 0xFF, 0xFF, 0xFF, 0xFF, 0xEF, 0x57, 0xFF, 0xFF, 0xFF, 0xFF, 0x5F, 0x00, 0x00, 
0x00, 0x9D, 0xFF, 0xFF, 0xFF, 0xFF, 0xFF, 0xFF, 0xEF, 0x57, 0xFF, 0xFF, 0xFF, 0xFF, 0x5F, 0x00, 
0x00, 0x00, 0x22, 0xFB, 0xFF, 0xFF, 0xFF, 0xFF, 0xFF, 0xEF, 0x57, 0xFF, 0xFF, 0xFF, 0xFF, 0x5F, 
0x00, 0x00, 0x00, 0x00, 0x9D, 0xFF, 0xFF, 0xFF, 0xFF, 0xFF, 0xEF, 0x57, 0xFF, 0xFF, 0xFF, 0xFF, 
0x5F, 0x00, 0x00, 0x00, 0x00, 0x21, 0xFB, 0xFF, 0xFF, 0xFF, 0xFF, 0xEF, 0x57, 0xFF, 0xFF, 0xFF, 
0xFF, 0x5F, 0x00, 0x00, 0x00, 0x00, 0x00, 0x9C, 0xFF, 0xFF, 0xFF, 0xFF, 0xEF, 0x53, 0xFF, 0xFF, 
0xFF, 0xFF, 0x5B, 0x00, 0x00, 0x00, 0x00, 0x00, 0x21, 0xFA, 0xFF, 0xFF, 0xFF, 0xEB, 0x00, 0x4D, 
0x63, 0x63, 0x63, 0x28, 0x00, 0x00, 0x42, 0x63, 0x63, 0x63, 0x34, 0x00, 0x00, 0x76, 0xFF, 0xFF, 
0xFF, 0xE1, 0x15, 0x41, 0xFB, 0xFF, 0xFF, 0xF8, 0x41, 0x00, 0x00, 0x00, 0x86, 0xFF, 0xFF, 0xFF, 
0xD2, 0xEC, 0xFF, 0xFF, 0xFB, 0x4D, 0x00, 0x00, 0x00, 0x00, 0x00, 0x93, 0xFF, 0xFF, 0xFF, 0xFF, 
0xFF, 0xFD, 0x58, 0x00, 0x00, 0x00, 0x00, 0x00, 0x00, 0x01, 0xA0, 0xFF, 0xFF, 0xFF, 0xFE, 0x63, 
0x00, 0x00, 0x00, 0x00, 0x00, 0x00, 0x00, 0x00, 0x03, 0x77, 0x88, 0x88, 0x59, 0x00, 0x00, 0x00, 
0x00, 0x00, 0x00, 0x00, 0x00, 0x00, 0x00, 0x00, 0x00, 0x00, 0x00, 0x00, 0x00, 0x00, 0x00, 0x00, 
0x2A, 0x47, 0x47, 0x47, 0x3A, 0x00, 0x18, 0x57, 0x8E, 0x79, 0x41, 0x00, 0x00, 0x00, 0xA7, 0xFF, 
0xFF, 0xFF, 0xDF, 0x62, 0xFC, 0xFF, 0xFF, 0xFF, 0xFF, 0x9F, 0x06, 0x00, 0xA7, 0xFF, 0xFF, 0xFF, 
0xFF, 0xFF, 0xFF, 0xFF, 0xFF, 0xFF, 0xFF, 0xFF, 0x69, 0x00, 0xA7, 0xFF, 0xFF, 0xFF, 0xFF, 0xFF, 
0xFF, 0xFF, 0xFF, 0xFF, 0xFF, 0xFF, 0xDC, 0x01, 0xA7, 0xFF, 0xFF, 0xFF, 0xFF, 0xFF, 0x9B, 0xAB, 
0xFF, 0xFF, 0xFF, 0xFF, 0xFF, 0x19, 0xA7, 0xFF, 0xFF, 0xFF, 0xFF, 0x69, 0x00, 0x00, 0xB6, 0xFF, 
0xFF, 0xFF, 0xFF, 0x35, 0xA7, 0xFF, 0xFF, 0xFF, 0xFF, 0x1B, 0x00, 0x00, 0x7F, 0xFF, 0xFF, 0xFF, 
0xFF, 0x50, 0xA7, 0xFF, 0xFF, 0xFF, 0xFF, 0x1B, 0x00, 0x00, 0x68, 0xFF, 0xFF, 0xFF, 0xFF, 0x5B, 
0xA7, 0xFF, 0xFF, 0xFF, 0xFF, 0x1B, 0x00, 0x00, 0x67, 0xFF, 0xFF, 0xFF, 0xFF, 0x5B, 0xA7, 0xFF, 
0xFF, 0xFF, 0xFF, 0x1B, 0x00, 0x00, 0x67, 0xFF, 0xFF, 0xFF, 0xFF, 0x5B, 0xA7, 0xFF, 0xFF, 0xFF, 
0xFF, 0x1B, 0x00, 0x00, 0x67, 0xFF, 0xFF, 0xFF, 0xFF, 0x5B, 0xA7, 0xFF, 0xFF, 0xFF, 0xFF, 0x1B, 
0x00, 0x00, 0x67, 0xFF, 0xFF, 0xFF, 0xFF, 0x5B, 0xA7, 0xFF, 0xFF, 0xFF, 0xFF, 0x1B, 0x00, 0x00, 
0x67, 0xFF, 0xFF, 0xFF, 0xFF, 0x5B, 0xA7, 0xFF, 0xFF, 0xFF, 0xFF, 0x1B, 0x00, 0x00, 0x67, 0xFF, 
0xFF, 0xFF, 0xFF, 0x5B, 0xA7, 0xFF, 0xFF, 0xFF, 0xFF, 0x1B, 0x00, 0x00, 0x67, 0xFF, 0xFF, 0xFF, 
0xFF, 0x5B, 0xA7, 0xFF, 0xFF, 0xFF, 0xFF, 0x1B, 0x00, 0x00, 0x67, 0xFF, 0xFF, 0xFF, 0xFF, 0x5B, 
0xA7, 0xFF, 0xFF, 0xFF, 0xFF, 0x1B, 0x00, 0x00, 0x67, 0xFF, 0xFF, 0xFF, 0xFF, 0x5B, 0xA3, 0xFF, 
0xFF, 0xFF, 0xFF, 0x17, 0x00, 0x00, 0x63, 0xFF, 0xFF, 0xFF, 0xFF, 0x57, 0x00, 0x00, 0x00, 0x00, 
0x00, 0x00, 0x1C, 0x33, 0x33, 0x33, 0x1A, 0x07, 0x33, 0x33, 0x33, 0x31, 0x00, 0x00, 0x00, 0x00, 
0x00, 0x00, 0x00, 0x03, 0xD9, 0xFF, 0xFF, 0xFF, 0x6D, 0x82, 0xFF, 0xFF, 0xFF, 0xD4, 0x04, 0x00, 
0x00, 0x00, 0x00, 0x00, 0x00, 0x5A, 0xFF, 0xFF, 0xFF, 0xCC, 0x25, 0xF7, 0xFF, 0xFF, 0xF6, 0x2C, 
0x00, 0x00, 0x00, 0x00, 0x00, 0x00, 0x02, 0xD7, 0xFF, 0xFF, 0xFC, 0x31, 0xB2, 0xFF, 0xFF, 0xFF, 
0x67, 0x00, 0x00, 0x00, 0x00, 0x00, 0x00, 0x00, 0x58, 0xFF, 0xFF, 0xFF, 0x8A, 0x4A, 0xFF, 0xFF, 
0xFF, 0xAC, 0x00, 0x00, 0x00, 0x00, 0x00, 0x00, 0x00, 0x00, 0xA3, 0xE0, 0xE0, 0xCA, 0x0A, 0xAA, 
0xE0, 0xE0, 0xCC, 0x10, 0x00, 0x00, 0x00, 0x00, 0x00, 0x00, 0x00, 0x00, 0x00, 0x00, 0x10, 0x40, 
0x69, 0x4E, 0x1D, 0x00, 0x00, 0x00, 0x00, 0x00, 0x00, 0x00, 0x00, 0x00, 0x00, 0x00, 0x59, 0xDE, 
0xFF, 0xFF, 0xFF, 0xFF, 0xFF, 0xEC, 0x8B, 0x06, 0x00, 0x00, 0x00, 0x00, 0x00, 0x00, 0x0C, 0x9F, 
0xFF, 0xFF, 0xFF, 0xFF, 0xFF, 0xFF, 0xFF, 0xFF, 0xFF, 0xCD, 0x26, 0x00, 0x00, 0x00, 0x00, 0x00, 
0xB1, 0xFF, 0xFF, 0xFF, 0xFF, 0xFF, 0xFF, 0xFF, 0xFF, 0xFF, 0xFF, 0xFF, 0xEB, 0x0E, 0x00, 0x00, 
0x00, 0x3D, 0xFF, 0xFF, 0xFF, 0xFF, 0xFF, 0xFD, 0xDB, 0xF6, 0xFF, 0xFF, 0xFF, 0xFF, 0xFF, 0x85, 
0x00, 0x00, 0x00, 0xC6, 0xFF, 0xFF, 0xFF, 0xFF, 0xC4, 0x13, 0x00, 0x04, 0x8C, 0xFF, 0xFF, 0xFF, 
0xFF, 0xF5, 0x1A, 0x00, 0x2D, 0xFF, 0xFF, 0xFF, 0xFF, 0xF3, 0x0D, 0x00, 0x00, 0x00, 0x00, 0xBA, 
0xFF, 0xFF, 0xFF, 0xFF, 0x77, 0x00, 0x51, 0xFF, 0xFF, 0xFF, 0xFF, 0xA1, 0x00, 0x00, 0x00, 0x00, 
0x00, 0x58, 0xFF, 0xFF, 0xFF, 0xFF, 0x9B, 0x00, 0x73, 0xFF, 0xFF, 0xFF, 0xFF, 0x64, 0x00, 0x00, 
0x00, 0x00, 0x00, 0x1A, 0xFF, 0xFF, 0xFF, 0xFF, 0xBE, 0x00, 0x95, 0xFF, 0xFF, 0xFF, 0xFF, 0x4F, 
0x00, 0x00, 0x00, 0x00, 0x00, 0x05, 0xFF, 0xFF, 0xFF, 0xFF, 0xE1, 0x00, 0xB3, 0xFF, 0xFF, 0xFF, 
0xFF, 0x3A, 0x00, 0x00, 0x00, 0x00, 0x00, 0x00, 0xEF, 0xFF, 0xFF, 0xFF, 0xF9, 0x01, 0xB7, 0xFF, 
0xFF, 0xFF, 0xFF, 0x33, 0x00, 0x00, 0x00, 0x00, 0x00, 0x00, 0xE7, 0xFF, 0xFF, 0xFF, 0xFF, 0x03, 
0xB7, 0xFF, 0xFF, 0xFF, 0xFF, 0x33, 0x00, 0x00, 0x00, 0x00, 0x00, 0x00, 0xE7, 0xFF, 0xFF, 0xFF, 
0xFF, 0x03, 0xB7, 0xFF, 0xFF, 0xFF, 0xFF, 0x33, 0x00, 0x00, 0x00, 0x00, 0x00, 0x00, 0xE7, 0xFF, 
0xFF, 0xFF, 0xFF, 0x03, 0xB5, 0xFF, 0xFF, 0xFF, 0xFF, 0x39, 0x00, 0x00, 0x00, 0x00, 0x00, 0x00, 
0xF1, 0xFF, 0xFF, 0xFF, 0xFE, 0x02, 0x99, 0xFF, 0xFF, 0xFF, 0xFF, 0x4E, 0x00, 0x00, 0x00, 0x00, 
0x00, 0x04, 0xFE, 0xFF, 0xFF, 0xFF, 0xE5, 0x00, 0x75, 0xFF, 0xFF, 0xFF, 0xFF, 0x65, 0x00, 0x00, 
0x00, 0x00, 0x00, 0x19, 0xFF, 0xFF, 0xFF, 0xFF, 0xC1, 0x00, 0x50, 0xFF, 0xFF, 0xFF, 0xFF, 0xA5, 
0x00, 0x00, 0x00, 0x00, 0x00, 0x58, 0xFF, 0xFF, 0xFF, 0xFF, 0x9E, 0x00, 0x2B, 0xFF, 0xFF, 0xFF, 
0xFF, 0xF7, 0x16, 0x00, 0x00, 0x00, 0x00, 0xBD, 0xFF, 0xFF, 0xFF, 0xFF, 0x79, 0x00, 0x00, 0xC4, 
0xFF, 0xFF, 0xFF, 0xFF, 0xD5, 0x2C, 0x00, 0x13, 0x9C, 0xFF, 0xFF, 0xFF, 0xFF, 0xF7, 0x1D, 0x00, 
0x00, 0x37, 0xFF, 0xFF, 0xFF, 0xFF, 0xFF, 0xFF, 0xF5, 0xFF, 0xFF, 0xFF, 0xFF, 0xFF, 0xFF, 0x87, 
0x00, 0x00, 0x00, 0x00, 0xA6, 0xFF, 0xFF, 0xFF, 0xFF, 0xFF, 0xFF, 0xFF, 0xFF, 0xFF, 0xFF, 0xFF, 
0xEA, 0x0F, 0x00, 0x00, 0x00, 0x00, 0x06, 0x8B, 0xFD, 0xFF, 0xFF, 0xFF, 0xFF, 0xFF, 0xFF, 0xFF, 
0xFF, 0xC4, 0x21, 0x00, 0x00, 0x00, 0x00, 0x00, 0x00, 0x00, 0x41, 0xC2, 0xF1, 0xFF, 0xFF, 0xFF, 
0xFB, 0xD4, 0x7A, 0x03, 0x00, 0x00, 0x00, 0x00, 0x00, 0x00, 0x00, 0x00, 0x00, 0x00, 0x01, 0x21, 
0x49, 0x32, 0x07, 0x00, 0x00, 0x00, 0x00, 0x00, 0x00, 0x00, 0x00, 0x00, 0x00, 0x00, 0x00, 0x22, 
0x5B, 0x5B, 0x5B, 0x46, 0x01, 0x57, 0x5B, 0x5B, 0x5B, 0x14, 0x00, 0x00, 0x00, 0x00, 0x00, 0xB8, 
0xFF, 0xFF, 0xFF, 0x90, 0x61, 0xFF, 0xFF, 0xFF, 0xE4, 0x13, 0x00, 0x00, 0x00, 0x00, 0x37, 0xFF, 
0xFF, 0xFF, 0xE1, 0x1C, 0xE9, 0xFF, 0xFF, 0xFD, 0x40, 0x00, 0x00, 0x00, 0x00, 0x00, 0xB5, 0xFF, 
0xFF, 0xFF, 0x4C, 0x92, 0xFF, 0xFF, 0xFF, 0x82, 0x00, 0x00, 0x00, 0x00, 0x00, 0x34, 0xFF, 0xFF, 
0xFF, 0xA9, 0x2E, 0xFC, 0xFF, 0xFF, 0xC3, 0x03, 0x00, 0x00, 0x00, 0x00, 0x00, 0x62, 0xB8, 0xB8, 
0xB5, 0x17, 0x69, 0xB8, 0xB8, 0xB5, 0x1E, 0x00, 0x00, 0x00, 0x00, 0x00, 0x00, 0x00, 0x00, 0x00, 
0x00, 0x00, 0x00, 0x00, 0x00, 0x00, 0x00, 0x00, 0x00, 0x00, 0x00, 0x00, 0x00, 0x00, 0x01, 0x28, 
0x59, 0x89, 0x84, 0x54, 0x23, 0x00, 0x00, 0x00, 0x00, 0x00, 0x00, 0x00, 0x00, 0x17, 0xBA, 0xFF, 
0xFF, 0xFF, 0xFF, 0xFF, 0xFF, 0xA7, 0x0E, 0x00, 0x00, 0x00, 0x00, 0x00, 0x2D, 0xE8, 0xFF, 0xFF, 
0xFF, 0xFF, 0xFF, 0xFF, 0xFF, 0xFF, 0xDD, 0x1E, 0x00, 0x00, 0x00, 0x00, 0xBC, 0xFF, 0xFF, 0xFF, 
0xFF, 0xFF, 0xFF, 0xFF, 0xFF, 0xFF, 0xFF, 0xA3, 0x00, 0x00, 0x00, 0x44, 0xFF, 0xFF, 0xFF, 0xFF, 
0xFC, 0x9C, 0xA6, 0xFF, 0xFF, 0xFF, 0xFF, 0xFE, 0x2F, 0x00, 0x00, 0xA3, 0xFF, 0xFF, 0xFF, 0xFF, 
0x70, 0x00, 0x00, 0x8B, 0xFF, 0xFF, 0xFF, 0xFF, 0x8D, 0x00, 0x00, 0xC6, 0xFF, 0xFF, 0xFF, 0xF6, 
0x0C, 0x00, 0x00, 0x1E, 0xFE, 0xFF, 0xFF, 0xFF, 0xB0, 0x00, 0x00, 0xE8, 0xFF, 0xFF, 0xFF, 0xCE, 
0x00, 0x00, 0x00, 0x00, 0xE8, 0xFF, 0xFF, 0xFF, 0xD4, 0x00, 0x09, 0xFF, 0xFF, 0xFF, 0xFF, 0xBE, 
0x00, 0x00, 0x00, 0x00, 0xD2, 0xFF, 0xFF, 0xFF, 0xF4, 0x00, 0x0E, 0xFE, 0xFF, 0xFF, 0xFF, 0xB0, 
0x00, 0x00, 0x00, 0x00, 0xC8, 0xFF, 0xFF, 0xFF, 0xFB, 0x00, 0x04, 0xFC, 0xFF, 0xFF, 0xFF, 0xBE, 
0x00, 0x00, 0x00, 0x00, 0xD5, 0xFF, 0xFF, 0xFF, 0xED, 0x00, 0x00, 0xDF, 0xFF, 0xFF, 0xFF, 0xD5, 
0x00, 0x00, 0x00, 0x00, 0xE9, 0xFF, 0xFF, 0xFF, 0xCA, 0x00, 0x00, 0xBC, 0xFF, 0xFF, 0xFF, 0xFD, 
0x1A, 0x00, 0x00, 0x27, 0xFF, 0xFF, 0xFF, 0xFF, 0xA7, 0x00, 0x00, 0x92, 0xFF, 0xFF, 0xFF, 0xFF, 
0x9E, 0x00, 0x02, 0xA8, 0xFF, 0xFF, 0xFF, 0xFF, 0x7C, 0x00, 0x00, 0x23, 0xFA, 0xFF, 0xFF, 0xFF, 
0xFF, 0xDF, 0xE2, 0xFF, 0xFF, 0xFF, 0xFF, 0xF2, 0x15, 0x00, 0x00, 0x00, 0x94, 0xFF, 0xFF, 0xFF, 
0xFF, 0xFF, 0xFF, 0xFF, 0xFF, 0xFF, 0xFF, 0x7E, 0x00, 0x00, 0x00, 0x00, 0x11, 0xB5, 0xFF, 0xFF, 
0xFF, 0xFF, 0xFF, 0xFF, 0xFF, 0xFF, 0xA7, 0x0A, 0x00, 0x00, 0x00, 0x00, 0x00, 0x01, 0x71, 0xE1, 
0xFF, 0xFF, 0xFF, 0xFF, 0xDE, 0x63, 0x00, 0x00, 0x00, 0x00, 0x00, 0x00, 0x00, 0x00, 0x00, 0x00, 
0x12, 0x41, 0x3E, 0x0F, 0x00, 0x00, 0x00, 0x00, 0x00, 0x00, 0x00, 0x00, 0x00, 0x00, 0x00, 0x00, 
0x0B, 0x3C, 0x61, 0x68, 0x5A, 0x5E, 0x35, 0x1F, 0x37, 0x35, 0x1F, 0x1F, 0x1F, 0x1F, 0x1F, 0x1F, 
0x1F, 0x1F, 0x05, 0x00, 0x00, 0x00, 0x00, 0x42, 0xD1, 0xFC, 0xFF, 0xFF, 0xFF, 0xFF, 0xFF, 0xFF, 
0xFF, 0xFF, 0xFF, 0xFF, 0xFF, 0xFF, 0xFF, 0xFF, 0xFF, 0xFF, 0xFF, 0x4B, 0x00, 0x00, 0x03, 0x81, 
0xFD, 0xFF, 0xFF, 0xFF, 0xFF, 0xFF, 0xFF, 0xFF, 0xFF, 0xFF, 0xFF, 0xFF, 0xFF, 0xFF, 0xFF, 0xFF, 
0xFF, 0xFF, 0xFF, 0xFF, 0x4C, 0x00, 0x00, 0x92, 0xFF, 0xFF, 0xFF, 0xFF, 0xFF, 0xFF, 0xFF, 0xFF, 
0xFF, 0xFF, 0xFF, 0xFF, 0xFF, 0xFF, 0xFF, 0xFF, 0xFF, 0xFF, 0xFF, 0xFF, 0xFF, 0x4C, 0x00, 0x29, 
0xFB, 0xFF, 0xFF, 0xFF, 0xFF, 0xE4, 0xAA, 0xA4, 0xD0, 0xFF, 0xFF, 0xFF, 0xFF, 0xFF, 0xFF, 0xFF, 
0xFF, 0xFF, 0xFF, 0xFF, 0xFF, 0xFF, 0x4A, 0x00, 0xB6, 0xFF, 0xFF, 0xFF, 0xFF, 0xA3, 0x05, 0x00, 
0x00, 0x16, 0xFF, 0xFF, 0xFF, 0xFF, 0xE5, 0x0D, 0x0D, 0x0D, 0x0D, 0x0D, 0x0D, 0x0D, 0x0D, 0x01, 
0x1D, 0xFF, 0xFF, 0xFF, 0xFF, 0xE1, 0x03, 0x00, 0x00, 0x00, 0x16, 0xFF, 0xFF, 0xFF, 0xFF, 0xD8, 
0x00, 0x00, 0x00, 0x00, 0x00, 0x00, 0x00, 0x00, 0x00, 0x45, 0xFF, 0xFF, 0xFF, 0xFF, 0x79, 0x00, 
0x00, 0x00, 0x00, 0x16, 0xFF, 0xFF, 0xFF, 0xFF, 0xD8, 0x00, 0x00, 0x00, 0x00, 0x00, 0x00, 0x00, 
0x00, 0x00, 0x6D, 0xFF, 0xFF, 0xFF, 0xFF, 0x48, 0x00, 0x00, 0x00, 0x00, 0x16, 0xFF, 0xFF, 0xFF, 
0xFF, 0xD8, 0x00, 0x00, 0x00, 0x00, 0x00, 0x00, 0x00, 0x00, 0x00, 0x94, 0xFF, 0xFF, 0xFF, 0xFF, 
0x2D, 0x00, 0x00, 0x00, 0x00, 0x16, 0xFF, 0xFF, 0xFF, 0xFF, 0xD8, 0x00, 0x00, 0x00, 0x00, 0x00, 
0x00, 0x00, 0x00, 0x00, 0xA4, 0xFF, 0xFF, 0xFF, 0xFF, 0x1B, 0x00, 0x00, 0x00, 0x00, 0x16, 0xFF, 
0xFF, 0xFF, 0xFF, 0xFF, 0xE8, 0xE8, 0xE8, 0xE8, 0xE8, 0xE8, 0xE4, 0x01, 0x00, 0xA4, 0xFF, 0xFF, 
0xFF, 0xFF, 0x1A, 0x00, 0x00, 0x00, 0x00, 0x16, 0xFF, 0xFF, 0xFF, 0xFF, 0xFF, 0xFF, 0xFF, 0xFF, 
0xFF, 0xFF, 0xFF, 0xFF, 0x02, 0x00, 0xA4, 0xFF, 0xFF, 0xFF, 0xFF, 0x1A, 0x00, 0x00, 0x00, 0x00, 
0x16, 0xFF, 0xFF, 0xFF, 0xFF, 0xFF, 0xFF, 0xFF, 0xFF, 0xFF, 0xFF, 0xFF, 0xFF, 0x02, 0x00, 0xA4, 
0xFF, 0xFF, 0xFF, 0xFF, 0x1A, 0x00, 0x00, 0x00, 0x00, 0x16, 0xFF, 0xFF, 0xFF, 0xFF, 0xFF, 0xFF, 
0xFF, 0xFF, 0xFF, 0xFF, 0xFF, 0xFF, 0x02, 0x00, 0xA4, 0xFF, 0xFF, 0xFF, 0xFF, 0x1C, 0x00, 0x00, 
0x00, 0x00, 0x16, 0xFF, 0xFF, 0xFF, 0xFF, 0xFB, 0x23, 0x23, 0x23, 0x23, 0x23, 0x23, 0x1F, 0x00, 
0x00, 0x90, 0xFF, 0xFF, 0xFF, 0xFF, 0x31, 0x00, 0x00, 0x00, 0x00, 0x16, 0xFF, 0xFF, 0xFF, 0xFF, 
0xD8, 0x00, 0x00, 0x00, 0x00, 0x00, 0x00, 0x00, 0x00, 0x00, 0x68, 0xFF, 0xFF, 0xFF, 0xFF, 0x4C, 
0x00, 0x00, 0x00, 0x00, 0x16, 0xFF, 0xFF, 0xFF, 0xFF, 0xD8, 0x00, 0x00, 0x00, 0x00, 0x00, 0x00, 
0x00, 0x00, 0x00, 0x40, 0xFF, 0xFF, 0xFF, 0xFF, 0x88, 0x00, 0x00, 0x00, 0x00, 0x16, 0xFF, 0xFF, 
0xFF, 0xFF, 0xD8, 0x00, 0x00, 0x00, 0x00, 0x00, 0x00, 0x00, 0x00, 0x00, 0x16, 0xFE, 0xFF, 0xFF, 
0xFF, 0xEC, 0x0A, 0x00, 0x00, 0x00, 0x16, 0xFF, 0xFF, 0xFF, 0xFF, 0xD8, 0x00, 0x00, 0x00, 0x00, 
0x00, 0x00, 0x00, 0x00, 0x00, 0x00, 0xA3, 0xFF, 0xFF, 0xFF, 0xFF, 0xC2, 0x12, 0x00, 0x00, 0x16, 
0xFF, 0xFF, 0xFF, 0xFF, 0xFF, 0x28, 0x28, 0x28, 0x28, 0x28, 0x28, 0x28, 0x28, 0x09, 0x00, 0x1C, 
0xF5, 0xFF, 0xFF, 0xFF, 0xFF, 0xFA, 0xCA, 0xC1, 0xEC, 0xFF, 0xFF, 0xFF, 0xFF, 0xFF, 0xFF, 0xFF, 
0xFF, 0xFF, 0xFF, 0xFF, 0xFF, 0xFF, 0x54, 0x00, 0x00, 0x7A, 0xFF, 0xFF, 0xFF, 0xFF, 0xFF, 0xFF, 
0xFF, 0xFF, 0xFF, 0xFF, 0xFF, 0xFF, 0xFF, 0xFF, 0xFF, 0xFF, 0xFF, 0xFF, 0xFF, 0xFF, 0xFF, 0x54, 
0x00, 0x00, 0x00, 0x61, 0xF5, 0xFF, 0xFF, 0xFF, 0xFF, 0xFF, 0xFF, 0xFF, 0xFF, 0xFF, 0xFF, 0xFF, 
0xFF, 0xFF, 0xFF, 0xFF, 0xFF, 0xFF, 0xFF, 0xFF, 0x54, 0x00, 0x00, 0x00, 0x00, 0x2A, 0xB1, 0xE8, 
0xFF, 0xFF, 0xFF, 0xFF, 0xFF, 0xFF, 0xFF, 0xFF, 0xFF, 0xFF, 0xFF, 0xFF, 0xFF, 0xFF, 0xFF, 0xFF, 
0xFF, 0x50, 0x00, 0x00, 0x00, 0x00, 0x00, 0x00, 0x00, 0x1C, 0x4A, 0x48, 0x3A, 0x20, 0x04, 0x00, 
0x00, 0x00, 0x00, 0x00, 0x00, 0x00, 0x00, 0x00, 0x00, 0x00, 0x00, 0x00, 0x00, 0x00, 0x00, 0x0D, 
0x43, 0x7C, 0x8A, 0x55, 0x1C, 0x00, 0x00, 0x00, 0x08, 0x3F, 0x7B, 0x8D, 0x5D, 0x2A, 0x01, 0x00, 
0x00, 0x00, 0x00, 0x00, 0x00, 0x77, 0xFC, 0xFF, 0xFF, 0xFF, 0xFF, 0xFF, 0xB8, 0x0F, 0x47, 0xF3, 
0xFF, 0xFF, 0xFF, 0xFF, 0xFF, 0xB1, 0x0E, 0x00, 0x00, 0x00, 0x03, 0x9C, 0xFF, 0xFF, 0xFF, 0xFF, 
0xFF, 0xFF, 0xFF, 0xFF, 0xFF, 0xFF, 0xFF, 0xFF, 0xFF, 0xFF, 0xFF, 0xFF, 0xFF, 0xD8, 0x0E, 0x00, 
0x00, 0x5E, 0xFF, 0xFF, 0xFF, 0xFF, 0xFF, 0xFF, 0xFF, 0xFF, 0xFF, 0xFF, 0xFF, 0xFF, 0xFF, 0xFF, 
0xFF, 0xFF, 0xFF, 0xFF, 0xFF, 0x7A, 0x00, 0x01, 0xD5, 0xFF, 0xFF, 0xFF, 0xFF, 0xB9, 0x9E, 0xF5, 
0xFF, 0xFF, 0xFF, 0xFF, 0xFF, 0xFF, 0xCD, 0x9F, 0xF7, 0xFF, 0xFF, 0xFF, 0xEB, 0x0A, 0x49, 0xFF, 
0xFF, 0xFF, 0xFF, 0xB7, 0x00, 0x00, 0x63, 0xFF, 0xFF, 0xFF, 0xFF, 0xFF, 0xEA, 0x10, 0x00, 0x83, 
0xFF, 0xFF, 0xFF, 0xFF, 0x3C, 0x7A, 0xFF, 0xFF, 0xFF, 0xFF, 0x4D, 0x00, 0x00, 0x03, 0xFF, 0xFF, 
0xFF, 0xFF, 0xFF, 0x9A, 0x00, 0x00, 0x3C, 0xFF, 0xFF, 0xFF, 0xFF, 0x5C, 0x9B, 0xFF, 0xFF, 0xFF, 
0xFF, 0x16, 0x00, 0x00, 0x00, 0xFF, 0xFF, 0xFF, 0xFF, 0xFF, 0xE1, 0x7A, 0x7A, 0x93, 0xFF, 0xFF, 
0xFF, 0xFF, 0x7C, 0xBB, 0xFF, 0xFF, 0xFF, 0xFE, 0x02, 0x00, 0x00, 0x00, 0xFF, 0xFF, 0xFF, 0xFF, 
0xFF, 0xFF, 0xFF, 0xFF, 0xFF, 0xFF, 0xFF, 0xFF, 0xFF, 0x8E, 0xC6, 0xFF, 0xFF, 0xFF, 0xFC, 0x00, 
0x00, 0x00, 0x00, 0xFF, 0xFF, 0xFF, 0xFF, 0xFF, 0xFF, 0xFF, 0xFF, 0xFF, 0xFF, 0xFF, 0xFF, 0xFF, 
0x8E, 0xB3, 0xFF, 0xFF, 0xFF, 0xFF, 0x04, 0x00, 0x00, 0x00, 0xFF, 0xFF, 0xFF, 0xFF, 0xFF, 0xFF, 
0xF6, 0xF6, 0xF6, 0xF6, 0xF6, 0xF6, 0xF6, 0x84, 0x92, 0xFF, 0xFF, 0xFF, 0xFF, 0x1E, 0x00, 0x00, 
0x00, 0xFF, 0xFF, 0xFF, 0xFF, 0xFF, 0x7C, 0x00, 0x00, 0x00, 0x00, 0x00, 0x00, 0x00, 0x00, 0x72, 
0xFF, 0xFF, 0xFF, 0xFF, 0x5C, 0x00, 0x00, 0x0C, 0xFF, 0xFF, 0xFF, 0xFF, 0xFF, 0xD1, 0x00, 0x00, 
0x00, 0x00, 0x00, 0x00, 0x00, 0x00, 0x30, 0xFF, 0xFF, 0xFF, 0xFF, 0xDA, 0x0D, 0x00, 0x91, 0xFF, 
0xFF, 0xFF, 0xFF, 0xFF, 0xFF, 0x7F, 0x00, 0x00, 0x01, 0x45, 0xC6, 0x43, 0x00, 0x00, 0xB7, 0xFF, 
0xFF, 0xFF, 0xFF, 0xF3, 0xE2, 0xFF, 0xFF, 0xFF, 0xFF, 0xFF, 0xFF, 0xFF, 0xFF, 0xE6, 0xCD, 0xF3, 
0xFF, 0xFF, 0xAB, 0x00, 0x00, 0x3C, 0xFF, 0xFF, 0xFF, 0xFF, 0xFF, 0xFF, 0xFF, 0xFF, 0xFF, 0xFF, 
0xFF, 0xFF, 0xFF, 0xFF, 0xFF, 0xFF, 0xFF, 0xFF, 0xFF, 0xFA, 0x17, 0x00, 0x00, 0x58, 0xF7, 0xFF, 
0xFF, 0xFF, 0xFF, 0xFF, 0xFF, 0xFF, 0xC5, 0xD9, 0xFF, 0xFF, 0xFF, 0xFF, 0xFF, 0xFF, 0xFF, 0xFF, 
0xD7, 0x21, 0x00, 0x00, 0x00, 0x38, 0xC4, 0xF7, 0xFF, 0xFF, 0xFF, 0xD9, 0x77, 0x00, 0x0B, 0x9A, 
0xE5, 0xFF, 0xFF, 0xFF, 0xFA, 0xD1, 0x77, 0x05, 0x00, 0x00, 0x00, 0x00, 0x00, 0x00, 0x05, 0x35, 
0x46, 0x12, 0x00, 0x00, 0x00, 0x00, 0x00, 0x00, 0x1D, 0x42, 0x30, 0x06, 0x00, 0x00, 0x00, 0x00, 
0x00, 0x00, 0x00, 0x00, 0x00, 0x00, 0x00, 0x09, 0x37, 0x37, 0x37, 0x37, 0x37, 0x03, 0x00, 0x00, 
0x00, 0x00, 0x00, 0x00, 0x00, 0x00, 0x00, 0x00, 0x8F, 0xFF, 0xFF, 0xFF, 0xFF, 0xD1, 0x0A, 0x00, 
0x00, 0x00, 0x00, 0x00, 0x00, 0x00, 0x00, 0x00, 0x35, 0xFD, 0xFF, 0xFF, 0xFF, 0xE0, 0x1A, 0x00, 
0x00, 0x00, 0x00, 0x00, 0x00, 0x00, 0x00, 0x00, 0x04, 0xD0, 0xFF, 0xFF, 0xFF, 0xED, 0x28, 0x00, 
0x00, 0x00, 0x00, 0x00, 0x00, 0x00, 0x00, 0x00, 0x00, 0x76, 0xFF, 0xFF, 0xFF, 0xF6, 0x39, 0x00, 
0x00, 0x00, 0x00, 0x00, 0x00, 0x00, 0x00, 0x00, 0x00, 0x0D, 0xF2, 0xFC, 0xFC, 0xF9, 0x4E, 0x00, 
0x00, 0x00, 0x00, 0x00, 0x00, 0x00, 0x06, 0x1F, 0x1F, 0x1F, 0x1F, 0x1F, 0x1F, 0x1F, 0x14, 0x00, 
0x00, 0x00, 0x00, 0x00, 0x00, 0x00, 0x00, 0x53, 0xFF, 0xFF, 0xFF, 0xFF, 0xFF, 0xFF, 0xFF, 0xFF, 
0xE3, 0xB0, 0x7C, 0x25, 0x00, 0x00, 0x00, 0x00, 0x53, 0xFF, 0xFF, 0xFF, 0xFF, 0xFF, 0xFF, 0xFF, 
0xFF, 0xFF, 0xFF, 0xFF, 0xEC, 0x34, 0x00, 0x00, 0x00, 0x53, 0xFF, 0xFF, 0xFF, 0xFF, 0xFF, 0xFF, 
0xFF, 0xFF, 0xFF, 0xFF, 0xFF, 0xFF, 0xF2, 0x3F, 0x00, 0x00, 0x53, 0xFF, 0xFF, 0xFF, 0xFF, 0xFF, 
0xFF, 0xFF, 0xFF, 0xFF, 0xFF, 0xFF, 0xFF, 0xFF, 0xE3, 0x02, 0x00, 0x53, 0xFF, 0xFF, 0xFF, 0xFF, 
0xA6, 0x0C, 0x0C, 0x30, 0x98, 0xFF, 0xFF, 0xFF, 0xFF, 0xFF, 0x43, 0x00, 0x53, 0xFF, 0xFF, 0xFF, 
0xFF, 0x9F, 0x00, 0x00, 0x00, 0x02, 0xC7, 0xFF, 0xFF, 0xFF, 0xFF, 0x6E, 0x00, 0x53, 0xFF, 0xFF, 
0xFF, 0xFF, 0x9F, 0x00, 0x00, 0x00, 0x00, 0x85, 0xFF, 0xFF, 0xFF, 0xFF, 0x88, 0x00, 0x53, 0xFF, 
0xFF, 0xFF, 0xFF, 0x9F, 0x00, 0x00, 0x00, 0x00, 0x75, 0xFF, 0xFF, 0xFF, 0xFF, 0x80, 0x00, 0x53, 
0xFF, 0xFF, 0xFF, 0xFF, 0x9F, 0x00, 0x00, 0x00, 0x00, 0x9C, 0xFF, 0xFF, 0xFF, 0xFF, 0x57, 0x00, 
0x53, 0xFF, 0xFF, 0xFF, 0xFF, 0x9F, 0x00, 0x00, 0x00, 0x2F, 0xF6, 0xFF, 0xFF, 0xFF, 0xFF, 0x2E, 
0x00, 0x53, 0xFF, 0xFF, 0xFF, 0xFF, 0xFF, 0x83, 0x83, 0xAF, 0xF2, 0xFF, 0xFF, 0xFF, 0xFF, 0xDE, 
0x06, 0x00, 0x53, 0xFF, 0xFF, 0xFF, 0xFF, 0xFF, 0xFF, 0xFF, 0xFF, 0xFF, 0xFF, 0xFF, 0xFF, 0xFF, 
0x42, 0x00, 0x00, 0x53, 0xFF, 0xFF, 0xFF, 0xFF, 0xFF, 0xFF, 0xFF, 0xFF, 0xFF, 0xFF, 0xFF, 0xFF, 
0x7A, 0x00, 0x00, 0x00, 0x53, 0xFF, 0xFF, 0xFF, 0xFF, 0xFF, 0xFF, 0xFF, 0xFF, 0xFF, 0xFF, 0xFF, 
0x9E, 0x00, 0x00, 0x00, 0x00, 0x53, 0xFF, 0xFF, 0xFF, 0xFF, 0xFF, 0xA8, 0xFF, 0xFF, 0xFF, 0xFF, 
0xFF, 0xDC, 0x02, 0x00, 0x00, 0x00, 0x53, 0xFF, 0xFF, 0xFF, 0xFF, 0x9F, 0x00, 0x1A, 0xFB, 0xFF, 
0xFF, 0xFF, 0xFF, 0x4C, 0x00, 0x00, 0x00, 0x53, 0xFF, 0xFF, 0xFF, 0xFF, 0x9F, 0x00, 0x00, 0xAC, 
0xFF, 0xFF, 0xFF, 0xFF, 0xBA, 0x00, 0x00, 0x00, 0x53, 0xFF, 0xFF, 0xFF, 0xFF, 0x9F, 0x00, 0x00, 
0x42, 0xFF, 0xFF, 0xFF, 0xFF, 0xFF, 0x28, 0x00, 0x00, 0x53, 0xFF, 0xFF, 0xFF, 0xFF, 0x9F, 0x00, 
0x00, 0x01, 0xD8, 0xFF, 0xFF, 0xFF, 0xFF, 0x95, 0x00, 0x00, 0x53, 0xFF, 0xFF, 0xFF, 0xFF, 0x9F, 
0x00, 0x00, 0x00, 0x70, 0xFF, 0xFF, 0xFF, 0xFF, 0xF4, 0x0F, 0x00, 0x53, 0xFF, 0xFF, 0xFF, 0xFF, 
0x9F, 0x00, 0x00, 0x00, 0x10, 0xF6, 0xFF, 0xFF, 0xFF, 0xFF, 0x71, 0x00, 0x53, 0xFF, 0xFF, 0xFF, 
0xFF, 0x9F, 0x00, 0x00, 0x00, 0x00, 0x9D, 0xFF, 0xFF, 0xFF, 0xFF, 0xDD, 0x02, 0x4F, 0xFF, 0xFF, 
0xFF, 0xFF, 0x9B, 0x00, 0x00, 0x00, 0x00, 0x34, 0xFF, 0xFF, 0xFF, 0xFF, 0xFF, 0x35, 0x00, 0x00, 
0x00, 0x00, 0x00, 0x40, 0x5F, 0x5F, 0x5F, 0x5F, 0x3C, 0x00, 0x00, 0x00, 0x00, 0x25, 0xF7, 0xFF, 
0xFF, 0xFF, 0xFC, 0x4C, 0x00, 0x00, 0x00, 0x00, 0xBE, 0xFF, 0xFF, 0xFF, 0xFF, 0x63, 0x00, 0x00, 
0x00, 0x00, 0x61, 0xFF, 0xFF, 0xFF, 0xFF, 0x7D, 0x00, 0x00, 0x00, 0x00, 0x16, 0xED, 0xFF, 0xFF, 
0xFF, 0x98, 0x00, 0x00, 0x00, 0x00, 0x00, 0x6A, 0xD4, 0xD4, 0xD4, 0xA1, 0x03, 0x00, 0x00, 0x00, 
0x00, 0x00, 0x00, 0x00, 0x00, 0x00, 0x00, 0x00, 0x00, 0x00, 0x00, 0x23, 0x47, 0x47, 0x47, 0x43, 
0x00, 0x38, 0x88, 0x89, 0x09, 0x00, 0x8F, 0xFF, 0xFF, 0xFF, 0xFB, 0x7C, 0xFF, 0xFF, 0xFF, 0x29, 
0x00, 0x8F, 0xFF, 0xFF, 0xFF, 0xFF, 0xFF, 0xFF, 0xFF, 0xFF, 0x25, 0x00, 0x8F, 0xFF, 0xFF, 0xFF, 
0xFF, 0xFF, 0xFF, 0xFF, 0xFF, 0x22, 0x00, 0x8F, 0xFF, 0xFF, 0xFF, 0xFF, 0xFF, 0xFF, 0xFF, 0xFF, 
0x1E, 0x00, 0x8F, 0xFF, 0xFF, 0xFF, 0xFF, 0xFF, 0x78, 0x41, 0x4A, 0x09, 0x00, 0x8F, 0xFF, 0xFF, 
0xFF, 0xFF, 0x93, 0x00, 0x00, 0x00, 0x00, 0x00, 0x8F, 0xFF, 0xFF, 0xFF, 0xFF, 0x38, 0x00, 0x00, 
0x00, 0x00, 0x00, 0x8F, 0xFF, 0xFF, 0xFF, 0xFF, 0x2F, 0x00, 0x00, 0x00, 0x00, 0x00, 0x8F, 0xFF, 
0xFF, 0xFF, 0xFF, 0x2F, 0x00, 0x00, 0x00, 0x00, 0x00, 0x8F, 0xFF, 0xFF, 0xFF, 0xFF, 0x2F, 0x00, 
0x00, 0x00, 0x00, 0x00, 0x8F, 0xFF, 0xFF, 0xFF, 0xFF, 0x2F, 0x00, 0x00, 0x00, 0x00, 0x00, 0x8F, 
0xFF, 0xFF, 0xFF, 0xFF, 0x2F, 0x00, 0x00, 0x00, 0x00, 0x00, 0x8F, 0xFF, 0xFF, 0xFF, 0xFF, 0x2F, 
0x00, 0x00, 0x00, 0x00, 0x00, 0x8F, 0xFF, 0xFF, 0xFF, 0xFF, 0x2F, 0x00, 0x00, 0x00, 0x00, 0x00, 
0x8F, 0xFF, 0xFF, 0xFF, 0xFF, 0x2F, 0x00, 0x00, 0x00, 0x00, 0x00, 0x8F, 0xFF, 0xFF, 0xFF, 0xFF, 
0x2F, 0x00, 0x00, 0x00, 0x00, 0x00, 0x8B, 0xFF, 0xFF, 0xFF, 0xFF, 0x2B, 0x00, 0x00, 0x00, 0x00, 
0x00, 0x00, 0x1C, 0x3B, 0x3B, 0x3B, 0x23, 0x00, 0x00, 0x14, 0x3B, 0x3B, 0x3B, 0x2D, 0x00, 0x00, 
0x00, 0x00, 0x00, 0x52, 0xFD, 0xFF, 0xFF, 0xF1, 0x29, 0x0A, 0xCE, 0xFF, 0xFF, 0xFF, 0x9B, 0x00, 
0x00, 0x00, 0x00, 0x00, 0x00, 0x68, 0xFF, 0xFF, 0xFF, 0xDA, 0xB7, 0xFF, 0xFF, 0xFF, 0xAE, 0x04, 
0x00, 0x00, 0x00, 0x00, 0x00, 0x00, 0x00, 0x75, 0xFF, 0xFF, 0xFF, 0xFF, 0xFF, 0xFF, 0xB8, 0x06, 
0x00, 0x00, 0x00, 0x00, 0x00, 0x00, 0x00, 0x00, 0x00, 0x83, 0xFF, 0xFF, 0xFF, 0xFF, 0xC2, 0x0A, 
0x00, 0x00, 0x00, 0x00, 0x00, 0x00, 0x00, 0x00, 0x00, 0x00, 0x00, 0x7D, 0xB0, 0xB0, 0xA1, 0x0E, 
0x00, 0x00, 0x00, 0x00, 0x00, 0x00, 0x00, 0x06, 0x1F, 0x1F, 0x1F, 0x1F, 0x1F, 0x1F, 0x1F, 0x14, 
0x00, 0x00, 0x00, 0x00, 0x00, 0x00, 0x00, 0x00, 0x53, 0xFF, 0xFF, 0xFF, 0xFF, 0xFF, 0xFF, 0xFF, 
0xFF, 0xE3, 0xB0, 0x7C, 0x25, 0x00, 0x00, 0x00, 0x00, 0x53, 0xFF, 0xFF, 0xFF, 0xFF, 0xFF, 0xFF, 
0xFF, 0xFF, 0xFF, 0xFF, 0xFF, 0xEC, 0x34, 0x00, 0x00, 0x00, 0x53, 0xFF, 0xFF, 0xFF, 0xFF, 0xFF, 
0xFF, 0xFF, 0xFF, 0xFF, 0xFF, 0xFF, 0xFF, 0xF2, 0x3F, 0x00, 0x00, 0x53, 0xFF, 0xFF, 0xFF, 0xFF, 
0xFF, 0xFF, 0xFF, 0xFF, 0xFF, 0xFF, 0xFF, 0xFF, 0xFF, 0xE3, 0x02, 0x00, 0x53, 0xFF, 0xFF, 0xFF, 
0xFF, 0xA6, 0x0C, 0x0C, 0x30, 0x98, 0xFF, 0xFF, 0xFF, 0xFF, 0xFF, 0x43, 0x00, 0x53, 0xFF, 0xFF, 
0xFF, 0xFF, 0x9F, 0x00, 0x00, 0x00, 0x02, 0xC7, 0xFF, 0xFF, 0xFF, 0xFF, 0x6E, 0x00, 0x53, 0xFF, 
0xFF, 0xFF, 0xFF, 0x9F, 0x00, 0x00, 0x00, 0x00, 0x85, 0xFF, 0xFF, 0xFF, 0xFF, 0x88, 0x00, 0x53, 
0xFF, 0xFF, 0xFF, 0xFF, 0x9F, 0x00, 0x00, 0x00, 0x00, 0x75, 0xFF, 0xFF, 0xFF, 0xFF, 0x80, 0x00, 
0x53, 0xFF, 0xFF, 0xFF, 0xFF, 0x9F, 0x00, 0x00, 0x00, 0x00, 0x9C, 0xFF, 0xFF, 0xFF, 0xFF, 0x57, 
0x00, 0x53, 0xFF, 0xFF, 0xFF, 0xFF, 0x9F, 0x00, 0x00, 0x00, 0x2F, 0xF6, 0xFF, 0xFF, 0xFF, 0xFF, 
0x2E, 0x00, 0x53, 0xFF, 0xFF, 0xFF, 0xFF, 0xFF, 0x83, 0x83, 0xAF, 0xF2, 0xFF, 0xFF, 0xFF, 0xFF, 
0xDE, 0x06, 0x00, 0x53, 0xFF, 0xFF, 0xFF, 0xFF, 0xFF, 0xFF, 0xFF, 0xFF, 0xFF, 0xFF, 0xFF, 0xFF, 
0xFF, 0x42, 0x00, 0x00, 0x53, 0xFF, 0xFF, 0xFF, 0xFF, 0xFF, 0xFF, 0xFF, 0xFF, 0xFF, 0xFF, 0xFF, 
0xFF, 0x7A, 0x00, 0x00, 0x00, 0x53, 0xFF, 0xFF, 0xFF, 0xFF, 0xFF, 0xFF, 0xFF, 0xFF, 0xFF, 0xFF, 
0xFF, 0x9E, 0x00, 0x00, 0x00, 0x00, 0x53, 0xFF, 0xFF, 0xFF, 0xFF, 0xFF, 0xA8, 0xFF, 0xFF, 0xFF, 
0xFF, 0xFF, 0xDC, 0x02, 0x00, 0x00, 0x00, 0x53, 0xFF, 0xFF, 0xFF, 0xFF, 0x9F, 0x00, 0x1A, 0xFB, 
0xFF, 0xFF, 0xFF, 0xFF, 0x4C, 0x00, 0x00, 0x00, 0x53, 0xFF, 0xFF, 0xFF, 0xFF, 0x9F, 0x00, 0x00, 
0xAC, 0xFF, 0xFF, 0xFF, 0xFF, 0xBA, 0x00, 0x00, 0x00, 0x53, 0xFF, 0xFF, 0xFF, 0xFF, 0x9F, 0x00, 
0x00, 0x42, 0xFF, 0xFF, 0xFF, 0xFF, 0xFF, 0x28, 0x00, 0x00, 0x53, 0xFF, 0xFF, 0xFF, 0xFF, 0x9F, 
0x00, 0x00, 0x01, 0xD8, 0xFF, 0xFF, 0xFF, 0xFF, 0x95, 0x00, 0x00, 0x53, 0xFF, 0xFF, 0xFF, 0xFF, 
0x9F, 0x00, 0x00, 0x00, 0x70, 0xFF, 0xFF, 0xFF, 0xFF, 0xF4, 0x0F, 0x00, 0x53, 0xFF, 0xFF, 0xFF, 
0xFF, 0x9F, 0x00, 0x00, 0x00, 0x10, 0xF6, 0xFF, 0xFF, 0xFF, 0xFF, 0x71, 0x00, 0x53, 0xFF, 0xFF, 
0xFF, 0xFF, 0x9F, 0x00, 0x00, 0x00, 0x00, 0x9D, 0xFF, 0xFF, 0xFF, 0xFF, 0xDD, 0x02, 0x4F, 0xFF, 
0xFF, 0xFF, 0xFF, 0x9B, 0x00, 0x00, 0x00, 0x00, 0x34, 0xFF, 0xFF, 0xFF, 0xFF, 0xFF, 0x35, 0x5C, 
0x63, 0x63, 0x63, 0x18, 0x00, 0x00, 0x52, 0x63, 0x63, 0x63, 0x25, 0x9E, 0xFF, 0xFF, 0xFF, 0xC8, 
0x07, 0x65, 0xFF, 0xFF, 0xFF, 0xEA, 0x26, 0x03, 0xAB, 0xFF, 0xFF, 0xFF, 0xC5, 0xF9, 0xFF, 0xFF, 
0xEF, 0x31, 0x00, 0x00, 0x05, 0xB6, 0xFF, 0xFF, 0xFF, 0xFF, 0xFF, 0xF4, 0x39, 0x00, 0x00, 0x00, 
0x00, 0x09, 0xC0, 0xFF, 0xFF, 0xFF, 0xF7, 0x42, 0x00, 0x00, 0x00, 0x00, 0x00, 0x00, 0x0D, 0x83, 
0x88, 0x88, 0x44, 0x00, 0x00, 0x00, 0x00, 0x00, 0x00, 0x00, 0x00, 0x00, 0x00, 0x00, 0x00, 0x00, 
0x00, 0x00, 0x00, 0x00, 0x23, 0x47, 0x47, 0x47, 0x43, 0x00, 0x38, 0x88, 0x89, 0x09, 0x00, 0x00, 
0x8F, 0xFF, 0xFF, 0xFF, 0xFB, 0x7C, 0xFF, 0xFF, 0xFF, 0x29, 0x00, 0x00, 0x8F, 0xFF, 0xFF, 0xFF, 
0xFF, 0xFF, 0xFF, 0xFF, 0xFF, 0x25, 0x00, 0x00, 0x8F, 0xFF, 0xFF, 0xFF, 0xFF, 0xFF, 0xFF, 0xFF, 
0xFF, 0x22, 0x00, 0x00, 0x8F, 0xFF, 0xFF, 0xFF, 0xFF, 0xFF, 0xFF, 0xFF, 0xFF, 0x1E, 0x00, 0x00, 
0x8F, 0xFF, 0xFF, 0xFF, 0xFF, 0xFF, 0x78, 0x41, 0x4A, 0x09, 0x00, 0x00, 0x8F, 0xFF, 0xFF, 0xFF, 
0xFF, 0x93, 0x00, 0x00, 0x00, 0x00, 0x00, 0x00, 0x8F, 0xFF, 0xFF, 0xFF, 0xFF, 0x38, 0x00, 0x00, 
0x00, 0x00, 0x00, 0x00, 0x8F, 0xFF, 0xFF, 0xFF, 0xFF, 0x2F, 0x00, 0x00, 0x00, 0x00, 0x00, 0x00, 
0x8F, 0xFF, 0xFF, 0xFF, 0xFF, 0x2F, 0x00, 0x00, 0x00, 0x00, 0x00, 0x00, 0x8F, 0xFF, 0xFF, 0xFF, 
0xFF, 0x2F, 0x00, 0x00, 0x00, 0x00, 0x00, 0x00, 0x8F, 0xFF, 0xFF, 0xFF, 0xFF, 0x2F, 0x00, 0x00, 
0x00, 0x00, 0x00, 0x00, 0x8F, 0xFF, 0xFF, 0xFF, 0xFF, 0x2F, 0x00, 0x00, 0x00, 0x00, 0x00, 0x00, 
0x8F, 0xFF, 0xFF, 0xFF, 0xFF, 0x2F, 0x00, 0x00, 0x00, 0x00, 0x00, 0x00, 0x8F, 0xFF, 0xFF, 0xFF, 
0xFF, 0x2F, 0x00, 0x00, 0x00, 0x00, 0x00, 0x00, 0x8F, 0xFF, 0xFF, 0xFF, 0xFF, 0x2F, 0x00, 0x00, 
0x00, 0x00, 0x00, 0x00, 0x8F, 0xFF, 0xFF, 0xFF, 0xFF, 0x2F, 0x00, 0x00, 0x00, 0x00, 0x00, 0x00, 
0x8B, 0xFF, 0xFF, 0xFF, 0xFF, 0x2B, 0x00, 0x00, 0x00, 0x00, 0x00, 0x00, 0x00, 0x00, 0x00, 0x00, 
0x00, 0x00, 0x00, 0x1A, 0x37, 0x37, 0x37, 0x37, 0x29, 0x00, 0x00, 0x00, 0x00, 0x00, 0x00, 0x00, 
0x00, 0x00, 0x06, 0xD5, 0xFF, 0xFF, 0xFF, 0xFF, 0x90, 0x00, 0x00, 0x00, 0x00, 0x00, 0x00, 0x00, 
0x00, 0x00, 0x7E, 0xFF, 0xFF, 0xFF, 0xFF, 0xAC, 0x02, 0x00, 0x00, 0x00, 0x00, 0x00, 0x00, 0x00, 
0x00, 0x27, 0xF8, 0xFF, 0xFF, 0xFF, 0xC1, 0x07, 0x00, 0x00, 0x00, 0x00, 0x00, 0x00, 0x00, 0x00, 
0x01, 0xC1, 0xFF, 0xFF, 0xFF, 0xD3, 0x10, 0x00, 0x00, 0x00, 0x00, 0x00, 0x00, 0x00, 0x00, 0x00, 
0x4E, 0xFC, 0xFC, 0xFC, 0xE0, 0x1C, 0x00, 0x00, 0x00, 0x00, 0x00, 0x00, 0x00, 0x00, 0x00, 0x01, 
0x1E, 0x46, 0x69, 0x5D, 0x41, 0x0A, 0x00, 0x00, 0x00, 0x00, 0x00, 0x00, 0x00, 0x01, 0x5A, 0xE2, 
0xFF, 0xFF, 0xFF, 0xFF, 0xFF, 0xF1, 0x90, 0x05, 0x00, 0x00, 0x00, 0x00, 0x05, 0xBD, 0xFF, 0xFF, 
0xFF, 0xFF, 0xFF, 0xFF, 0xFF, 0xFF, 0xFF, 0xAF, 0x05, 0x00, 0x00, 0x00, 0x8E, 0xFF, 0xFF, 0xFF, 
0xFF, 0xFF, 0xFF, 0xFF, 0xFF, 0xFF, 0xFF, 0xFF, 0xAF, 0x05, 0x00, 0x2D, 0xFF, 0xFF, 0xFF, 0xFF, 
0xFF, 0xF4, 0xC7, 0xEF, 0xFF, 0xFF, 0xFF, 0xFF, 0xFF, 0x5F, 0x00, 0x66, 0xFF, 0xFF, 0xFF, 0xFF, 
0xDA, 0x14, 0x00, 0x03, 0xB5, 0xFF, 0xFF, 0xFF, 0xFF, 0xBF, 0x00, 0x99, 0xFF, 0xFF, 0xFF, 0xFF, 
0x69, 0x00, 0x00, 0x00, 0x23, 0xFF, 0xFF, 0xFF, 0xFF, 0xEB, 0x00, 0xA1, 0xFF, 0xFF, 0xFF, 0xFF, 
0x69, 0x00, 0x00, 0x00, 0x01, 0xE9, 0xF3, 0xF3, 0xF3, 0xEE, 0x02, 0x6C, 0xFF, 0xFF, 0xFF, 0xFF, 
0xE7, 0x2A, 0x00, 0x00, 0x00, 0x00, 0x00, 0x00, 0x00, 0x00, 0x00, 0x33, 0xFF, 0xFF, 0xFF, 0xFF, 
0xFF, 0xF9, 0x8E, 0x1E, 0x00, 0x00, 0x00, 0x00, 0x00, 0x00, 0x00, 0x00, 0x9C, 0xFF, 0xFF, 0xFF, 
0xFF, 0xFF, 0xFF, 0xFC, 0xA2, 0x28, 0x00, 0x00, 0x00, 0x00, 0x00, 0x00, 0x07, 0xC1, 0xFF, 0xFF, 
0xFF, 0xFF, 0xFF, 0xFF, 0xFF, 0xFD, 0xA2, 0x0D, 0x00, 0x00, 0x00, 0x00, 0x00, 0x03, 0x77, 0xF7, 
0xFF, 0xFF, 0xFF, 0xFF, 0xFF, 0xFF, 0xFF, 0xD4, 0x22, 0x00, 0x00, 0x00, 0x00, 0x00, 0x00, 0x21, 
0x96, 0xF6, 0xFF, 0xFF, 0xFF, 0xFF, 0xFF, 0xFF, 0xDC, 0x07, 0x00, 0x00, 0x00, 0x00, 0x00, 0x00, 
0x00, 0x15, 0x88, 0xF4, 0xFF, 0xFF, 0xFF, 0xFF, 0xFF, 0x7B, 0x00, 0x00, 0x00, 0x00, 0x00, 0x00, 
0x00, 0x00, 0x00, 0x19, 0xC7, 0xFF, 0xFF, 0xFF, 0xFF, 0xE1, 0x00, 0x84, 0x8B, 0x8B, 0x8B, 0x84, 
0x00, 0x00, 0x00, 0x00, 0x14, 0xF4, 0xFF, 0xFF, 0xFF, 0xFE, 0x0B, 0xE8, 0xFF, 0xFF, 0xFF, 0xFF, 
0x0A, 0x00, 0x00, 0x00, 0x00, 0xD0, 0xFF, 0xFF, 0xFF, 0xFF, 0x2F, 0xB9, 0xFF, 0xFF, 0xFF, 0xFF, 
0x49, 0x00, 0x00, 0x00, 0x00, 0xDE, 0xFF, 0xFF, 0xFF, 0xFF, 0x1E, 0x8B, 0xFF, 0xFF, 0xFF, 0xFF, 
0xD9, 0x2E, 0x00, 0x01, 0x6C, 0xFF, 0xFF, 0xFF, 0xFF, 0xED, 0x00, 0x33, 0xFA, 0xFF, 0xFF, 0xFF, 
0xFF, 0xFE, 0xE2, 0xEE, 0xFF, 0xFF, 0xFF, 0xFF, 0xFF, 0xB0, 0x00, 0x00, 0x77, 0xFF, 0xFF, 0xFF, 
0xFF, 0xFF, 0xFF, 0xFF, 0xFF, 0xFF, 0xFF, 0xFF, 0xF0, 0x1F, 0x00, 0x00, 0x02, 0x9C, 0xFE, 0xFF, 
0xFF, 0xFF, 0xFF, 0xFF, 0xFF, 0xFF, 0xFF, 0xF0, 0x4F, 0x00, 0x00, 0x00, 0x00, 0x00, 0x32, 0xB9, 
0xF8, 0xFF, 0xFF, 0xFF, 0xFF, 0xF0, 0x98, 0x15, 0x00, 0x00, 0x00, 0x00, 0x00, 0x00, 0x00, 0x00, 
0x02, 0x21, 0x45, 0x3F, 0x18, 0x00, 0x00, 0x00, 0x00, 0x00, 0x00, 0x00, 0x00, 0x00, 0x00, 0x00, 
0x00, 0x00, 0x09, 0x5E, 0x5F, 0x5F, 0x5F, 0x5F, 0x14, 0x00, 0x00, 0x00, 0x00, 0x00, 0x00, 0x00, 
0x89, 0xFF, 0xFF, 0xFF, 0xFF, 0xCE, 0x0D, 0x00, 0x00, 0x00, 0x00, 0x00, 0x00, 0x2F, 0xFB, 0xFF, 
0xFF, 0xFF, 0xDE, 0x18, 0x00, 0x00, 0x00, 0x00, 0x00, 0x00, 0x03, 0xCA, 0xFF, 0xFF, 0xFF, 0xEB, 
0x26, 0x00, 0x00, 0x00, 0x00, 0x00, 0x00, 0x00, 0x70, 0xFF, 0xFF, 0xFF, 0xF5, 0x37, 0x00, 0x00, 
0x00, 0x00, 0x00, 0x00, 0x00, 0x01, 0xC2, 0xD4, 0xD4, 0xD4, 0x4B, 0x00, 0x00, 0x00, 0x00, 0x00, 
0x00, 0x00, 0x00, 0x00, 0x00, 0x00, 0x00, 0x00, 0x00, 0x00, 0x00, 0x00, 0x00, 0x00, 0x00, 0x00, 
0x00, 0x1F, 0x57, 0x80, 0x8D, 0x5E, 0x2A, 0x02, 0x00, 0x00, 0x00, 0x00, 0x00, 0x0B, 0x8B, 0xFA, 
0xFF, 0xFF, 0xFF, 0xFF, 0xFF, 0xEA, 0x3B, 0x00, 0x00, 0x00, 0x00, 0xAC, 0xFF, 0xFF, 0xFF, 0xFF, 
0xFF, 0xFF, 0xFF, 0xFF, 0xF7, 0x53, 0x00, 0x00, 0x53, 0xFF, 0xFF, 0xFF, 0xFF, 0xFF, 0xFF, 0xFF, 
0xFF, 0xFF, 0xFF, 0xEC, 0x02, 0x00, 0x98, 0xFF, 0xFF, 0xFF, 0xFE, 0x6E, 0x3E, 0xCF, 0xFF, 0xFF, 
0xFF, 0xFF, 0x32, 0x00, 0xC4, 0xFF, 0xFF, 0xFF, 0xE3, 0x00, 0x00, 0x54, 0xFF, 0xFF, 0xFF, 0xFF, 
0x6D, 0x00, 0xAF, 0xFF, 0xFF, 0xFF, 0xFF, 0x93, 0x0D, 0x03, 0x10, 0x10, 0x10, 0x10, 0x05, 0x00, 
0x7B, 0xFF, 0xFF, 0xFF, 0xFF, 0xFF, 0xEF, 0x89, 0x18, 0x00, 0x00, 0x00, 0x00, 0x00, 0x0C, 0xDE, 
0xFF, 0xFF, 0xFF, 0xFF, 0xFF, 0xFF, 0xF7, 0x94, 0x1B, 0x00, 0x00, 0x00, 0x00, 0x23, 0xCC, 0xFF, 
0xFF, 0xFF, 0xFF, 0xFF, 0xFF, 0xFF, 0xE4, 0x22, 0x00, 0x00, 0x00, 0x00, 0x06, 0x6A, 0xDF, 0xFF, 
0xFF, 0xFF, 0xFF, 0xFF, 0xFF, 0xDF, 0x09, 0x00, 0x00, 0x00, 0x00, 0x00, 0x04, 0x5D, 0xD6, 0xFF, 
0xFF, 0xFF, 0xFF, 0xFF, 0x3E, 0x1B, 0x9B, 0x9B, 0x9B, 0x9B, 0x36, 0x00, 0x04, 0x99, 0xFF, 0xFF, 
0xFF, 0xFF, 0x77, 0x10, 0xFC, 0xFF, 0xFF, 0xFF, 0x96, 0x00, 0x00, 0x3A, 0xFF, 0xFF, 0xFF, 0xFF, 
0x81, 0x00, 0xC7, 0xFF, 0xFF, 0xFF, 0xFF, 0xA7, 0x84, 0xD9, 0xFF, 0xFF, 0xFF, 0xFF, 0x4E, 0x00, 
0x61, 0xFF, 0xFF, 0xFF, 0xFF, 0xFF, 0xFF, 0xFF, 0xFF, 0xFF, 0xFF, 0xE6, 0x10, 0x00, 0x00, 0x6D, 
0xFF, 0xFF, 0xFF, 0xFF, 0xFF, 0xFF, 0xFF, 0xFF, 0xFA, 0x3C, 0x00, 0x00, 0x00, 0x00, 0x5C, 0xD9, 
0xFF, 0xFF, 0xFF, 0xFF, 0xFD, 0xA8, 0x25, 0x00, 0x00, 0x00, 0x00, 0x00, 0x00, 0x00, 0x24, 0x40, 
0x49, 0x28, 0x07, 0x00, 0x00, 0x00, 0x00, 0x00, 0x00, 0x00, 0x00, 0x01, 0x1E, 0x46, 0x69, 0x5D, 
0x41, 0x0A, 0x00, 0x00, 0x00, 0x00, 0x00, 0x00, 0x00, 0x01, 0x5A, 0xE2, 0xFF, 0xFF, 0xFF, 0xFF, 
0xFF, 0xF1, 0x90, 0x05, 0x00, 0x00, 0x00, 0x00, 0x05, 0xBD, 0xFF, 0xFF, 0xFF, 0xFF, 0xFF, 0xFF, 
0xFF, 0xFF, 0xFF, 0xAF, 0x05, 0x00, 0x00, 0x00, 0x8E, 0xFF, 0xFF, 0xFF, 0xFF, 0xFF, 0xFF, 0xFF, 
0xFF, 0xFF, 0xFF, 0xFF, 0xAF, 0x05, 0x00, 0x2D, 0xFF, 0xFF, 0xFF, 0xFF, 0xFF, 0xF4, 0xC7, 0xEF, 
0xFF, 0xFF, 0xFF, 0xFF, 0xFF, 0x5F, 0x00, 0x66, 0xFF, 0xFF, 0xFF, 0xFF, 0xDA, 0x14, 0x00, 0x03, 
0xB5, 0xFF, 0xFF, 0xFF, 0xFF, 0xBF, 0x00, 0x99, 0xFF, 0xFF, 0xFF, 0xFF, 0x69, 0x00, 0x00, 0x00, 
0x23, 0xFF, 0xFF, 0xFF, 0xFF, 0xEB, 0x00, 0xA1, 0xFF, 0xFF, 0xFF, 0xFF, 0x69, 0x00, 0x00, 0x00, 
0x01, 0xE9, 0xF3, 0xF3, 0xF3, 0xEE, 0x02, 0x6C, 0xFF, 0xFF, 0xFF, 0xFF, 0xE7, 0x2A, 0x00, 0x00, 
0x00, 0x00, 0x00, 0x00, 0x00, 0x00, 0x00, 0x33, 0xFF, 0xFF, 0xFF, 0xFF, 0xFF, 0xF9, 0x8E, 0x1E, 
0x00, 0x00, 0x00, 0x00, 0x00, 0x00, 0x00, 0x00, 0x9C, 0xFF, 0xFF, 0xFF, 0xFF, 0xFF, 0xFF, 0xFC, 
0xA2, 0x28, 0x00, 0x00, 0x00, 0x00, 0x00, 0x00, 0x07, 0xC1, 0xFF, 0xFF, 0xFF, 0xFF, 0xFF, 0xFF, 
0xFF, 0xFD, 0xA2, 0x0D, 0x00, 0x00, 0x00, 0x00, 0x00, 0x03, 0x77, 0xF7, 0xFF, 0xFF, 0xFF, 0xFF, 
0xFF, 0xFF, 0xFF, 0xD4, 0x22, 0x00, 0x00, 0x00, 0x00, 0x00, 0x00, 0x21, 0x96, 0xF6, 0xFF, 0xFF, 
0xFF, 0xFF, 0xFF, 0xFF, 0xDC, 0x07, 0x00, 0x00, 0x00, 0x00, 0x00, 0x00, 0x00, 0x15, 0x88, 0xF4, 
0xFF, 0xFF, 0xFF, 0xFF, 0xFF, 0x7B, 0x00, 0x00, 0x00, 0x00, 0x00, 0x00, 0x00, 0x00, 0x00, 0x19, 
0xC7, 0xFF, 0xFF, 0xFF, 0xFF, 0xE1, 0x00, 0x84, 0x8B, 0x8B, 0x8B, 0x84, 0x00, 0x00, 0x00, 0x00, 
0x14, 0xF4, 0xFF, 0xFF, 0xFF, 0xFE, 0x0B, 0xE8, 0xFF, 0xFF, 0xFF, 0xFF, 0x0A, 0x00, 0x00, 0x00, 
0x00, 0xD0, 0xFF, 0xFF, 0xFF, 0xFF, 0x2F, 0xB9, 0xFF, 0xFF, 0xFF, 0xFF, 0x49, 0x00, 0x00, 0x00, 
0x00, 0xDE, 0xFF, 0xFF, 0xFF, 0xFF, 0x1E, 0x8B, 0xFF, 0xFF, 0xFF, 0xFF, 0xD9, 0x2E, 0x00, 0x01, 
0x6C, 0xFF, 0xFF, 0xFF, 0xFF, 0xED, 0x00, 0x33, 0xFA, 0xFF, 0xFF, 0xFF, 0xFF, 0xFE, 0xE2, 0xEE, 
0xFF, 0xFF, 0xFF, 0xFF, 0xFF, 0xB0, 0x00, 0x00, 0x77, 0xFF, 0xFF, 0xFF, 0xFF, 0xFF, 0xFF, 0xFF, 
0xFF, 0xFF, 0xFF, 0xFF, 0xF0, 0x1F, 0x00, 0x00, 0x02, 0x9C, 0xFE, 0xFF, 0xFF, 0xFF, 0xFF, 0xFF, 
0xFF, 0xFF, 0xFF, 0xF0, 0x4F, 0x00, 0x00, 0x00, 0x00, 0x00, 0x32, 0xB9, 0xF8, 0xFF, 0xFF, 0xFF, 
0xFF, 0xF0, 0x98, 0x15, 0x00, 0x00, 0x00, 0x00, 0x00, 0x00, 0x00, 0x00, 0x16, 0xFF, 0xFF, 0xFF, 
0xED, 0x1A, 0x00, 0x00, 0x00, 0x00, 0x00, 0x00, 0x00, 0x00, 0x00, 0x00, 0x41, 0xFF, 0xFF, 0xFF, 
0xFF, 0xF0, 0x09, 0x00, 0x00, 0x00, 0x00, 0x00, 0x00, 0x00, 0x00, 0x00, 0x0C, 0x47, 0xDE, 0xFF, 
0xFF, 0xFF, 0x4E, 0x00, 0x00, 0x00, 0x00, 0x00, 0x00, 0x00, 0x00, 0x00, 0x00, 0x00, 0xB0, 0xFF, 
0xFF, 0xFF, 0x78, 0x00, 0x00, 0x00, 0x00, 0x00, 0x00, 0x00, 0x00, 0x00, 0x00, 0x96, 0xFF, 0xFF, 
0xFF, 0xFF, 0x4D, 0x00, 0x00, 0x00, 0x00, 0x00, 0x00, 0x00, 0x00, 0x00, 0x00, 0xAF, 0xFF, 0xFF, 
0xFF, 0xCD, 0x07, 0x00, 0x00, 0x00, 0x00, 0x00, 0x00, 0x00, 0x00, 0x00, 0x00, 0xA6, 0xFF, 0xFA, 
0xA0, 0x1B, 0x00, 0x00, 0x00, 0x00, 0x00, 0x00, 0x00, 0x00, 0x00, 0x00, 0x00, 0x22, 0x1F, 0x03, 
0x00, 0x00, 0x00, 0x00, 0x00, 0x00, 0x00, 0x00, 0x00, 0x00, 0x00, 0x1F, 0x57, 0x80, 0x8D, 0x5E, 
0x2A, 0x02, 0x00, 0x00, 0x00, 0x00, 0x00, 0x0B, 0x8B, 0xFA, 0xFF, 0xFF, 0xFF, 0xFF, 0xFF, 0xEA, 
0x3B, 0x00, 0x00, 0x00, 0x00, 0xAC, 0xFF, 0xFF, 0xFF, 0xFF, 0xFF, 0xFF, 0xFF, 0xFF, 0xF7, 0x53, 
0x00, 0x00, 0x53, 0xFF, 0xFF, 0xFF, 0xFF, 0xFF, 0xFF, 0xFF, 0xFF, 0xFF, 0xFF, 0xEC, 0x02, 0x00, 
0x98, 0xFF, 0xFF, 0xFF, 0xFE, 0x6E, 0x3E, 0xCF, 0xFF, 0xFF, 0xFF, 0xFF, 0x32, 0x00, 0xC4, 0xFF, 
0xFF, 0xFF, 0xE3, 0x00, 0x00, 0x54, 0xFF, 0xFF, 0xFF, 0xFF, 0x6D, 0x00, 0xAF, 0xFF, 0xFF, 0xFF, 
0xFF, 0x93, 0x0D, 0x03, 0x10, 0x10, 0x10, 0x10, 0x05, 0x00, 0x7B, 0xFF, 0xFF, 0xFF, 0xFF, 0xFF, 
0xEF, 0x89, 0x18, 0x00, 0x00, 0x00, 0x00, 0x00, 0x0C, 0xDE, 0xFF, 0xFF, 0xFF, 0xFF, 0xFF, 0xFF, 
0xF7, 0x94, 0x1B, 0x00, 0x00, 0x00, 0x00, 0x23, 0xCC, 0xFF, 0xFF, 0xFF, 0xFF, 0xFF, 0xFF, 0xFF, 
0xE4, 0x22, 0x00, 0x00, 0x00, 0x00, 0x06, 0x6A, 0xDF, 0xFF, 0xFF, 0xFF, 0xFF, 0xFF, 0xFF, 0xDF, 
0x09, 0x00, 0x00, 0x00, 0x00, 0x00, 0x04, 0x5D, 0xD6, 0xFF, 0xFF, 0xFF, 0xFF, 0xFF, 0x3E, 0x1B, 
0x9B, 0x9B, 0x9B, 0x9B, 0x36, 0x00, 0x04, 0x99, 0xFF, 0xFF, 0xFF, 0xFF, 0x77, 0x10, 0xFC, 0xFF, 
0xFF, 0xFF, 0x96, 0x00, 0x00, 0x3A, 0xFF, 0xFF, 0xFF, 0xFF, 0x81, 0x00, 0xC7, 0xFF, 0xFF, 0xFF, 
0xFF, 0xA7, 0x84, 0xD9, 0xFF, 0xFF, 0xFF, 0xFF, 0x4E, 0x00, 0x61, 0xFF, 0xFF, 0xFF, 0xFF, 0xFF, 
0xFF, 0xFF, 0xFF, 0xFF, 0xFF, 0xE6, 0x10, 0x00, 0x00, 0x6D, 0xFF, 0xFF, 0xFF, 0xFF, 0xFF, 0xFF, 
0xFF, 0xFF, 0xFA, 0x3C, 0x00, 0x00, 0x00, 0x00, 0x5C, 0xD9, 0xFF, 0xFF, 0xFF, 0xFF, 0xFF, 0xA8, 
0x25, 0x00, 0x00, 0x00, 0x00, 0x00, 0x00, 0x00, 0xC8, 0xFF, 0xFF, 0xFF, 0x40, 0x00, 0x00, 0x00, 
0x00, 0x00, 0x00, 0x00, 0x00, 0x00, 0xD3, 0xFF, 0xFF, 0xFF, 0xFA, 0x4C, 0x00, 0x00, 0x00, 0x00, 
0x00, 0x00, 0x00, 0x00, 0x52, 0xB9, 0xFF, 0xFF, 0xFF, 0xAA, 0x00, 0x00, 0x00, 0x00, 0x00, 0x00, 
0x00, 0x00, 0x00, 0x3F, 0xFF, 0xFF, 0xFF, 0xE1, 0x00, 0x00, 0x00, 0x00, 0x00, 0x00, 0x00, 0x00, 
0x31, 0xDC, 0xFF, 0xFF, 0xFF, 0xBD, 0x00, 0x00, 0x00, 0x00, 0x00, 0x00, 0x00, 0x00, 0x48, 0xFF, 
0xFF, 0xFF, 0xFF, 0x59, 0x00, 0x00, 0x00, 0x00, 0x00, 0x00, 0x00, 0x00, 0x3F, 0xFF, 0xFF, 0xED, 
0x72, 0x00, 0x00, 0x00, 0x00, 0x00, 0x00, 0x00, 0x00, 0x00, 0x15, 0x54, 0x34, 0x0A, 0x00, 0x00, 
0x00, 0x00, 0x00, 0x00, 0x00, 0x2C, 0x3B, 0x3B, 0x3B, 0x14, 0x00, 0x00, 0x23, 0x3B, 0x3B, 0x3B, 
0x1D, 0x00, 0x00, 0x00, 0x00, 0x94, 0xFF, 0xFF, 0xFF, 0xCD, 0x09, 0x2A, 0xF2, 0xFF, 0xFF, 0xFE, 
0x58, 0x00, 0x00, 0x00, 0x00, 0x02, 0xA9, 0xFF, 0xFF, 0xFF, 0xB6, 0xDC, 0xFF, 0xFF, 0xFF, 0x6F, 
0x00, 0x00, 0x00, 0x00, 0x00, 0x00, 0x05, 0xB4, 0xFF, 0xFF, 0xFF, 0xFF, 0xFF, 0xFF, 0x7B, 0x00, 
0x00, 0x00, 0x00, 0x00, 0x00, 0x00, 0x00, 0x08, 0xBE, 0xFF, 0xFF, 0xFF, 0xFF, 0x88, 0x00, 0x00, 
0x00, 0x00, 0x00, 0x00, 0x00, 0x00, 0x00, 0x00, 0x0C, 0x9F, 0xB0, 0xB0, 0x80, 0x00, 0x00, 0x00, 
0x00, 0x00, 0x00, 0x00, 0x00, 0x00, 0x00, 0x01, 0x1E, 0x46, 0x69, 0x5D, 0x41, 0x0A, 0x00, 0x00, 
0x00, 0x00, 0x00, 0x00, 0x00, 0x01, 0x5A, 0xE2, 0xFF, 0xFF, 0xFF, 0xFF, 0xFF, 0xF1, 0x90, 0x05, 
0x00, 0x00, 0x00, 0x00, 0x05, 0xBD, 0xFF, 0xFF, 0xFF, 0xFF, 0xFF, 0xFF, 0xFF, 0xFF, 0xFF, 0xAF, 
0x05, 0x00, 0x00, 0x00, 0x8E, 0xFF, 0xFF, 0xFF, 0xFF, 0xFF, 0xFF, 0xFF, 0xFF, 0xFF, 0xFF, 0xFF, 
0xAF, 0x05, 0x00, 0x2D, 0xFF, 0xFF, 0xFF, 0xFF, 0xFF, 0xF4, 0xC7, 0xEF, 0xFF, 0xFF, 0xFF, 0xFF, 
0xFF, 0x5F, 0x00, 0x66, 0xFF, 0xFF, 0xFF, 0xFF, 0xDA, 0x14, 0x00, 0x03, 0xB5, 0xFF, 0xFF, 0xFF, 
0xFF, 0xBF, 0x00, 0x99, 0xFF, 0xFF, 0xFF, 0xFF, 0x69, 0x00, 0x00, 0x00, 0x23, 0xFF, 0xFF, 0xFF, 
0xFF, 0xEB, 0x00, 0xA1, 0xFF, 0xFF, 0xFF, 0xFF, 0x69, 0x00, 0x00, 0x00, 0x01, 0xE9, 0xF3, 0xF3, 
0xF3, 0xEE, 0x02, 0x6C, 0xFF, 0xFF, 0xFF, 0xFF, 0xE7, 0x2A, 0x00, 0x00, 0x00, 0x00, 0x00, 0x00, 
0x00, 0x00, 0x00, 0x33, 0xFF, 0xFF, 0xFF, 0xFF, 0xFF, 0xF9, 0x8E, 0x1E, 0x00, 0x00, 0x00, 0x00, 
0x00, 0x00, 0x00, 0x00, 0x9C, 0xFF, 0xFF, 0xFF, 0xFF, 0xFF, 0xFF, 0xFC, 0xA2, 0x28, 0x00, 0x00, 
0x00, 0x00, 0x00, 0x00, 0x07, 0xC1, 0xFF, 0xFF, 0xFF, 0xFF, 0xFF, 0xFF, 0xFF, 0xFD, 0xA2, 0x0D, 
0x00, 0x00, 0x00, 0x00, 0x00, 0x03, 0x77, 0xF7, 0xFF, 0xFF, 0xFF, 0xFF, 0xFF, 0xFF, 0xFF, 0xD4, 
0x22, 0x00, 0x00, 0x00, 0x00, 0x00, 0x00, 0x21, 0x96, 0xF6, 0xFF, 0xFF, 0xFF, 0xFF, 0xFF, 0xFF, 
0xDC, 0x07, 0x00, 0x00, 0x00, 0x00, 0x00, 0x00, 0x00, 0x15, 0x88, 0xF4, 0xFF, 0xFF, 0xFF, 0xFF, 
0xFF, 0x7B, 0x00, 0x00, 0x00, 0x00, 0x00, 0x00, 0x00, 0x00, 0x00, 0x19, 0xC7, 0xFF, 0xFF, 0xFF, 
0xFF, 0xE1, 0x00, 0x84, 0x8B, 0x8B, 0x8B, 0x84, 0x00, 0x00, 0x00, 0x00, 0x14, 0xF4, 0xFF, 0xFF, 
0xFF, 0xFE, 0x0B, 0xE8, 0xFF, 0xFF, 0xFF, 0xFF, 0x0A, 0x00, 0x00, 0x00, 0x00, 0xD0, 0xFF, 0xFF, 
0xFF, 0xFF, 0x2F, 0xB9, 0xFF, 0xFF, 0xFF, 0xFF, 0x49, 0x00, 0x00, 0x00, 0x00, 0xDE, 0xFF, 0xFF, 
0xFF, 0xFF, 0x1E, 0x8B, 0xFF, 0xFF, 0xFF, 0xFF, 0xD9, 0x2E, 0x00, 0x01, 0x6C, 0xFF, 0xFF, 0xFF, 
0xFF, 0xED, 0x00, 0x33, 0xFA, 0xFF, 0xFF, 0xFF, 0xFF, 0xFE, 0xE2, 0xEE, 0xFF, 0xFF, 0xFF, 0xFF, 
0xFF, 0xB0, 0x00, 0x00, 0x77, 0xFF, 0xFF, 0xFF, 0xFF, 0xFF, 0xFF, 0xFF, 0xFF, 0xFF, 0xFF, 0xFF, 
0xF0, 0x1F, 0x00, 0x00, 0x02, 0x9C, 0xFE, 0xFF, 0xFF, 0xFF, 0xFF, 0xFF, 0xFF, 0xFF, 0xFF, 0xF0, 
0x4F, 0x00, 0x00, 0x00, 0x00, 0x00, 0x32, 0xB9, 0xF8, 0xFF, 0xFF, 0xFF, 0xFF, 0xF0, 0x98, 0x15, 
0x00, 0x00, 0x00, 0x00, 0x00, 0x00, 0x00, 0x00, 0x02, 0x21, 0x45, 0x3F, 0x18, 0x00, 0x00, 0x00, 
0x00, 0x00, 0x00, 0x00, 0x22, 0x63, 0x63, 0x63, 0x53, 0x00, 0x00, 0x17, 0x63, 0x63, 0x63, 0x5F, 
0x00, 0x00, 0x20, 0xE5, 0xFF, 0xFF, 0xFF, 0x67, 0x06, 0xC6, 0xFF, 0xFF, 0xFF, 0xA9, 0x00, 0x00, 
0x00, 0x2A, 0xEB, 0xFF, 0xFF, 0xFA, 0xC4, 0xFF, 0xFF, 0xFF, 0xB3, 0x05, 0x00, 0x00, 0x00, 0x00, 
0x32, 0xF0, 0xFF, 0xFF, 0xFF, 0xFF, 0xFF, 0xBD, 0x08, 0x00, 0x00, 0x00, 0x00, 0x00, 0x00, 0x3C, 
0xF5, 0xFF, 0xFF, 0xFF, 0xC6, 0x0B, 0x00, 0x00, 0x00, 0x00, 0x00, 0x00, 0x00, 0x00, 0x3F, 0x88, 
0x88, 0x84, 0x10, 0x00, 0x00, 0x00, 0x00, 0x00, 0x00, 0x00, 0x00, 0x00, 0x00, 0x00, 0x00, 0x00, 
0x00, 0x00, 0x00, 0x00, 0x00, 0x00, 0x00, 0x00, 0x00, 0x1F, 0x57, 0x80, 0x8D, 0x5E, 0x2A, 0x02, 
0x00, 0x00, 0x00, 0x00, 0x00, 0x0B, 0x8B, 0xFA, 0xFF, 0xFF, 0xFF, 0xFF, 0xFF, 0xEA, 0x3B, 0x00, 
0x00, 0x00, 0x00, 0xAC, 0xFF, 0xFF, 0xFF, 0xFF, 0xFF, 0xFF, 0xFF, 0xFF, 0xF7, 0x53, 0x00, 0x00, 
0x53, 0xFF, 0xFF, 0xFF, 0xFF, 0xFF, 0xFF, 0xFF, 0xFF, 0xFF, 0xFF, 0xEC, 0x02, 0x00, 0x98, 0xFF, 
0xFF, 0xFF, 0xFE, 0x6E, 0x3E, 0xCF, 0xFF, 0xFF, 0xFF, 0xFF, 0x32, 0x00, 0xC4, 0xFF, 0xFF, 0xFF, 
0xE3, 0x00, 0x00, 0x54, 0xFF, 0xFF, 0xFF, 0xFF, 0x6D, 0x00, 0xAF, 0xFF, 0xFF, 0xFF, 0xFF, 0x93, 
0x0D, 0x03, 0x10, 0x10, 0x10, 0x10, 0x05, 0x00, 0x7B, 0xFF, 0xFF, 0xFF, 0xFF, 0xFF, 0xEF, 0x89, 
0x18, 0x00, 0x00, 0x00, 0x00, 0x00, 0x0C, 0xDE, 0xFF, 0xFF, 0xFF, 0xFF, 0xFF, 0xFF, 0xF7, 0x94, 
0x1B, 0x00, 0x00, 0x00, 0x00, 0x23, 0xCC, 0xFF, 0xFF, 0xFF, 0xFF, 0xFF, 0xFF, 0xFF, 0xE4, 0x22, 
0x00, 0x00, 0x00, 0x00, 0x06, 0x6A, 0xDF, 0xFF, 0xFF, 0xFF, 0xFF, 0xFF, 0xFF, 0xDF, 0x09, 0x00, 
0x00, 0x00, 0x00, 0x00, 0x04, 0x5D, 0xD6, 0xFF, 0xFF, 0xFF, 0xFF, 0xFF, 0x3E, 0x1B, 0x9B, 0x9B, 
0x9B, 0x9B, 0x36, 0x00, 0x04, 0x99, 0xFF, 0xFF, 0xFF, 0xFF, 0x77, 0x10, 0xFC, 0xFF, 0xFF, 0xFF, 
0x96, 0x00, 0x00, 0x3A, 0xFF, 0xFF, 0xFF, 0xFF, 0x81, 0x00, 0xC7, 0xFF, 0xFF, 0xFF, 0xFF, 0xA7, 
0x84, 0xD9, 0xFF, 0xFF, 0xFF, 0xFF, 0x4E, 0x00, 0x61, 0xFF, 0xFF, 0xFF, 0xFF, 0xFF, 0xFF, 0xFF, 
0xFF, 0xFF, 0xFF, 0xE6, 0x10, 0x00, 0x00, 0x6D, 0xFF, 0xFF, 0xFF, 0xFF, 0xFF, 0xFF, 0xFF, 0xFF, 
0xFA, 0x3C, 0x00, 0x00, 0x00, 0x00, 0x5C, 0xD9, 0xFF, 0xFF, 0xFF, 0xFF, 0xFD, 0xA8, 0x25, 0x00, 
0x00, 0x00, 0x00, 0x00, 0x00, 0x00, 0x24, 0x40, 0x49, 0x28, 0x07, 0x00, 0x00, 0x00, 0x00, 0x07, 
0x1F, 0x1F, 0x1F, 0x1F, 0x1F, 0x34, 0x3E, 0x3E, 0x3E, 0x3C, 0x1F, 0x1F, 0x1F, 0x1F, 0x1F, 0x13, 
0x5F, 0xFF, 0xFF, 0xFF, 0xFF, 0xFF, 0xFF, 0xFF, 0xFF, 0xFF, 0xFF, 0xFF, 0xFF, 0xFF, 0xFF, 0xFF, 
0xBF, 0x5F, 0xFF, 0xFF, 0xFF, 0xFF, 0xFF, 0xFF, 0xFF, 0xFF, 0xFF, 0xFF, 0xFF, 0xFF, 0xFF, 0xFF, 
0xFF, 0xBF, 0x5F, 0xFF, 0xFF, 0xFF, 0xFF, 0xFF, 0xFF, 0xFF, 0xFF, 0xFF, 0xFF, 0xFF, 0xFF, 0xFF, 
0xFF, 0xFF, 0xBF, 0x5D, 0xFF, 0xFF, 0xFF, 0xFF, 0xFF, 0xFF, 0xFF, 0xFF, 0xFF, 0xFF, 0xFF, 0xFF, 
0xFF, 0xFF, 0xFF, 0xBD, 0x02, 0x0C, 0x0C, 0x0C, 0x0C, 0x0C, 0xDF, 0xFF, 0xFF, 0xFF, 0xFF, 0x23, 
0x0C, 0x0C, 0x0C, 0x0C, 0x07, 0x00, 0x00, 0x00, 0x00, 0x00, 0x00, 0xD3, 0xFF, 0xFF, 0xFF, 0xFF, 
0x17, 0x00, 0x00, 0x00, 0x00, 0x00, 0x00, 0x00, 0x00, 0x00, 0x00, 0x00, 0xD3, 0xFF, 0xFF, 0xFF, 
0xFF, 0x17, 0x00, 0x00, 0x00, 0x00, 0x00, 0x00, 0x00, 0x00, 0x00, 0x00, 0x00, 0xD3, 0xFF, 0xFF, 
0xFF, 0xFF, 0x17, 0x00, 0x00, 0x00, 0x00, 0x00, 0x00, 0x00, 0x00, 0x00, 0x00, 0x00, 0xD3, 0xFF, 
0xFF, 0xFF, 0xFF, 0x17, 0x00, 0x00, 0x00, 0x00, 0x00, 0x00, 0x00, 0x00, 0x00, 0x00, 0x00, 0xD3, 
0xFF, 0xFF, 0xFF, 0xFF, 0x17, 0x00, 0x00, 0x00, 0x00, 0x00, 0x00, 0x00, 0x00, 0x00, 0x00, 0x00, 
0xD3, 0xFF, 0xFF, 0xFF, 0xFF, 0x17, 0x00, 0x00, 0x00, 0x00, 0x00, 0x00, 0x00, 0x00, 0x00, 0x00, 
0x00, 0xD3, 0xFF, 0xFF, 0xFF, 0xFF, 0x17, 0x00, 0x00, 0x00, 0x00, 0x00, 0x00, 0x00, 0x00, 0x00, 
0x00, 0x00, 0xD3, 0xFF, 0xFF, 0xFF, 0xFF, 0x17, 0x00, 0x00, 0x00, 0x00, 0x00, 0x00, 0x00, 0x00, 
0x00, 0x00, 0x00, 0xD3, 0xFF, 0xFF, 0xFF, 0xFF, 0x17, 0x00, 0x00, 0x00, 0x00, 0x00, 0x00, 0x00, 
0x00, 0x00, 0x00, 0x00, 0xD3, 0xFF, 0xFF, 0xFF, 0xFF, 0x17, 0x00, 0x00, 0x00, 0x00, 0x00, 0x00, 
0x00, 0x00, 0x00, 0x00, 0x00, 0xD3, 0xFF, 0xFF, 0xFF, 0xFF, 0x17, 0x00, 0x00, 0x00, 0x00, 0x00, 
0x00, 0x00, 0x00, 0x00, 0x00, 0x00, 0xD3, 0xFF, 0xFF, 0xFF, 0xFF, 0x17, 0x00, 0x00, 0x00, 0x00, 
0x00, 0x00, 0x00, 0x00, 0x00, 0x00, 0x00, 0xD3, 0xFF, 0xFF, 0xFF, 0xFF, 0x17, 0x00, 0x00, 0x00, 
0x00, 0x00, 0x00, 0x00, 0x00, 0x00, 0x00, 0x00, 0xD3, 0xFF, 0xFF, 0xFF, 0xFF, 0x17, 0x00, 0x00, 
0x00, 0x00, 0x00, 0x00, 0x00, 0x00, 0x00, 0x00, 0x00, 0xD3, 0xFF, 0xFF, 0xFF, 0xFF, 0x17, 0x00, 
0x00, 0x00, 0x00, 0x00, 0x00, 0x00, 0x00, 0x00, 0x00, 0x00, 0xD3, 0xFF, 0xFF, 0xFF, 0xFF, 0x17, 
0x00, 0x00, 0x00, 0x00, 0x00, 0x00, 0x00, 0x00, 0x00, 0x00, 0x00, 0xD3, 0xFF, 0xFF, 0xFF, 0xFF, 
0x17, 0x00, 0x00, 0x00, 0x00, 0x00, 0x00, 0x00, 0x00, 0x00, 0x00, 0x00, 0xF3, 0xFF, 0xFF, 0xFF, 
0xFF, 0x14, 0x00, 0x00, 0x00, 0x00, 0x00, 0x00, 0x00, 0x00, 0x00, 0x00, 0x00, 0x61, 0xFF, 0xFF, 
0xFF, 0xB2, 0x14, 0x00, 0x00, 0x00, 0x00, 0x00, 0x00, 0x00, 0x00, 0x00, 0x00, 0x00, 0x8E, 0xFF, 
0xFF, 0xFF, 0xFF, 0xC1, 0x00, 0x00, 0x00, 0x00, 0x00, 0x00, 0x00, 0x00, 0x00, 0x00, 0x00, 0x07, 
0x42, 0xFA, 0xFF, 0xFF, 0xFC, 0x13, 0x00, 0x00, 0x00, 0x00, 0x00, 0x00, 0x00, 0x00, 0x00, 0x00, 
0x00, 0x11, 0xF3, 0xFF, 0xFF, 0xFF, 0x2D, 0x00, 0x00, 0x00, 0x00, 0x00, 0x00, 0x00, 0x00, 0x00, 
0x00, 0x00, 0xF4, 0xFF, 0xFF, 0xFF, 0xF8, 0x05, 0x00, 0x00, 0x00, 0x00, 0x00, 0x00, 0x00, 0x00, 
0x00, 0x00, 0x00, 0xF6, 0xFF, 0xFF, 0xFF, 0x74, 0x00, 0x00, 0x00, 0x00, 0x00, 0x00, 0x00, 0x00, 
0x00, 0x00, 0x00, 0x00, 0xED, 0xF6, 0xCC, 0x5D, 0x00, 0x00, 0x00, 0x00, 0x00, 0x00, 0x00, 0x00, 
0x00, 0x00, 0x00, 0x00, 0x00, 0x11, 0x00, 0x00, 0x00, 0x00, 0x00, 0x00, 0x00, 0x00, 0x00, 0x00, 
0x00, 0x5A, 0x73, 0x73, 0x73, 0x63, 0x00, 0x00, 0x00, 0x00, 0x00, 0xD3, 0xFF, 0xFF, 0xFF, 0xE7, 
0x00, 0x00, 0x00, 0x00, 0x00, 0xD3, 0xFF, 0xFF, 0xFF, 0xE7, 0x00, 0x00, 0x00, 0x00, 0x00, 0xD3, 
0xFF, 0xFF, 0xFF, 0xE7, 0x00, 0x00, 0x00, 0x35, 0x47, 0xFF, 0xFF, 0xFF, 0xFF, 0xFF, 0x47, 0x47, 
0x08, 0xCF, 0xFF, 0xFF, 0xFF, 0xFF, 0xFF, 0xFF, 0xFF, 0xFF, 0x2F, 0xCF, 0xFF, 0xFF, 0xFF, 0xFF, 
0xFF, 0xFF, 0xFF, 0xFF, 0x2F, 0xCF, 0xFF, 0xFF, 0xFF, 0xFF, 0xFF, 0xFF, 0xFF, 0xFF, 0x2F, 0x4C, 
0x63, 0xFF, 0xFF, 0xFF, 0xFF, 0xFF, 0x63, 0x63, 0x0E, 0x00, 0x00, 0xD3, 0xFF, 0xFF, 0xFF, 0xE7, 
0x00, 0x00, 0x00, 0x00, 0x00, 0xD3, 0xFF, 0xFF, 0xFF, 0xE7, 0x00, 0x00, 0x00, 0x00, 0x00, 0xD3, 
0xFF, 0xFF, 0xFF, 0xE7, 0x00, 0x00, 0x00, 0x00, 0x00, 0xD3, 0xFF, 0xFF, 0xFF, 0xE7, 0x00, 0x00, 
0x00, 0x00, 0x00, 0xD3, 0xFF, 0xFF, 0xFF, 0xE7, 0x00, 0x00, 0x00, 0x00, 0x00, 0xD3, 0xFF, 0xFF, 
0xFF, 0xE7, 0x00, 0x00, 0x00, 0x00, 0x00, 0xD3, 0xFF, 0xFF, 0xFF, 0xE7, 0x00, 0x00, 0x00, 0x00, 
0x00, 0xD3, 0xFF, 0xFF, 0xFF, 0xEC, 0x00, 0x00, 0x00, 0x00, 0x00, 0xC8, 0xFF, 0xFF, 0xFF, 0xFF, 
0x1C, 0x00, 0x00, 0x00, 0x00, 0x9B, 0xFF, 0xFF, 0xFF, 0xFF, 0xEE, 0xD6, 0x38, 0x00, 0x00, 0x6D, 
0xFF, 0xFF, 0xFF, 0xFF, 0xFF, 0xFF, 0x47, 0x00, 0x00, 0x1D, 0xE6, 0xFF, 0xFF, 0xFF, 0xFF, 0xFF, 
0x47, 0x00, 0x00, 0x00, 0x2C, 0xFF, 0xFF, 0xFF, 0xFF, 0xFF, 0x42, 0x00, 0x00, 0x00, 0x00, 0xE7, 
0xFF, 0xFF, 0xFF, 0x48, 0x00, 0x00, 0x00, 0x00, 0x15, 0xFF, 0xFF, 0xFF, 0xFF, 0xFB, 0x2A, 0x00, 
0x00, 0x00, 0x04, 0x3B, 0xC4, 0xFF, 0xFF, 0xFF, 0x7A, 0x00, 0x00, 0x00, 0x00, 0x00, 0x84, 0xFF, 
0xFF, 0xFF, 0xA4, 0x00, 0x00, 0x00, 0x00, 0x6F, 0xFB, 0xFF, 0xFF, 0xFF, 0x79, 0x00, 0x00, 0x00, 
0x00, 0x83, 0xFF, 0xFF, 0xFF, 0xE8, 0x18, 0x00, 0x00, 0x00, 0x00, 0x7A, 0xFF, 0xFE, 0xB5, 0x2D, 
0x00, 0x00, 0x00, 0x00, 0x00, 0x19, 0x25, 0x07, 0x00, 0x00, 0x00, 0x00, 0x00, 0x02, 0x39, 0x3B, 
0x3B, 0x3B, 0x04, 0x00, 0x00, 0x33, 0x3B, 0x3B, 0x3B, 0x0E, 0x00, 0x00, 0x00, 0x00, 0x07, 0xD1, 
0xFF, 0xFF, 0xFF, 0x92, 0x00, 0x60, 0xFF, 0xFF, 0xFF, 0xEE, 0x24, 0x00, 0x00, 0x00, 0x00, 0x00, 
0x16, 0xD9, 0xFF, 0xFF, 0xFF, 0x99, 0xF8, 0xFF, 0xFF, 0xF3, 0x37, 0x00, 0x00, 0x00, 0x00, 0x00, 
0x00, 0x00, 0x1D, 0xE0, 0xFF, 0xFF, 0xFF, 0xFF, 0xFF, 0xF7, 0x40, 0x00, 0x00, 0x00, 0x00, 0x00, 
0x00, 0x00, 0x00, 0x00, 0x24, 0xE7, 0xFF, 0xFF, 0xFF, 0xFA, 0x4A, 0x00, 0x00, 0x00, 0x00, 0x00, 
0x00, 0x00, 0x00, 0x00, 0x00, 0x00, 0x2C, 0xAF, 0xB0, 0xB0, 0x52, 0x00, 0x00, 0x00, 0x00, 0x00, 
0x00, 0x07, 0x1F, 0x1F, 0x1F, 0x1F, 0x1F, 0x34, 0x3E, 0x3E, 0x3E, 0x3C, 0x1F, 0x1F, 0x1F, 0x1F, 
0x1F, 0x13, 0x5F, 0xFF, 0xFF, 0xFF, 0xFF, 0xFF, 0xFF, 0xFF, 0xFF, 0xFF, 0xFF, 0xFF, 0xFF, 0xFF, 
0xFF, 0xFF, 0xBF, 0x5F, 0xFF, 0xFF, 0xFF, 0xFF, 0xFF, 0xFF, 0xFF, 0xFF, 0xFF, 0xFF, 0xFF, 0xFF, 
0xFF, 0xFF, 0xFF, 0xBF, 0x5F, 0xFF, 0xFF, 0xFF, 0xFF, 0xFF, 0xFF, 0xFF, 0xFF, 0xFF, 0xFF, 0xFF, 
0xFF, 0xFF, 0xFF, 0xFF, 0xBF, 0x5D, 0xFF, 0xFF, 0xFF, 0xFF, 0xFF, 0xFF, 0xFF, 0xFF, 0xFF, 0xFF, 
0xFF, 0xFF, 0xFF, 0xFF, 0xFF, 0xBD, 0x02, 0x0C, 0x0C, 0x0C, 0x0C, 0x0C, 0xDF, 0xFF, 0xFF, 0xFF, 
0xFF, 0x23, 0x0C, 0x0C, 0x0C, 0x0C, 0x07, 0x00, 0x00, 0x00, 0x00, 0x00, 0x00, 0xD3, 0xFF, 0xFF, 
0xFF, 0xFF, 0x17, 0x00, 0x00, 0x00, 0x00, 0x00, 0x00, 0x00, 0x00, 0x00, 0x00, 0x00, 0xD3, 0xFF, 
0xFF, 0xFF, 0xFF, 0x17, 0x00, 0x00, 0x00, 0x00, 0x00, 0x00, 0x00, 0x00, 0x00, 0x00, 0x00, 0xD3, 
0xFF, 0xFF, 0xFF, 0xFF, 0x17, 0x00, 0x00, 0x00, 0x00, 0x00, 0x00, 0x00, 0x00, 0x00, 0x00, 0x00, 
0xD3, 0xFF, 0xFF, 0xFF, 0xFF, 0x17, 0x00, 0x00, 0x00, 0x00, 0x00, 0x00, 0x00, 0x00, 0x00, 0x00, 
0x00, 0xD3, 0xFF, 0xFF, 0xFF, 0xFF, 0x17, 0x00, 0x00, 0x00, 0x00, 0x00, 0x00, 0x00, 0x00, 0x00, 
0x00, 0x00, 0xD3, 0xFF, 0xFF, 0xFF, 0xFF, 0x17, 0x00, 0x00, 0x00, 0x00, 0x00, 0x00, 0x00, 0x00, 
0x00, 0x00, 0x00, 0xD3, 0xFF, 0xFF, 0xFF, 0xFF, 0x17, 0x00, 0x00, 0x00, 0x00, 0x00, 0x00, 0x00, 
0x00, 0x00, 0x00, 0x00, 0xD3, 0xFF, 0xFF, 0xFF, 0xFF, 0x17, 0x00, 0x00, 0x00, 0x00, 0x00, 0x00, 
0x00, 0x00, 0x00, 0x00, 0x00, 0xD3, 0xFF, 0xFF, 0xFF, 0xFF, 0x17, 0x00, 0x00, 0x00, 0x00, 0x00, 
0x00, 0x00, 0x00, 0x00, 0x00, 0x00, 0xD3, 0xFF, 0xFF, 0xFF, 0xFF, 0x17, 0x00, 0x00, 0x00, 0x00, 
0x00, 0x00, 0x00, 0x00, 0x00, 0x00, 0x00, 0xD3, 0xFF, 0xFF, 0xFF, 0xFF, 0x17, 0x00, 0x00, 0x00, 
0x00, 0x00, 0x00, 0x00, 0x00, 0x00, 0x00, 0x00, 0xD3, 0xFF, 0xFF, 0xFF, 0xFF, 0x17, 0x00, 0x00, 
0x00, 0x00, 0x00, 0x00, 0x00, 0x00, 0x00, 0x00, 0x00, 0xD3, 0xFF, 0xFF, 0xFF, 0xFF, 0x17, 0x00, 
0x00, 0x00, 0x00, 0x00, 0x00, 0x00, 0x00, 0x00, 0x00, 0x00, 0xD3, 0xFF, 0xFF, 0xFF, 0xFF, 0x17, 
0x00, 0x00, 0x00, 0x00, 0x00, 0x00, 0x00, 0x00, 0x00, 0x00, 0x00, 0xD3, 0xFF, 0xFF, 0xFF, 0xFF, 
0x17, 0x00, 0x00, 0x00, 0x00, 0x00, 0x00, 0x00, 0x00, 0x00, 0x00, 0x00, 0xD3, 0xFF, 0xFF, 0xFF, 
0xFF, 0x17, 0x00, 0x00, 0x00, 0x00, 0x00, 0x00, 0x00, 0x00, 0x00, 0x00, 0x00, 0xD3, 0xFF, 0xFF, 
0xFF, 0xFF, 0x17, 0x00, 0x00, 0x00, 0x00, 0x00, 0x00, 0x00, 0x00, 0x00, 0x00, 0x00, 0xCF, 0xFF, 
0xFF, 0xFF, 0xFE, 0x14, 0x00, 0x00, 0x00, 0x00, 0x00, 0x00, 0x00, 0x00, 0x00, 0x00, 0x00, 0x00, 
0x00, 0x12, 0x6B, 0x6B, 0x6B, 0x20, 0x00, 0x00, 0x00, 0x00, 0x00, 0x00, 0x00, 0x00, 0x37, 0xFF, 
0xFF, 0xFF, 0x57, 0x00, 0x00, 0x00, 0x00, 0x00, 0x00, 0x00, 0x00, 0x49, 0xFF, 0xFF, 0xFF, 0x41, 
0x00, 0x00, 0x00, 0x00, 0x00, 0x00, 0x00, 0x00, 0x69, 0xFF, 0xFF, 0xFF, 0x10, 0x00, 0x00, 0x00, 
0x00, 0x00, 0x00, 0x00, 0x00, 0xA2, 0xFF, 0xFF, 0xDD, 0x00, 0x00, 0x00, 0x5A, 0x73, 0x73, 0x73, 
0x63, 0x12, 0xF7, 0xFF, 0xFF, 0x7F, 0x00, 0x00, 0x00, 0xD3, 0xFF, 0xFF, 0xFF, 0xE7, 0x18, 0xC3, 
0xFF, 0xE0, 0x09, 0x00, 0x00, 0x00, 0xD3, 0xFF, 0xFF, 0xFF, 0xE7, 0x00, 0x00, 0x57, 0x42, 0x00, 
0x00, 0x00, 0x00, 0xD3, 0xFF, 0xFF, 0xFF, 0xE7, 0x00, 0x00, 0x00, 0x00, 0x00, 0x00, 0x35, 0x47, 
0xFF, 0xFF, 0xFF, 0xFF, 0xFF, 0x47, 0x47, 0x08, 0x00, 0x00, 0x00, 0xCF, 0xFF, 0xFF, 0xFF, 0xFF, 
0xFF, 0xFF, 0xFF, 0xFF, 0x2F, 0x00, 0x00, 0x00, 0xCF, 0xFF, 0xFF, 0xFF, 0xFF, 0xFF, 0xFF, 0xFF, 
0xFF, 0x2F, 0x00, 0x00, 0x00, 0xCF, 0xFF, 0xFF, 0xFF, 0xFF, 0xFF, 0xFF, 0xFF, 0xFF, 0x2F, 0x00, 
0x00, 0x00, 0x4C, 0x63, 0xFF, 0xFF, 0xFF, 0xFF, 0xFF, 0x63, 0x63, 0x0E, 0x00, 0x00, 0x00, 0x00, 
0x00, 0xD3, 0xFF, 0xFF, 0xFF, 0xE7, 0x00, 0x00, 0x00, 0x00, 0x00, 0x00, 0x00, 0x00, 0xD3, 0xFF, 
0xFF, 0xFF, 0xE7, 0x00, 0x00, 0x00, 0x00, 0x00, 0x00, 0x00, 0x00, 0xD3, 0xFF, 0xFF, 0xFF, 0xE7, 
0x00, 0x00, 0x00, 0x00, 0x00, 0x00, 0x00, 0x00, 0xD3, 0xFF, 0xFF, 0xFF, 0xE7, 0x00, 0x00, 0x00, 
0x00, 0x00, 0x00, 0x00, 0x00, 0xD3, 0xFF, 0xFF, 0xFF, 0xE7, 0x00, 0x00, 0x00, 0x00, 0x00, 0x00, 
0x00, 0x00, 0xD3, 0xFF, 0xFF, 0xFF, 0xE7, 0x00, 0x00, 0x00, 0x00, 0x00, 0x00, 0x00, 0x00, 0xD3, 
0xFF, 0xFF, 0xFF, 0xE7, 0x00, 0x00, 0x00, 0x00, 0x00, 0x00, 0x00, 0x00, 0xD3, 0xFF, 0xFF, 0xFF, 
0xEC, 0x00, 0x00, 0x00, 0x00, 0x00, 0x00, 0x00, 0x00, 0xC8, 0xFF, 0xFF, 0xFF, 0xFF, 0x1C, 0x00, 
0x00, 0x00, 0x00, 0x00, 0x00, 0x00, 0x9B, 0xFF, 0xFF, 0xFF, 0xFF, 0xEE, 0xD6, 0x38, 0x00, 0x00, 
0x00, 0x00, 0x00, 0x6D, 0xFF, 0xFF, 0xFF, 0xFF, 0xFF, 0xFF, 0x47, 0x00, 0x00, 0x00, 0x00, 0x00, 
0x1D, 0xE6, 0xFF, 0xFF, 0xFF, 0xFF, 0xFF, 0x47, 0x00, 0x00, 0x00, 0x00, 0x00, 0x00, 0x2C, 0xDE, 
0xFF, 0xFF, 0xFF, 0xFF, 0x42, 0x00, 0x00, 0x00, 0x00, 0x00, 0x00, 0x00, 0x00, 0x1A, 0x49, 0x42, 
0x1C, 0x00, 0x00, 0x00, 0x00, 0x00, 0x00, 0x00, 0x00, 0x00, 0x00, 0x42, 0x82, 0x8F, 0x5B, 0x03, 
0x00, 0x00, 0x00, 0x00, 0x00, 0x00, 0x00, 0x00, 0x00, 0x02, 0x99, 0xFF, 0xFF, 0xFF, 0xFF, 0xC6, 
0x08, 0x00, 0x00, 0x00, 0x00, 0x00, 0x00, 0x00, 0x00, 0x48, 0xFF, 0xFF, 0x96, 0x87, 0xF5, 0xFF, 
0x79, 0x00, 0x00, 0x00, 0x00, 0x00, 0x00, 0x00, 0x00, 0x81, 0xFF, 0xD2, 0x00, 0x00, 0xA1, 0xFF, 
0xB2, 0x00, 0x00, 0x00, 0x00, 0x00, 0x00, 0x00, 0x00, 0x7B, 0xFF, 0xE9, 0x14, 0x0B, 0xC9, 0xFF, 
0x95, 0x00, 0x00, 0x00, 0x00, 0x00, 0x00, 0x00, 0x00, 0x26, 0xF4, 0xFF, 0xF9, 0xF5, 0xFF, 0xFB, 
0x3D, 0x00, 0x00, 0x00, 0x00, 0x00, 0x00, 0x00, 0x00, 0x00, 0x3E, 0xD2, 0xFE, 0xFD, 0xD1, 0x4B, 
0x00, 0x00, 0x00, 0x00, 0x00, 0x0C, 0x1F, 0x1F, 0x1F, 0x1F, 0x09, 0x00, 0x0C, 0x0D, 0x00, 0x00, 
0x1E, 0x1F, 0x1F, 0x1F, 0x15, 0x83, 0xFF, 0xFF, 0xFF, 0xFF, 0x6B, 0x00, 0x00, 0x00, 0x00, 0x1F, 
0xFF, 0xFF, 0xFF, 0xFF, 0xCF, 0x83, 0xFF, 0xFF, 0xFF, 0xFF, 0x6B, 0x00, 0x00, 0x00, 0x00, 0x1F, 
0xFF, 0xFF, 0xFF, 0xFF, 0xCF, 0x83, 0xFF, 0xFF, 0xFF, 0xFF, 0x6B, 0x00, 0x00, 0x00, 0x00, 0x1F, 
0xFF, 0xFF, 0xFF, 0xFF, 0xCF, 0x83, 0xFF, 0xFF, 0xFF, 0xFF, 0x6B, 0x00, 0x00, 0x00, 0x00, 0x1F, 
0xFF, 0xFF, 0xFF, 0xFF, 0xCF, 0x83, 0xFF, 0xFF, 0xFF, 0xFF, 0x6B, 0x00, 0x00, 0x00, 0x00, 0x1F, 
0xFF, 0xFF, 0xFF, 0xFF, 0xCF, 0x83, 0xFF, 0xFF, 0xFF, 0xFF, 0x6B, 0x00, 0x00, 0x00, 0x00, 0x1F, 
0xFF, 0xFF, 0xFF, 0xFF, 0xCF, 0x83, 0xFF, 0xFF, 0xFF, 0xFF, 0x6B, 0x00, 0x00, 0x00, 0x00, 0x1F, 
0xFF, 0xFF, 0xFF, 0xFF, 0xCF, 0x83, 0xFF, 0xFF, 0xFF, 0xFF, 0x6B, 0x00, 0x00, 0x00, 0x00, 0x1F, 
0xFF, 0xFF, 0xFF, 0xFF, 0xCF, 0x83, 0xFF, 0xFF, 0xFF, 0xFF, 0x6B, 0x00, 0x00, 0x00, 0x00, 0x1F, 
0xFF, 0xFF, 0xFF, 0xFF, 0xCF, 0x83, 0xFF, 0xFF, 0xFF, 0xFF, 0x6B, 0x00, 0x00, 0x00, 0x00, 0x1F, 
0xFF, 0xFF, 0xFF, 0xFF, 0xCF, 0x83, 0xFF, 0xFF, 0xFF, 0xFF, 0x6B, 0x00, 0x00, 0x00, 0x00, 0x1F, 
0xFF, 0xFF, 0xFF, 0xFF, 0xCF, 0x83, 0xFF, 0xFF, 0xFF, 0xFF, 0x6B, 0x00, 0x00, 0x00, 0x00, 0x1F, 
0xFF, 0xFF, 0xFF, 0xFF, 0xCF, 0x83, 0xFF, 0xFF, 0xFF, 0xFF, 0x6B, 0x00, 0x00, 0x00, 0x00, 0x1F, 
0xFF, 0xFF, 0xFF, 0xFF, 0xCF, 0x83, 0xFF, 0xFF, 0xFF, 0xFF, 0x6B, 0x00, 0x00, 0x00, 0x00, 0x1F, 
0xFF, 0xFF, 0xFF, 0xFF, 0xCF, 0x83, 0xFF, 0xFF, 0xFF, 0xFF, 0x6B, 0x00, 0x00, 0x00, 0x00, 0x1F, 
0xFF, 0xFF, 0xFF, 0xFF, 0xCF, 0x83, 0xFF, 0xFF, 0xFF, 0xFF, 0x70, 0x00, 0x00, 0x00, 0x00, 0x24, 
0xFF, 0xFF, 0xFF, 0xFF, 0xCF, 0x73, 0xFF, 0xFF, 0xFF, 0xFF, 0x91, 0x00, 0x00, 0x00, 0x00, 0x45, 
0xFF, 0xFF, 0xFF, 0xFF, 0xBF, 0x5A, 0xFF, 0xFF, 0xFF, 0xFF, 0xBB, 0x00, 0x00, 0x00, 0x00, 0x6F, 
0xFF, 0xFF, 0xFF, 0xFF, 0xA5, 0x2D, 0xFF, 0xFF, 0xFF, 0xFF, 0xFF, 0x6C, 0x04, 0x00, 0x33, 0xEE, 
0xFF, 0xFF, 0xFF, 0xFF, 0x77, 0x00, 0xCF, 0xFF, 0xFF, 0xFF, 0xFF, 0xFF, 0xF9, 0xF1, 0xFF, 0xFF, 
0xFF, 0xFF, 0xFF, 0xFD, 0x1B, 0x00, 0x4A, 0xFE, 0xFF, 0xFF, 0xFF, 0xFF, 0xFF, 0xFF, 0xFF, 0xFF, 
0xFF, 0xFF, 0xFF, 0x90, 0x00, 0x00, 0x00, 0x71, 0xFB, 0xFF, 0xFF, 0xFF, 0xFF, 0xFF, 0xFF, 0xFF, 
0xFF, 0xFF, 0xAE, 0x04, 0x00, 0x00, 0x00, 0x00, 0x32, 0xA2, 0xD4, 0xFC, 0xFF, 0xFF, 0xFF, 0xE3, 
0xB1, 0x59, 0x00, 0x00, 0x00, 0x00, 0x00, 0x00, 0x00, 0x00, 0x00, 0x0A, 0x38, 0x45, 0x15, 0x00, 
0x00, 0x00, 0x00, 0x00, 0x00, 0x00, 0x00, 0x00, 0x00, 0x19, 0x7A, 0xB5, 0xAE, 0x6B, 0x03, 0x00, 
0x00, 0x00, 0x00, 0x00, 0x00, 0x00, 0x21, 0xDF, 0xFF, 0xFF, 0xFF, 0xFF, 0xB6, 0x01, 0x00, 0x00, 
0x00, 0x00, 0x00, 0x00, 0x8F, 0xFF, 0xE3, 0x5A, 0x78, 0xFF, 0xFF, 0x4B, 0x00, 0x00, 0x00, 0x00, 
0x00, 0x00, 0xC2, 0xFF, 0x90, 0x00, 0x00, 0xD7, 0xFF, 0x79, 0x00, 0x00, 0x00, 0x00, 0x00, 0x00, 
0xAF, 0xFF, 0xCC, 0x20, 0x40, 0xFA, 0xFF, 0x4E, 0x00, 0x00, 0x00, 0x00, 0x00, 0x00, 0x3F, 0xFD, 
0xFF, 0xFF, 0xFF, 0xFF, 0xD5, 0x0B, 0x00, 0x00, 0x00, 0x00, 0x00, 0x00, 0x00, 0x40, 0xBE, 0xEA, 
0xD7, 0x98, 0x12, 0x00, 0x00, 0x00, 0x00, 0x00, 0x00, 0x00, 0x00, 0x00, 0x00, 0x00, 0x00, 0x00, 
0x00, 0x00, 0x00, 0x00, 0x00, 0x2B, 0x47, 0x47, 0x47, 0x45, 0x03, 0x00, 0x00, 0x17, 0x47, 0x47, 
0x47, 0x47, 0x16, 0xAB, 0xFF, 0xFF, 0xFF, 0xFF, 0x17, 0x00, 0x00, 0x63, 0xFF, 0xFF, 0xFF, 0xFF, 
0x5F, 0xAB, 0xFF, 0xFF, 0xFF, 0xFF, 0x17, 0x00, 0x00, 0x63, 0xFF, 0xFF, 0xFF, 0xFF, 0x5F, 0xAB, 
0xFF, 0xFF, 0xFF, 0xFF, 0x17, 0x00, 0x00, 0x63, 0xFF, 0xFF, 0xFF, 0xFF, 0x5F, 0xAB, 0xFF, 0xFF, 
0xFF, 0xFF, 0x17, 0x00, 0x00, 0x63, 0xFF, 0xFF, 0xFF, 0xFF, 0x5F, 0xAB, 0xFF, 0xFF, 0xFF, 0xFF, 
0x17, 0x00, 0x00, 0x63, 0xFF, 0xFF, 0xFF, 0xFF, 0x5F, 0xAB, 0xFF, 0xFF, 0xFF, 0xFF, 0x17, 0x00, 
0x00, 0x63, 0xFF, 0xFF, 0xFF, 0xFF, 0x5F, 0xAB, 0xFF, 0xFF, 0xFF, 0xFF, 0x17, 0x00, 0x00, 0x63, 
0xFF, 0xFF, 0xFF, 0xFF, 0x5F, 0xAB, 0xFF, 0xFF, 0xFF, 0xFF, 0x17, 0x00, 0x00, 0x63, 0xFF, 0xFF, 
0xFF, 0xFF, 0x5F, 0xAB, 0xFF, 0xFF, 0xFF, 0xFF, 0x17, 0x00, 0x00, 0x63, 0xFF, 0xFF, 0xFF, 0xFF, 
0x5F, 0xAB, 0xFF, 0xFF, 0xFF, 0xFF, 0x17, 0x00, 0x00, 0x63, 0xFF, 0xFF, 0xFF, 0xFF, 0x5F, 0xAB, 
0xFF, 0xFF, 0xFF, 0xFF, 0x18, 0x00, 0x00, 0x71, 0xFF, 0xFF, 0xFF, 0xFF, 0x5F, 0x9C, 0xFF, 0xFF, 
0xFF, 0xFF, 0x2C, 0x00, 0x00, 0xB1, 0xFF, 0xFF, 0xFF, 0xFF, 0x5F, 0x7D, 0xFF, 0xFF, 0xFF, 0xFF, 
0x84, 0x00, 0x1E, 0xFF, 0xFF, 0xFF, 0xFF, 0xFF, 0x5F, 0x5D, 0xFF, 0xFF, 0xFF, 0xFF, 0xFF, 0xDE, 
0xFF, 0xFF, 0xFF, 0xFF, 0xFF, 0xFF, 0x5F, 0x12, 0xF2, 0xFF, 0xFF, 0xFF, 0xFF, 0xFF, 0xFF, 0xFF, 
0xFF, 0xFF, 0xFF, 0xFF, 0x5F, 0x00, 0x82, 0xFF, 0xFF, 0xFF, 0xFF, 0xFF, 0xFF, 0xFF, 0xFF, 0xFF, 
0xFF, 0xFF, 0x5F, 0x00, 0x01, 0x7A, 0xFB, 0xFF, 0xFF, 0xFC, 0xC4, 0x45, 0xFF, 0xFF, 0xFF, 0xFF, 
0x5B, 0x00, 0x00, 0x00, 0x09, 0x35, 0x45, 0x0E, 0x00, 0x00, 0x00, 0x00, 0x00, 0x00, 0x00, 0x00, 
0x00, 0x00, 0x00, 0x00, 0x08, 0x33, 0x33, 0x33, 0x2F, 0x00, 0x26, 0x33, 0x33, 0x33, 0x13, 0x00, 
0x00, 0x00, 0x00, 0x00, 0x74, 0xFF, 0xFF, 0xFF, 0xD4, 0x24, 0xF7, 0xFF, 0xFF, 0xFE, 0x42, 0x00, 
0x00, 0x00, 0x00, 0x0A, 0xE8, 0xFF, 0xFF, 0xFE, 0x39, 0xB2, 0xFF, 0xFF, 0xFF, 0x8A, 0x00, 0x00, 
0x00, 0x00, 0x00, 0x71, 0xFF, 0xFF, 0xFF, 0x95, 0x4A, 0xFF, 0xFF, 0xFF, 0xCA, 0x05, 0x00, 0x00, 
0x00, 0x00, 0x09, 0xE7, 0xFF, 0xFF, 0xE4, 0x15, 0xDB, 0xFF, 0xFF, 0xF1, 0x22, 0x00, 0x00, 0x00, 
0x00, 0x00, 0x48, 0xE0, 0xE0, 0xE0, 0x4F, 0x4F, 0xE0, 0xE0, 0xE0, 0x58, 0x00, 0x00, 0x00, 0x0C, 
0x1F, 0x1F, 0x1F, 0x1F, 0x09, 0x00, 0x00, 0x00, 0x00, 0x00, 0x1E, 0x1F, 0x1F, 0x1F, 0x15, 0x83, 
0xFF, 0xFF, 0xFF, 0xFF, 0x6B, 0x00, 0x00, 0x00, 0x00, 0x1F, 0xFF, 0xFF, 0xFF, 0xFF, 0xCF, 0x83, 
0xFF, 0xFF, 0xFF, 0xFF, 0x6B, 0x00, 0x00, 0x00, 0x00, 0x1F, 0xFF, 0xFF, 0xFF, 0xFF, 0xCF, 0x83, 
0xFF, 0xFF, 0xFF, 0xFF, 0x6B, 0x00, 0x00, 0x00, 0x00, 0x1F, 0xFF, 0xFF, 0xFF, 0xFF, 0xCF, 0x83, 
0xFF, 0xFF, 0xFF, 0xFF, 0x6B, 0x00, 0x00, 0x00, 0x00, 0x1F, 0xFF, 0xFF, 0xFF, 0xFF, 0xCF, 0x83, 
0xFF, 0xFF, 0xFF, 0xFF, 0x6B, 0x00, 0x00, 0x00, 0x00, 0x1F, 0xFF, 0xFF, 0xFF, 0xFF, 0xCF, 0x83, 
0xFF, 0xFF, 0xFF, 0xFF, 0x6B, 0x00, 0x00, 0x00, 0x00, 0x1F, 0xFF, 0xFF, 0xFF, 0xFF, 0xCF, 0x83, 
0xFF, 0xFF, 0xFF, 0xFF, 0x6B, 0x00, 0x00, 0x00, 0x00, 0x1F, 0xFF, 0xFF, 0xFF, 0xFF, 0xCF, 0x83, 
0xFF, 0xFF, 0xFF, 0xFF, 0x6B, 0x00, 0x00, 0x00, 0x00, 0x1F, 0xFF, 0xFF, 0xFF, 0xFF, 0xCF, 0x83, 
0xFF, 0xFF, 0xFF, 0xFF, 0x6B, 0x00, 0x00, 0x00, 0x00, 0x1F, 0xFF, 0xFF, 0xFF, 0xFF, 0xCF, 0x83, 
0xFF, 0xFF, 0xFF, 0xFF, 0x6B, 0x00, 0x00, 0x00, 0x00, 0x1F, 0xFF, 0xFF, 0xFF, 0xFF, 0xCF, 0x83, 
0xFF, 0xFF, 0xFF, 0xFF, 0x6B, 0x00, 0x00, 0x00, 0x00, 0x1F, 0xFF, 0xFF, 0xFF, 0xFF, 0xCF, 0x83, 
0xFF, 0xFF, 0xFF, 0xFF, 0x6B, 0x00, 0x00, 0x00, 0x00, 0x1F, 0xFF, 0xFF, 0xFF, 0xFF, 0xCF, 0x83, 
0xFF, 0xFF, 0xFF, 0xFF, 0x6B, 0x00, 0x00, 0x00, 0x00, 0x1F, 0xFF, 0xFF, 0xFF, 0xFF, 0xCF, 0x83, 
0xFF, 0xFF, 0xFF, 0xFF, 0x6B, 0x00, 0x00, 0x00, 0x00, 0x1F, 0xFF, 0xFF, 0xFF, 0xFF, 0xCF, 0x83, 
0xFF, 0xFF, 0xFF, 0xFF, 0x6B, 0x00, 0x00, 0x00, 0x00, 0x1F, 0xFF, 0xFF, 0xFF, 0xFF, 0xCF, 0x83, 
0xFF, 0xFF, 0xFF, 0xFF, 0x70, 0x00, 0x00, 0x00, 0x00, 0x24, 0xFF, 0xFF, 0xFF, 0xFF, 0xCF, 0x73, 
0xFF, 0xFF, 0xFF, 0xFF, 0x91, 0x00, 0x00, 0x00, 0x00, 0x45, 0xFF, 0xFF, 0xFF, 0xFF, 0xBF, 0x5A, 
0xFF, 0xFF, 0xFF, 0xFF, 0xBB, 0x00, 0x00, 0x00, 0x00, 0x6F, 0xFF, 0xFF, 0xFF, 0xFF, 0xA5, 0x2D, 
0xFF, 0xFF, 0xFF, 0xFF, 0xFF, 0x6C, 0x04, 0x00, 0x33, 0xEE, 0xFF, 0xFF, 0xFF, 0xFF, 0x77, 0x00, 
0xCF, 0xFF, 0xFF, 0xFF, 0xFF, 0xFF, 0xF9, 0xF1, 0xFF, 0xFF, 0xFF, 0xFF, 0xFF, 0xFD, 0x1B, 0x00, 
0x4A, 0xFE, 0xFF, 0xFF, 0xFF, 0xFF, 0xFF, 0xFF, 0xFF, 0xFF, 0xFF, 0xFF, 0xFF, 0x90, 0x00, 0x00, 
0x00, 0x71, 0xFB, 0xFF, 0xFF, 0xFF, 0xFF, 0xFF, 0xFF, 0xFF, 0xFF, 0xFF, 0xAE, 0x04, 0x00, 0x00, 
0x00, 0x00, 0x32, 0xA2, 0xD4, 0xFC, 0xFF, 0xFF, 0xFF, 0xE3, 0xB1, 0x59, 0x00, 0x00, 0x00, 0x00, 
0x00, 0x00, 0x00, 0x00, 0x00, 0x0A, 0x38, 0x45, 0x15, 0x00, 0x00, 0x00, 0x00, 0x00, 0x00, 0x00, 
0x00, 0x00, 0x00, 0x28, 0x5B, 0x5B, 0x5B, 0x41, 0x04, 0x5A, 0x5B, 0x5B, 0x5B, 0x0F, 0x00, 0x00, 
0x00, 0x00, 0xC7, 0xFF, 0xFF, 0xFF, 0x80, 0x71, 0xFF, 0xFF, 0xFF, 0xDB, 0x0D, 0x00, 0x00, 0x00, 
0x46, 0xFF, 0xFF, 0xFF, 0xD7, 0x1F, 0xF1, 0xFF, 0xFF, 0xF9, 0x33, 0x00, 0x00, 0x00, 0x00, 0xC5, 
0xFF, 0xFF, 0xFE, 0x3D, 0xA2, 0xFF, 0xFF, 0xFF, 0x72, 0x00, 0x00, 0x00, 0x00, 0x44, 0xFF, 0xFF, 
0xFF, 0x99, 0x3B, 0xFE, 0xFF, 0xFF, 0xB6, 0x01, 0x00, 0x00, 0x00, 0x00, 0x6D, 0xB8, 0xB8, 0xB1, 
0x10, 0x74, 0xB8, 0xB8, 0xB2, 0x15, 0x00, 0x00, 0x00, 0x00, 0x00, 0x00, 0x00, 0x00, 0x00, 0x00, 
0x00, 0x00, 0x00, 0x00, 0x00, 0x00, 0x00, 0x00, 0x2B, 0x47, 0x47, 0x47, 0x45, 0x03, 0x00, 0x00, 
0x17, 0x47, 0x47, 0x47, 0x47, 0x16, 0x00, 0xAB, 0xFF, 0xFF, 0xFF, 0xFF, 0x17, 0x00, 0x00, 0x63, 
0xFF, 0xFF, 0xFF, 0xFF, 0x5F, 0x00, 0xAB, 0xFF, 0xFF, 0xFF, 0xFF, 0x17, 0x00, 0x00, 0x63, 0xFF, 
0xFF, 0xFF, 0xFF, 0x5F, 0x00, 0xAB, 0xFF, 0xFF, 0xFF, 0xFF, 0x17, 0x00, 0x00, 0x63, 0xFF, 0xFF, 
0xFF, 0xFF, 0x5F, 0x00, 0xAB, 0xFF, 0xFF, 0xFF, 0xFF, 0x17, 0x00, 0x00, 0x63, 0xFF, 0xFF, 0xFF, 
0xFF, 0x5F, 0x00, 0xAB, 0xFF, 0xFF, 0xFF, 0xFF, 0x17, 0x00, 0x00, 0x63, 0xFF, 0xFF, 0xFF, 0xFF, 
0x5F, 0x00, 0xAB, 0xFF, 0xFF, 0xFF, 0xFF, 0x17, 0x00, 0x00, 0x63, 0xFF, 0xFF, 0xFF, 0xFF, 0x5F, 
0x00, 0xAB, 0xFF, 0xFF, 0xFF, 0xFF, 0x17, 0x00, 0x00, 0x63, 0xFF, 0xFF, 0xFF, 0xFF, 0x5F, 0x00, 
0xAB, 0xFF, 0xFF, 0xFF, 0xFF, 0x17, 0x00, 0x00, 0x63, 0xFF, 0xFF, 0xFF, 0xFF, 0x5F, 0x00, 0xAB, 
0xFF, 0xFF, 0xFF, 0xFF, 0x17, 0x00, 0x00, 0x63, 0xFF, 0xFF, 0xFF, 0xFF, 0x5F, 0x00, 0xAB, 0xFF, 
0xFF, 0xFF, 0xFF, 0x17, 0x00, 0x00, 0x63, 0xFF, 0xFF, 0xFF, 0xFF, 0x5F, 0x00, 0xAB, 0xFF, 0xFF, 
0xFF, 0xFF, 0x18, 0x00, 0x00, 0x71, 0xFF, 0xFF, 0xFF, 0xFF, 0x5F, 0x00, 0x9C, 0xFF, 0xFF, 0xFF, 
0xFF, 0x2C, 0x00, 0x00, 0xB1, 0xFF, 0xFF, 0xFF, 0xFF, 0x5F, 0x00, 0x7D, 0xFF, 0xFF, 0xFF, 0xFF, 
0x84, 0x00, 0x1E, 0xFF, 0xFF, 0xFF, 0xFF, 0xFF, 0x5F, 0x00, 0x5D, 0xFF, 0xFF, 0xFF, 0xFF, 0xFF, 
0xDE, 0xFF, 0xFF, 0xFF, 0xFF, 0xFF, 0xFF, 0x5F, 0x00, 0x12, 0xF2, 0xFF, 0xFF, 0xFF, 0xFF, 0xFF, 
0xFF, 0xFF, 0xFF, 0xFF, 0xFF, 0xFF, 0x5F, 0x00, 0x00, 0x82, 0xFF, 0xFF, 0xFF, 0xFF, 0xFF, 0xFF, 
0xFF, 0xFF, 0xFF, 0xFF, 0xFF, 0x5F, 0x00, 0x00, 0x01, 0x7A, 0xFB, 0xFF, 0xFF, 0xFC, 0xC4, 0x45, 
0xFF, 0xFF, 0xFF, 0xFF, 0x5B, 0x00, 0x00, 0x00, 0x00, 0x09, 0x35, 0x45, 0x0E, 0x00, 0x00, 0x00, 
0x00, 0x00, 0x00, 0x00, 0x00, 0x00, 0x00, 0x00, 0x1A, 0x73, 0x62, 0x0D, 0x00, 0x00, 0x00, 0x00, 
0x3C, 0x81, 0x3F, 0x01, 0x00, 0x00, 0x00, 0x00, 0x00, 0x16, 0xF7, 0xFF, 0xFF, 0xD4, 0x00, 0x00, 
0x00, 0x6D, 0xFF, 0xFF, 0xFF, 0x74, 0x00, 0x00, 0x00, 0x00, 0x00, 0x61, 0xFF, 0xFF, 0xFF, 0xFF, 
0x34, 0x00, 0x00, 0xC0, 0xFF, 0xFF, 0xFF, 0xD3, 0x00, 0x00, 0x00, 0x00, 0x00, 0x28, 0xFE, 0xFF, 
0xFF, 0xED, 0x0C, 0x00, 0x00, 0x89, 0xFF, 0xFF, 0xFF, 0x99, 0x00, 0x00, 0x00, 0x00, 0x00, 0x00, 
0x55, 0xB4, 0xA4, 0x3A, 0x00, 0x00, 0x00, 0x11, 0x7D, 0xC2, 0x80, 0x14, 0x00, 0x00, 0x00, 0x18, 
0x1F, 0x1F, 0x1F, 0x1F, 0x0D, 0x00, 0x00, 0x00, 0x00, 0x00, 0x02, 0x1F, 0x1F, 0x1F, 0x1F, 0x1F, 
0x04, 0xCD, 0xFF, 0xFF, 0xFF, 0xFF, 0x9D, 0x00, 0x00, 0x00, 0x00, 0x00, 0x45, 0xFF, 0xFF, 0xFF, 
0xFF, 0xFF, 0x29, 0x68, 0xFF, 0xFF, 0xFF, 0xFF, 0xEE, 0x05, 0x00, 0x00, 0x00, 0x00, 0x9A, 0xFF, 
0xFF, 0xFF, 0xFF, 0xC4, 0x00, 0x0B, 0xF0, 0xFF, 0xFF, 0xFF, 0xFF, 0x4A, 0x00, 0x00, 0x00, 0x04, 
0xEC, 0xFF, 0xFF, 0xFF, 0xFF, 0x57, 0x00, 0x00, 0x8F, 0xFF, 0xFF, 0xFF, 0xFF, 0xA1, 0x00, 0x00, 
0x00, 0x46, 0xFF, 0xFF, 0xFF, 0xFF, 0xE6, 0x05, 0x00, 0x00, 0x25, 0xFE, 0xFF, 0xFF, 0xFF, 0xF0, 
0x07, 0x00, 0x00, 0x9C, 0xFF, 0xFF, 0xFF, 0xFF, 0x7F, 0x00, 0x00, 0x00, 0x00, 0xB7, 0xFF, 0xFF, 
0xFF, 0xFF, 0x4E, 0x00, 0x05, 0xED, 0xFF, 0xFF, 0xFF, 0xFA, 0x18, 0x00, 0x00, 0x00, 0x00, 0x4A, 
0xFF, 0xFF, 0xFF, 0xFF, 0xA5, 0x00, 0x47, 0xFF, 0xFF, 0xFF, 0xFF, 0xA6, 0x00, 0x00, 0x00, 0x00, 
0x00, 0x02, 0xDC, 0xFF, 0xFF, 0xFF, 0xF2, 0x08, 0x9D, 0xFF, 0xFF, 0xFF, 0xFF, 0x3A, 0x00, 0x00, 
0x00, 0x00, 0x00, 0x00, 0x72, 0xFF, 0xFF, 0xFF, 0xFF, 0x57, 0xEE, 0xFF, 0xFF, 0xFF, 0xCE, 0x00, 
0x00, 0x00, 0x00, 0x00, 0x00, 0x00, 0x10, 0xF5, 0xFF, 0xFF, 0xFF, 0xF2, 0xFF, 0xFF, 0xFF, 0xFF, 
0x62, 0x00, 0x00, 0x00, 0x00, 0x00, 0x00, 0x00, 0x00, 0x99, 0xFF, 0xFF, 0xFF, 0xFF, 0xFF, 0xFF, 
0xFF, 0xEC, 0x08, 0x00, 0x00, 0x00, 0x00, 0x00, 0x00, 0x00, 0x00, 0x2E, 0xFF, 0xFF, 0xFF, 0xFF, 
0xFF, 0xFF, 0xFF, 0x89, 0x00, 0x00, 0x00, 0x00, 0x00, 0x00, 0x00, 0x00, 0x00, 0x00, 0xC1, 0xFF, 
0xFF, 0xFF, 0xFF, 0xFF, 0xFD, 0x20, 0x00, 0x00, 0x00, 0x00, 0x00, 0x00, 0x00, 0x00, 0x00, 0x00, 
0x55, 0xFF, 0xFF, 0xFF, 0xFF, 0xFF, 0xB1, 0x00, 0x00, 0x00, 0x00, 0x00, 0x00, 0x00, 0x00, 0x00, 
0x00, 0x00, 0x04, 0xE8, 0xFF, 0xFF, 0xFF, 0xFF, 0x48, 0x00, 0x00, 0x00, 0x00, 0x00, 0x00, 0x00, 
0x00, 0x00, 0x00, 0x00, 0x00, 0xCF, 0xFF, 0xFF, 0xFF, 0xFF, 0x2B, 0x00, 0x00, 0x00, 0x00, 0x00, 
0x00, 0x00, 0x00, 0x00, 0x00, 0x00, 0x00, 0xCF, 0xFF, 0xFF, 0xFF, 0xFF, 0x2B, 0x00, 0x00, 0x00, 
0x00, 0x00, 0x00, 0x00, 0x00, 0x00, 0x00, 0x00, 0x00, 0xCF, 0xFF, 0xFF, 0xFF, 0xFF, 0x2B, 0x00, 
0x00, 0x00, 0x00, 0x00, 0x00, 0x00, 0x00, 0x00, 0x00, 0x00, 0x00, 0xCF, 0xFF, 0xFF, 0xFF, 0xFF, 
0x2B, 0x00, 0x00, 0x00, 0x00, 0x00, 0x00, 0x00, 0x00, 0x00, 0x00, 0x00, 0x00, 0xCF, 0xFF, 0xFF, 
0xFF, 0xFF, 0x2B, 0x00, 0x00, 0x00, 0x00, 0x00, 0x00, 0x00, 0x00, 0x00, 0x00, 0x00, 0x00, 0xCF, 
0xFF, 0xFF, 0xFF, 0xFF, 0x2B, 0x00, 0x00, 0x00, 0x00, 0x00, 0x00, 0x00, 0x00, 0x00, 0x00, 0x00, 
0x00, 0xCF, 0xFF, 0xFF, 0xFF, 0xFF, 0x2B, 0x00, 0x00, 0x00, 0x00, 0x00, 0x00, 0x00, 0x00, 0x00, 
0x00, 0x00, 0x00, 0xCB, 0xFF, 0xFF, 0xFF, 0xFF, 0x27, 0x00, 0x00, 0x00, 0x00, 0x00, 0x00, 0x00, 
0x00, 0x00, 0x00, 0x00, 0x00, 0x00, 0x00, 0x00, 0x27, 0x37, 0x37, 0x37, 0x37, 0x1B, 0x00, 0x00, 
0x00, 0x00, 0x00, 0x00, 0x00, 0x00, 0x00, 0x00, 0x24, 0xF7, 0xFF, 0xFF, 0xFF, 0xFE, 0x52, 0x00, 
0x00, 0x00, 0x00, 0x00, 0x00, 0x00, 0x00, 0x00, 0x00, 0xBD, 0xFF, 0xFF, 0xFF, 0xFF, 0x6F, 0x00, 
0x00, 0x00, 0x00, 0x00, 0x00, 0x00, 0x00, 0x00, 0x00, 0x60, 0xFF, 0xFF, 0xFF, 0xFF, 0x89, 0x00, 
0x00, 0x00, 0x00, 0x00, 0x00, 0x00, 0x00, 0x00, 0x00, 0x15, 0xED, 0xFF, 0xFF, 0xFF, 0xA3, 0x01, 
0x00, 0x00, 0x00, 0x00, 0x00, 0x00, 0x00, 0x00, 0x00, 0x00, 0x8D, 0xFC, 0xFC, 0xFC, 0xB8, 0x05, 
0x00, 0x00, 0x00, 0x00, 0x00, 0x00, 0x1D, 0x1F, 0x1F, 0x1F, 0x1F, 0x1F, 0x1F, 0x1F, 0x1F, 0x1F, 
0x1F, 0x2E, 0x3E, 0x28, 0x1A, 0x00, 0x0F, 0xFF, 0xFF, 0xFF, 0xFF, 0xFF, 0xFF, 0xFF, 0xFF, 0xFF, 
0xFF, 0xFF, 0xFF, 0xFF, 0xFF, 0xF7, 0x00, 0x0F, 0xFF, 0xFF, 0xFF, 0xFF, 0xFF, 0xFF, 0xFF, 0xFF, 
0xFF, 0xFF, 0xFF, 0xFF, 0xFF, 0xFF, 0xF7, 0x00, 0x0F, 0xFF, 0xFF, 0xFF, 0xFF, 0xFF, 0xFF, 0xFF, 
0xFF, 0xFF, 0xFF, 0xFF, 0xFF, 0xFF, 0xFF, 0xF7, 0x00, 0x0D, 0xFF, 0xFF, 0xFF, 0xFF, 0xFF, 0xFF, 
0xFF, 0xFF, 0xFF, 0xFF, 0xFF, 0xFF, 0xFF, 0xFF, 0xA3, 0x00, 0x00, 0x0A, 0x0C, 0x0C, 0x0C, 0x0C, 
0x0C, 0x0C, 0x0C, 0x32, 0xFF, 0xFF, 0xFF, 0xFF, 0xF8, 0x1C, 0x00, 0x00, 0x00, 0x00, 0x00, 0x00, 
0x00, 0x00, 0x00, 0x00, 0xB3, 0xFF, 0xFF, 0xFF, 0xFF, 0x81, 0x00, 0x00, 0x00, 0x00, 0x00, 0x00, 
0x00, 0x00, 0x00, 0x00, 0x47, 0xFF, 0xFF, 0xFF, 0xFF, 0xE5, 0x0B, 0x00, 0x00, 0x00, 0x00, 0x00, 
0x00, 0x00, 0x00, 0x00, 0x04, 0xD5, 0xFF, 0xFF, 0xFF, 0xFF, 0x5F, 0x00, 0x00, 0x00, 0x00, 0x00, 
0x00, 0x00, 0x00, 0x00, 0x00, 0x6D, 0xFF, 0xFF, 0xFF, 0xFF, 0xCC, 0x01, 0x00, 0x00, 0x00, 0x00, 
0x00, 0x00, 0x00, 0x00, 0x00, 0x12, 0xEE, 0xFF, 0xFF, 0xFF, 0xFF, 0x3D, 0x00, 0x00, 0x00, 0x00, 
0x00, 0x00, 0x00, 0x00, 0x00, 0x00, 0x94, 0xFF, 0xFF, 0xFF, 0xFF, 0xAC, 0x00, 0x00, 0x00, 0x00, 
0x00, 0x00, 0x00, 0x00, 0x00, 0x00, 0x2B, 0xFC, 0xFF, 0xFF, 0xFF, 0xF8, 0x22, 0x00, 0x00, 0x00, 
0x00, 0x00, 0x00, 0x00, 0x00, 0x00, 0x00, 0xBA, 0xFF, 0xFF, 0xFF, 0xFF, 0x8A, 0x00, 0x00, 0x00, 
0x00, 0x00, 0x00, 0x00, 0x00, 0x00, 0x00, 0x4E, 0xFF, 0xFF, 0xFF, 0xFF, 0xEA, 0x0E, 0x00, 0x00, 
0x00, 0x00, 0x00, 0x00, 0x00, 0x00, 0x00, 0x06, 0xDB, 0xFF, 0xFF, 0xFF, 0xFF, 0x68, 0x00, 0x00, 
0x00, 0x00, 0x00, 0x00, 0x00, 0x00, 0x00, 0x00, 0x74, 0xFF, 0xFF, 0xFF, 0xFF, 0xD3, 0x03, 0x00, 
0x00, 0x00, 0x00, 0x00, 0x00, 0x00, 0x00, 0x00, 0x16, 0xF1, 0xFF, 0xFF, 0xFF, 0xFF, 0x46, 0x00, 
0x00, 0x00, 0x00, 0x00, 0x00, 0x00, 0x00, 0x00, 0x00, 0x9B, 0xFF, 0xFF, 0xFF, 0xFF, 0xB5, 0x00, 
0x00, 0x00, 0x00, 0x00, 0x00, 0x00, 0x00, 0x00, 0x00, 0x31, 0xFF, 0xFF, 0xFF, 0xFF, 0xFF, 0x4F, 
0x27, 0x27, 0x27, 0x27, 0x27, 0x27, 0x27, 0x26, 0x01, 0x00, 0xC0, 0xFF, 0xFF, 0xFF, 0xFF, 0xFF, 
0xFF, 0xFF, 0xFF, 0xFF, 0xFF, 0xFF, 0xFF, 0xFF, 0xFF, 0x23, 0x00, 0xF7, 0xFF, 0xFF, 0xFF, 0xFF, 
0xFF, 0xFF, 0xFF, 0xFF, 0xFF, 0xFF, 0xFF, 0xFF, 0xFF, 0xFF, 0x23, 0x00, 0xF7, 0xFF, 0xFF, 0xFF, 
0xFF, 0xFF, 0xFF, 0xFF, 0xFF, 0xFF, 0xFF, 0xFF, 0xFF, 0xFF, 0xFF, 0x23, 0x00, 0xF3, 0xFF, 0xFF, 
0xFF, 0xFF, 0xFF, 0xFF, 0xFF, 0xFF, 0xFF, 0xFF, 0xFF, 0xFF, 0xFF, 0xFF, 0x1F, 0x00, 0x00, 0x00, 
0x00, 0x00, 0x00, 0x0F, 0x5F, 0x5F, 0x5F, 0x5F, 0x5F, 0x0E, 0x00, 0x00, 0x00, 0x00, 0x00, 0x00, 
0x99, 0xFF, 0xFF, 0xFF, 0xFF, 0xC3, 0x08, 0x00, 0x00, 0x00, 0x00, 0x00, 0x3C, 0xFE, 0xFF, 0xFF, 
0xFF, 0xD5, 0x11, 0x00, 0x00, 0x00, 0x00, 0x00, 0x06, 0xD6, 0xFF, 0xFF, 0xFF, 0xE4, 0x1D, 0x00, 
0x00, 0x00, 0x00, 0x00, 0x00, 0x80, 0xFF, 0xFF, 0xFF, 0xEF, 0x2C, 0x00, 0x00, 0x00, 0x00, 0x00, 
0x00, 0x05, 0xCB, 0xD4, 0xD4, 0xD3, 0x3E, 0x00, 0x00, 0x00, 0x00, 0x00, 0x00, 0x00, 0x00, 0x00, 
0x00, 0x00, 0x00, 0x00, 0x00, 0x00, 0x00, 0x00, 0x31, 0x47, 0x47, 0x47, 0x47, 0x47, 0x47, 0x47, 
0x51, 0x8E, 0x76, 0x47, 0x0E, 0xC3, 0xFF, 0xFF, 0xFF, 0xFF, 0xFF, 0xFF, 0xFF, 0xFF, 0xFF, 0xFF, 
0xFF, 0x43, 0xC3, 0xFF, 0xFF, 0xFF, 0xFF, 0xFF, 0xFF, 0xFF, 0xFF, 0xFF, 0xFF, 0xFF, 0x43, 0xC3, 
0xFF, 0xFF, 0xFF, 0xFF, 0xFF, 0xFF, 0xFF, 0xFF, 0xFF, 0xFF, 0xFF, 0x3E, 0x8B, 0xBB, 0xBB, 0xBB, 
0xBB, 0xBB, 0xFF, 0xFF, 0xFF, 0xFF, 0xFF, 0xC9, 0x02, 0x00, 0x00, 0x00, 0x00, 0x00, 0x1C, 0xF2, 
0xFF, 0xFF, 0xFF, 0xFB, 0x2F, 0x00, 0x00, 0x00, 0x00, 0x00, 0x00, 0xAE, 0xFF, 0xFF, 0xFF, 0xFF, 
0x8B, 0x00, 0x00, 0x00, 0x00, 0x00, 0x00, 0x4F, 0xFF, 0xFF, 0xFF, 0xFF, 0xE0, 0x0B, 0x00, 0x00, 
0x00, 0x00, 0x00, 0x0C, 0xE2, 0xFF, 0xFF, 0xFF, 0xFF, 0x4B, 0x00, 0x00, 0x00, 0x00, 0x00, 0x00, 
0x90, 0xFF, 0xFF, 0xFF, 0xFF, 0xAB, 0x00, 0x00, 0x00, 0x00, 0x00, 0x00, 0x34, 0xFC, 0xFF, 0xFF, 
0xFF, 0xF1, 0x1A, 0x00, 0x00, 0x00, 0x00, 0x00, 0x03, 0xCD, 0xFF, 0xFF, 0xFF, 0xFF, 0x6B, 0x00, 
0x00, 0x00, 0x00, 0x00, 0x00, 0x71, 0xFF, 0xFF, 0xFF, 0xFF, 0xC9, 0x02, 0x00, 0x00, 0x00, 0x00, 
0x00, 0x1E, 0xF5, 0xFF, 0xFF, 0xFF, 0xFE, 0x32, 0x03, 0x03, 0x03, 0x03, 0x03, 0x00, 0xB1, 0xFF, 
0xFF, 0xFF, 0xFF, 0xFF, 0xFF, 0xFF, 0xFF, 0xFF, 0xFF, 0xFF, 0x5B, 0xEF, 0xFF, 0xFF, 0xFF, 0xFF, 
0xFF, 0xFF, 0xFF, 0xFF, 0xFF, 0xFF, 0xFF, 0x5F, 0xEF, 0xFF, 0xFF, 0xFF, 0xFF, 0xFF, 0xFF, 0xFF, 
0xFF, 0xFF, 0xFF, 0xFF, 0x5F, 0xEB, 0xFF, 0xFF, 0xFF, 0xFF, 0xFF, 0xFF, 0xFF, 0xFF, 0xFF, 0xFF, 
0xFF, 0x5B, 0x00, 0x00, 0x00, 0x00, 0x00, 0x00, 0x00, 0x00, 0x11, 0x00, 0x00, 0x00, 0x00, 0x00, 
0x00, 0x00, 0x00, 0x00, 0x00, 0x00, 0x00, 0x00, 0x00, 0x33, 0xC6, 0xFF, 0xD9, 0x53, 0x00, 0x00, 
0x00, 0x00, 0x00, 0x00, 0x00, 0x00, 0x00, 0x00, 0x00, 0x00, 0xAE, 0xFF, 0xFF, 0xFF, 0xE0, 0x02, 
0x00, 0x00, 0x00, 0x00, 0x00, 0x00, 0x00, 0x00, 0x00, 0x00, 0x00, 0xCC, 0xFF, 0xFF, 0xFF, 0xFA, 
0x0E, 0x00, 0x00, 0x00, 0x00, 0x00, 0x00, 0x00, 0x00, 0x00, 0x00, 0x00, 0x71, 0xFF, 0xFF, 0xFF, 
0xA5, 0x00, 0x00, 0x00, 0x00, 0x00, 0x00, 0x00, 0x00, 0x00, 0x00, 0x00, 0x00, 0x00, 0x34, 0x7D, 
0x47, 0x03, 0x00, 0x00, 0x00, 0x00, 0x00, 0x00, 0x00, 0x1D, 0x1F, 0x1F, 0x1F, 0x1F, 0x1F, 0x1F, 
0x1F, 0x1F, 0x1F, 0x1F, 0x2E, 0x3E, 0x28, 0x1A, 0x00, 0x0F, 0xFF, 0xFF, 0xFF, 0xFF, 0xFF, 0xFF, 
0xFF, 0xFF, 0xFF, 0xFF, 0xFF, 0xFF, 0xFF, 0xFF, 0xF7, 0x00, 0x0F, 0xFF, 0xFF, 0xFF, 0xFF, 0xFF, 
0xFF, 0xFF, 0xFF, 0xFF, 0xFF, 0xFF, 0xFF, 0xFF, 0xFF, 0xF7, 0x00, 0x0F, 0xFF, 0xFF, 0xFF, 0xFF, 
0xFF, 0xFF, 0xFF, 0xFF, 0xFF, 0xFF, 0xFF, 0xFF, 0xFF, 0xFF, 0xF7, 0x00, 0x0D, 0xFF, 0xFF, 0xFF, 
0xFF, 0xFF, 0xFF, 0xFF, 0xFF, 0xFF, 0xFF, 0xFF, 0xFF, 0xFF, 0xFF, 0xA3, 0x00, 0x00, 0x0A, 0x0C, 
0x0C, 0x0C, 0x0C, 0x0C, 0x0C, 0x0C, 0x32, 0xFF, 0xFF, 0xFF, 0xFF, 0xF8, 0x1C, 0x00, 0x00, 0x00, 
0x00, 0x00, 0x00, 0x00, 0x00, 0x00, 0x00, 0xB3, 0xFF, 0xFF, 0xFF, 0xFF, 0x81, 0x00, 0x00, 0x00, 
0x00, 0x00, 0x00, 0x00, 0x00, 0x00, 0x00, 0x47, 0xFF, 0xFF, 0xFF, 0xFF, 0xE5, 0x0B, 0x00, 0x00, 
0x00, 0x00, 0x00, 0x00, 0x00, 0x00, 0x00, 0x04, 0xD5, 0xFF, 0xFF, 0xFF, 0xFF, 0x5F, 0x00, 0x00, 
0x00, 0x00, 0x00, 0x00, 0x00, 0x00, 0x00, 0x00, 0x6D, 0xFF, 0xFF, 0xFF, 0xFF, 0xCC, 0x01, 0x00, 
0x00, 0x00, 0x00, 0x00, 0x00, 0x00, 0x00, 0x00, 0x12, 0xEE, 0xFF, 0xFF, 0xFF, 0xFF, 0x3D, 0x00, 
0x00, 0x00, 0x00, 0x00, 0x00, 0x00, 0x00, 0x00, 0x00, 0x94, 0xFF, 0xFF, 0xFF, 0xFF, 0xAC, 0x00, 
0x00, 0x00, 0x00, 0x00, 0x00, 0x00, 0x00, 0x00, 0x00, 0x2B, 0xFC, 0xFF, 0xFF, 0xFF, 0xF8, 0x22, 
0x00, 0x00, 0x00, 0x00, 0x00, 0x00, 0x00, 0x00, 0x00, 0x00, 0xBA, 0xFF, 0xFF, 0xFF, 0xFF, 0x8A, 
0x00, 0x00, 0x00, 0x00, 0x00, 0x00, 0x00, 0x00, 0x00, 0x00, 0x4E, 0xFF, 0xFF, 0xFF, 0xFF, 0xEA, 
0x0E, 0x00, 0x00, 0x00, 0x00, 0x00, 0x00, 0x00, 0x00, 0x00, 0x06, 0xDB, 0xFF, 0xFF, 0xFF, 0xFF, 
0x68, 0x00, 0x00, 0x00, 0x00, 0x00, 0x00, 0x00, 0x00, 0x00, 0x00, 0x74, 0xFF, 0xFF, 0xFF, 0xFF, 
0xD3, 0x03, 0x00, 0x00, 0x00, 0x00, 0x00, 0x00, 0x00, 0x00, 0x00, 0x16, 0xF1, 0xFF, 0xFF, 0xFF, 
0xFF, 0x46, 0x00, 0x00, 0x00, 0x00, 0x00, 0x00, 0x00, 0x00, 0x00, 0x00, 0x9B, 0xFF, 0xFF, 0xFF, 
0xFF, 0xB5, 0x00, 0x00, 0x00, 0x00, 0x00, 0x00, 0x00, 0x00, 0x00, 0x00, 0x31, 0xFF, 0xFF, 0xFF, 
0xFF, 0xFF, 0x4F, 0x27, 0x27, 0x27, 0x27, 0x27, 0x27, 0x27, 0x26, 0x01, 0x00, 0xC0, 0xFF, 0xFF, 
0xFF, 0xFF, 0xFF, 0xFF, 0xFF, 0xFF, 0xFF, 0xFF, 0xFF, 0xFF, 0xFF, 0xFF, 0x23, 0x00, 0xF7, 0xFF, 
0xFF, 0xFF, 0xFF, 0xFF, 0xFF, 0xFF, 0xFF, 0xFF, 0xFF, 0xFF, 0xFF, 0xFF, 0xFF, 0x23, 0x00, 0xF7, 
0xFF, 0xFF, 0xFF, 0xFF, 0xFF, 0xFF, 0xFF, 0xFF, 0xFF, 0xFF, 0xFF, 0xFF, 0xFF, 0xFF, 0x23, 0x00, 
0xF3, 0xFF, 0xFF, 0xFF, 0xFF, 0xFF, 0xFF, 0xFF, 0xFF, 0xFF, 0xFF, 0xFF, 0xFF, 0xFF, 0xFF, 0x1F, 
0x00, 0x00, 0x00, 0x00, 0x00, 0x18, 0x30, 0x00, 0x00, 0x00, 0x00, 0x00, 0x00, 0x00, 0x00, 0x00, 
0x00, 0xA1, 0xFC, 0xFF, 0xD9, 0x1F, 0x00, 0x00, 0x00, 0x00, 0x00, 0x00, 0x00, 0x2D, 0xFF, 0xFF, 
0xFF, 0xFF, 0x86, 0x00, 0x00, 0x00, 0x00, 0x00, 0x00, 0x00, 0x2E, 0xFF, 0xFF, 0xFF, 0xFF, 0x96, 
0x00, 0x00, 0x00, 0x00, 0x00, 0x00, 0x00, 0x00, 0xBE, 0xFF, 0xFF, 0xF0, 0x2C, 0x00, 0x00, 0x00, 
0x00, 0x00, 0x00, 0x00, 0x00, 0x00, 0x32, 0x4D, 0x08, 0x00, 0x00, 0x00, 0x00, 0x00, 0x00, 0x00, 
0x00, 0x00, 0x00, 0x00, 0x00, 0x00, 0x00, 0x00, 0x00, 0x00, 0x00, 0x31, 0x47, 0x47, 0x47, 0x47, 
0x47, 0x47, 0x47, 0x51, 0x8E, 0x76, 0x47, 0x0E, 0xC3, 0xFF, 0xFF, 0xFF, 0xFF, 0xFF, 0xFF, 0xFF, 
0xFF, 0xFF, 0xFF, 0xFF, 0x43, 0xC3, 0xFF, 0xFF, 0xFF, 0xFF, 0xFF, 0xFF, 0xFF, 0xFF, 0xFF, 0xFF, 
0xFF, 0x43, 0xC3, 0xFF, 0xFF, 0xFF, 0xFF, 0xFF, 0xFF, 0xFF, 0xFF, 0xFF, 0xFF, 0xFF, 0x3E, 0x8B, 
0xBB, 0xBB, 0xBB, 0xBB, 0xBB, 0xFF, 0xFF, 0xFF, 0xFF, 0xFF, 0xC9, 0x02, 0x00, 0x00, 0x00, 0x00, 
0x00, 0x1C, 0xF2, 0xFF, 0xFF, 0xFF, 0xFB, 0x2F, 0x00, 0x00, 0x00, 0x00, 0x00, 0x00, 0xAE, 0xFF, 
0xFF, 0xFF, 0xFF, 0x8B, 0x00, 0x00, 0x00, 0x00, 0x00, 0x00, 0x4F, 0xFF, 0xFF, 0xFF, 0xFF, 0xE0, 
0x0B, 0x00, 0x00, 0x00, 0x00, 0x00, 0x0C, 0xE2, 0xFF, 0xFF, 0xFF, 0xFF, 0x4B, 0x00, 0x00, 0x00, 
0x00, 0x00, 0x00, 0x90, 0xFF, 0xFF, 0xFF, 0xFF, 0xAB, 0x00, 0x00, 0x00, 0x00, 0x00, 0x00, 0x34, 
0xFC, 0xFF, 0xFF, 0xFF, 0xF1, 0x1A, 0x00, 0x00, 0x00, 0x00, 0x00, 0x03, 0xCD, 0xFF, 0xFF, 0xFF, 
0xFF, 0x6B, 0x00, 0x00, 0x00, 0x00, 0x00, 0x00, 0x71, 0xFF, 0xFF, 0xFF, 0xFF, 0xC9, 0x02, 0x00, 
0x00, 0x00, 0x00, 0x00, 0x1E, 0xF5, 0xFF, 0xFF, 0xFF, 0xFE, 0x32, 0x03, 0x03, 0x03, 0x03, 0x03, 
0x00, 0xB1, 0xFF, 0xFF, 0xFF, 0xFF, 0xFF, 0xFF, 0xFF, 0xFF, 0xFF, 0xFF, 0xFF, 0x5B, 0xEF, 0xFF, 
0xFF, 0xFF, 0xFF, 0xFF, 0xFF, 0xFF, 0xFF, 0xFF, 0xFF, 0xFF, 0x5F, 0xEF, 0xFF, 0xFF, 0xFF, 0xFF, 
0xFF, 0xFF, 0xFF, 0xFF, 0xFF, 0xFF, 0xFF, 0x5F, 0xEB, 0xFF, 0xFF, 0xFF, 0xFF, 0xFF, 0xFF, 0xFF, 
0xFF, 0xFF, 0xFF, 0xFF, 0x5B, 0x00, 0x00, 0x01, 0x39, 0x3B, 0x3B, 0x3B, 0x06, 0x00, 0x00, 0x31, 
0x3B, 0x3B, 0x3B, 0x0F, 0x00, 0x00, 0x00, 0x00, 0x04, 0xCB, 0xFF, 0xFF, 0xFF, 0x9A, 0x00, 0x58, 
0xFF, 0xFF, 0xFF, 0xF1, 0x29, 0x00, 0x00, 0x00, 0x00, 0x00, 0x13, 0xD4, 0xFF, 0xFF, 0xFF, 0x9C, 
0xF6, 0xFF, 0xFF, 0xF5, 0x3D, 0x00, 0x00, 0x00, 0x00, 0x00, 0x00, 0x00, 0x19, 0xDC, 0xFF, 0xFF, 
0xFF, 0xFF, 0xFF, 0xF9, 0x46, 0x00, 0x00, 0x00, 0x00, 0x00, 0x00, 0x00, 0x00, 0x00, 0x20, 0xE3, 
0xFF, 0xFF, 0xFF, 0xFB, 0x50, 0x00, 0x00, 0x00, 0x00, 0x00, 0x00, 0x00, 0x00, 0x00, 0x00, 0x00, 
0x27, 0xAE, 0xB0, 0xB0, 0x57, 0x00, 0x00, 0x00, 0x00, 0x00, 0x00, 0x00, 0x1D, 0x1F, 0x1F, 0x1F, 
0x1F, 0x1F, 0x1F, 0x1F, 0x1F, 0x1F, 0x1F, 0x2E, 0x3E, 0x28, 0x1A, 0x00, 0x0F, 0xFF, 0xFF, 0xFF, 
0xFF, 0xFF, 0xFF, 0xFF, 0xFF, 0xFF, 0xFF, 0xFF, 0xFF, 0xFF, 0xFF, 0xF7, 0x00, 0x0F, 0xFF, 0xFF, 
0xFF, 0xFF, 0xFF, 0xFF, 0xFF, 0xFF, 0xFF, 0xFF, 0xFF, 0xFF, 0xFF, 0xFF, 0xF7, 0x00, 0x0F, 0xFF, 
0xFF, 0xFF, 0xFF, 0xFF, 0xFF, 0xFF, 0xFF, 0xFF, 0xFF, 0xFF, 0xFF, 0xFF, 0xFF, 0xF7, 0x00, 0x0D, 
0xFF, 0xFF, 0xFF, 0xFF, 0xFF, 0xFF, 0xFF, 0xFF, 0xFF, 0xFF, 0xFF, 0xFF, 0xFF, 0xFF, 0xA3, 0x00, 
0x00, 0x0A, 0x0C, 0x0C, 0x0C, 0x0C, 0x0C, 0x0C, 0x0C, 0x32, 0xFF, 0xFF, 0xFF, 0xFF, 0xF8, 0x1C, 
0x00, 0x00, 0x00, 0x00, 0x00, 0x00, 0x00, 0x00, 0x00, 0x00, 0xB3, 0xFF, 0xFF, 0xFF, 0xFF, 0x81, 
0x00, 0x00, 0x00, 0x00, 0x00, 0x00, 0x00, 0x00, 0x00, 0x00, 0x47, 0xFF, 0xFF, 0xFF, 0xFF, 0xE5, 
0x0B, 0x00, 0x00, 0x00, 0x00, 0x00, 0x00, 0x00, 0x00, 0x00, 0x04, 0xD5, 0xFF, 0xFF, 0xFF, 0xFF, 
0x5F, 0x00, 0x00, 0x00, 0x00, 0x00, 0x00, 0x00, 0x00, 0x00, 0x00, 0x6D, 0xFF, 0xFF, 0xFF, 0xFF, 
0xCC, 0x01, 0x00, 0x00, 0x00, 0x00, 0x00, 0x00, 0x00, 0x00, 0x00, 0x12, 0xEE, 0xFF, 0xFF, 0xFF, 
0xFF, 0x3D, 0x00, 0x00, 0x00, 0x00, 0x00, 0x00, 0x00, 0x00, 0x00, 0x00, 0x94, 0xFF, 0xFF, 0xFF, 
0xFF, 0xAC, 0x00, 0x00, 0x00, 0x00, 0x00, 0x00, 0x00, 0x00, 0x00, 0x00, 0x2B, 0xFC, 0xFF, 0xFF, 
0xFF, 0xF8, 0x22, 0x00, 0x00, 0x00, 0x00, 0x00, 0x00, 0x00, 0x00, 0x00, 0x00, 0xBA, 0xFF, 0xFF, 
0xFF, 0xFF, 0x8A, 0x00, 0x00, 0x00, 0x00, 0x00, 0x00, 0x00, 0x00, 0x00, 0x00, 0x4E, 0xFF, 0xFF, 
0xFF, 0xFF, 0xEA, 0x0E, 0x00, 0x00, 0x00, 0x00, 0x00, 0x00, 0x00, 0x00, 0x00, 0x06, 0xDB, 0xFF, 
0xFF, 0xFF, 0xFF, 0x68, 0x00, 0x00, 0x00, 0x00, 0x00, 0x00, 0x00, 0x00, 0x00, 0x00, 0x74, 0xFF, 
0xFF, 0xFF, 0xFF, 0xD3, 0x03, 0x00, 0x00, 0x00, 0x00, 0x00, 0x00, 0x00, 0x00, 0x00, 0x16, 0xF1, 
0xFF, 0xFF, 0xFF, 0xFF, 0x46, 0x00, 0x00, 0x00, 0x00, 0x00, 0x00, 0x00, 0x00, 0x00, 0x00, 0x9B, 
0xFF, 0xFF, 0xFF, 0xFF, 0xB5, 0x00, 0x00, 0x00, 0x00, 0x00, 0x00, 0x00, 0x00, 0x00, 0x00, 0x31, 
0xFF, 0xFF, 0xFF, 0xFF, 0xFF, 0x4F, 0x27, 0x27, 0x27, 0x27, 0x27, 0x27, 0x27, 0x26, 0x01, 0x00, 
0xC0, 0xFF, 0xFF, 0xFF, 0xFF, 0xFF, 0xFF, 0xFF, 0xFF, 0xFF, 0xFF, 0xFF, 0xFF, 0xFF, 0xFF, 0x23, 
0x00, 0xF7, 0xFF, 0xFF, 0xFF, 0xFF, 0xFF, 0xFF, 0xFF, 0xFF, 0xFF, 0xFF, 0xFF, 0xFF, 0xFF, 0xFF, 
0x23, 0x00, 0xF7, 0xFF, 0xFF, 0xFF, 0xFF, 0xFF, 0xFF, 0xFF, 0xFF, 0xFF, 0xFF, 0xFF, 0xFF, 0xFF, 
0xFF, 0x23, 0x00, 0xF3, 0xFF, 0xFF, 0xFF, 0xFF, 0xFF, 0xFF, 0xFF, 0xFF, 0xFF, 0xFF, 0xFF, 0xFF, 
0xFF, 0xFF, 0x1F, 0x2D, 0x63, 0x63, 0x63, 0x48, 0x00, 0x00, 0x22, 0x63, 0x63, 0x63, 0x55, 0x00, 
0x31, 0xF1, 0xFF, 0xFF, 0xFE, 0x4D, 0x0F, 0xD9, 0xFF, 0xFF, 0xFF, 0x8D, 0x00, 0x00, 0x3C, 0xF5, 
0xFF, 0xFF, 0xF1, 0xCD, 0xFF, 0xFF, 0xFF, 0x9B, 0x01, 0x00, 0x00, 0x00, 0x46, 0xF9, 0xFF, 0xFF, 
0xFF, 0xFF, 0xFF, 0xA7, 0x02, 0x00, 0x00, 0x00, 0x00, 0x00, 0x51, 0xFC, 0xFF, 0xFF, 0xFF, 0xB1, 
0x04, 0x00, 0x00, 0x00, 0x00, 0x00, 0x00, 0x00, 0x4E, 0x88, 0x88, 0x7E, 0x07, 0x00, 0x00, 0x00, 
0x00, 0x00, 0x00, 0x00, 0x00, 0x00, 0x00, 0x00, 0x00, 0x00, 0x00, 0x00, 0x00, 0x00, 0x31, 0x47, 
0x47, 0x47, 0x47, 0x47, 0x47, 0x47, 0x51, 0x8E, 0x76, 0x47, 0x0E, 0xC3, 0xFF, 0xFF, 0xFF, 0xFF, 
0xFF, 0xFF, 0xFF, 0xFF, 0xFF, 0xFF, 0xFF, 0x43, 0xC3, 0xFF, 0xFF, 0xFF, 0xFF, 0xFF, 0xFF, 0xFF, 
0xFF, 0xFF, 0xFF, 0xFF, 0x43, 0xC3, 0xFF, 0xFF, 0xFF, 0xFF, 0xFF, 0xFF, 0xFF, 0xFF, 0xFF, 0xFF, 
0xFF, 0x3E, 0x8B, 0xBB, 0xBB, 0xBB, 0xBB, 0xBB, 0xFF, 0xFF, 0xFF, 0xFF, 0xFF, 0xC9, 0x02, 0x00, 
0x00, 0x00, 0x00, 0x00, 0x1C, 0xF2, 0xFF, 0xFF, 0xFF, 0xFB, 0x2F, 0x00, 0x00, 0x00, 0x00, 0x00, 
0x00, 0xAE, 0xFF, 0xFF, 0xFF, 0xFF, 0x8B, 0x00, 0x00, 0x00, 0x00, 0x00, 0x00, 0x4F, 0xFF, 0xFF, 
0xFF, 0xFF, 0xE0, 0x0B, 0x00, 0x00, 0x00, 0x00, 0x00, 0x0C, 0xE2, 0xFF, 0xFF, 0xFF, 0xFF, 0x4B, 
0x00, 0x00, 0x00, 0x00, 0x00, 0x00, 0x90, 0xFF, 0xFF, 0xFF, 0xFF, 0xAB, 0x00, 0x00, 0x00, 0x00, 
0x00, 0x00, 0x34, 0xFC, 0xFF, 0xFF, 0xFF, 0xF1, 0x1A, 0x00, 0x00, 0x00, 0x00, 0x00, 0x03, 0xCD, 
0xFF, 0xFF, 0xFF, 0xFF, 0x6B, 0x00, 0x00, 0x00, 0x00, 0x00, 0x00, 0x71, 0xFF, 0xFF, 0xFF, 0xFF, 
0xC9, 0x02, 0x00, 0x00, 0x00, 0x00, 0x00, 0x1E, 0xF5, 0xFF, 0xFF, 0xFF, 0xFE, 0x32, 0x03, 0x03, 
0x03, 0x03, 0x03, 0x00, 0xB1, 0xFF, 0xFF, 0xFF, 0xFF, 0xFF, 0xFF, 0xFF, 0xFF, 0xFF, 0xFF, 0xFF, 
0x5B, 0xEF, 0xFF, 0xFF, 0xFF, 0xFF, 0xFF, 0xFF, 0xFF, 0xFF, 0xFF, 0xFF, 0xFF, 0x5F, 0xEF, 0xFF, 
0xFF, 0xFF, 0xFF, 0xFF, 0xFF, 0xFF, 0xFF, 0xFF, 0xFF, 0xFF, 0x5F, 0xEB, 0xFF, 0xFF, 0xFF, 0xFF, 
0xFF, 0xFF, 0xFF, 0xFF, 0xFF, 0xFF, 0xFF, 0x5B, 0x00, 0x00, 0x00, 0x00, 0x00, 0x00, 0x24, 0x5F, 
0x9A, 0xAD, 0x91, 0x2F, 0x00, 0x00, 0x00, 0x00, 0x00, 0x8C, 0xFF, 0xFF, 0xFF, 0xFF, 0xFF, 0x64, 
0x00, 0x00, 0x00, 0x00, 0x7E, 0xFF, 0xFF, 0xFF, 0xFF, 0xFF, 0xFF, 0x49, 0x00, 0x00, 0x00, 0x11, 
0xFF, 0xFF, 0xFF, 0xFF, 0xFF, 0xFF, 0xFF, 0x2E, 0x00, 0x00, 0x00, 0x45, 0xFF, 0xFF, 0xFF, 0xFF, 
0xE6, 0x71, 0x71, 0x0D, 0x00, 0x00, 0x00, 0x79, 0xFF, 0xFF, 0xFF, 0xFF, 0x5B, 0x00, 0x00, 0x00, 
0x00, 0x00, 0x00, 0x9E, 0xFF, 0xFF, 0xFF, 0xFF, 0x2C, 0x00, 0x00, 0x00, 0x00, 0x2A, 0x47, 0xBF, 
0xFF, 0xFF, 0xFF, 0xFF, 0x66, 0x47, 0x2B, 0x00, 0x00, 0xAA, 0xFF, 0xFF, 0xFF, 0xFF, 0xFF, 0xFF, 
0xFF, 0xFF, 0xAB, 0x00, 0x00, 0xAA, 0xFF, 0xFF, 0xFF, 0xFF, 0xFF, 0xFF, 0xFF, 0xFF, 0xAB, 0x00, 
0x00, 0xAA, 0xFF, 0xFF, 0xFF, 0xFF, 0xFF, 0xFF, 0xFF, 0xFF, 0xAB, 0x00, 0x00, 0x3E, 0x64, 0xCA, 
0xFF, 0xFF, 0xFF, 0xFF, 0x7A, 0x64, 0x3E, 0x00, 0x00, 0x00, 0x00, 0xA0, 0xFF, 0xFF, 0xFF, 0xFF, 
0x24, 0x00, 0x00, 0x00, 0x00, 0x00, 0x00, 0xA0, 0xFF, 0xFF, 0xFF, 0xFF, 0x24, 0x00, 0x00, 0x00, 
0x00, 0x00, 0x00, 0xA0, 0xFF, 0xFF, 0xFF, 0xFF, 0x24, 0x00, 0x00, 0x00, 0x00, 0x00, 0x00, 0xA0, 
0xFF, 0xFF, 0xFF, 0xFF, 0x24, 0x00, 0x00, 0x00, 0x00, 0x00, 0x00, 0xA0, 0xFF, 0xFF, 0xFF, 0xFF, 
0x23, 0x00, 0x00, 0x00, 0x00, 0x00, 0x00, 0xA0, 0xFF, 0xFF, 0xFF, 0xFF, 0x23, 0x00, 0x00, 0x00, 
0x00, 0x00, 0x00, 0xA0, 0xFF, 0xFF, 0xFF, 0xFF, 0x23, 0x00, 0x00, 0x00, 0x00, 0x00, 0x00, 0xA0, 
0xFF, 0xFF, 0xFF, 0xFF, 0x23, 0x00, 0x00, 0x00, 0x00, 0x00, 0x00, 0xA0, 0xFF, 0xFF, 0xFF, 0xFF, 
0x23, 0x00, 0x00, 0x00, 0x00, 0x00, 0x00, 0xA0, 0xFF, 0xFF, 0xFF, 0xFF, 0x23, 0x00, 0x00, 0x00, 
0x00, 0x00, 0x00, 0xA0, 0xFF, 0xFF, 0xFF, 0xFF, 0x23, 0x00, 0x00, 0x00, 0x00, 0x00, 0x00, 0xA0, 
0xFF, 0xFF, 0xFF, 0xFF, 0x23, 0x00, 0x00, 0x00, 0x00, 0x00, 0x00, 0xA0, 0xFF, 0xFF, 0xFF, 0xFF, 
0x22, 0x00, 0x00, 0x00, 0x00, 0x00, 0x00, 0xA4, 0xFF, 0xFF, 0xFF, 0xFF, 0x21, 0x00, 0x00, 0x00, 
0x00, 0x00, 0x00, 0xB9, 0xFF, 0xFF, 0xFF, 0xFA, 0x06, 0x00, 0x00, 0x00, 0x01, 0x54, 0x54, 0xF9, 
0xFF, 0xFF, 0xFF, 0xD2, 0x00, 0x00, 0x00, 0x00, 0x0C, 0xFF, 0xFF, 0xFF, 0xFF, 0xFF, 0xFF, 0xA3, 
0x00, 0x00, 0x00, 0x00, 0x1A, 0xFF, 0xFF, 0xFF, 0xFF, 0xFF, 0xF7, 0x37, 0x00, 0x00, 0x00, 0x00, 
0x29, 0xFF, 0xFF, 0xFF, 0xFF, 0xFF, 0x59, 0x00, 0x00, 0x00, 0x00, 0x00, 0x1D, 0xB5, 0xD1, 0xBB, 
0x79, 0x33, 0x00, 0x00, 0x00, 0x00, 0x00, 0x00, 0x00, 0x00, 0x00, 0x00, 0x2B, 0x62, 0x62, 0x4E, 
0x00, 0x00, 0x00, 0x00, 0x00, 0x00, 0x00, 0x2A, 0xEC, 0xFF, 0xFF, 0xFF, 0x72, 0x00, 0x00, 0x00, 
0x00, 0x00, 0x21, 0xE5, 0xFF, 0xFF, 0xFF, 0xFF, 0xFF, 0x64, 0x00, 0x00, 0x00, 0x19, 0xDD, 0xFF, 
0xFF, 0xF6, 0xDD, 0xFF, 0xFF, 0xFD, 0x57, 0x00, 0x12, 0xD4, 0xFF, 0xFF, 0xFD, 0x52, 0x16, 0xDE, 
0xFF, 0xFF, 0xFA, 0x4B, 0x28, 0x89, 0x89, 0x89, 0x58, 0x00, 0x00, 0x28, 0x89, 0x89, 0x89, 0x5F, 
0x55, 0x64, 0x64, 0x64, 0x22, 0x00, 0x00, 0x49, 0x64, 0x64, 0x64, 0x2F, 0x88, 0xFF, 0xFF, 0xFF, 
0xD8, 0x0E, 0x4D, 0xFE, 0xFF, 0xFF, 0xF4, 0x38, 0x00, 0x97, 0xFF, 0xFF, 0xFF, 0xCB, 0xF2, 0xFF, 
0xFF, 0xF8, 0x43, 0x00, 0x00, 0x02, 0xA4, 0xFF, 0xFF, 0xFF, 0xFF, 0xFF, 0xFB, 0x4D, 0x00, 0x00, 
0x00, 0x00, 0x04, 0xB0, 0xFF, 0xFF, 0xFF, 0xFD, 0x58, 0x00, 0x00, 0x00, 0x00, 0x00, 0x00, 0x07, 
0x7F, 0x89, 0x89, 0x53, 0x00, 0x00, 0x00, 0x00, 0x17, 0x3B, 0x3B, 0x3B, 0x04, 0x00, 0x00, 0x00, 
0x34, 0x3B, 0x3B, 0x1F, 0x71, 0xFF, 0xFF, 0xFF, 0x4B, 0x00, 0x00, 0x2C, 0xFF, 0xFF, 0xFF, 0x8E, 
0x41, 0xFF, 0xFF, 0xFF, 0xDC, 0x72, 0x67, 0xCE, 0xFF, 0xFF, 0xFF, 0x4A, 0x04, 0xC5, 0xFF, 0xFF, 
0xFF, 0xFF, 0xFF, 0xFF, 0xFF, 0xFF, 0xE3, 0x0A, 0x00, 0x1E, 0xCC, 0xFF, 0xFF, 0xFF, 0xFF, 0xFF, 
0xFF, 0xD0, 0x1A, 0x00, 0x00, 0x00, 0x01, 0x58, 0x94, 0xB9, 0xB9, 0x86, 0x51, 0x0C, 0x00, 0x00, 
0x00, 0x66, 0xD3, 0xED, 0x96, 0x0B, 0x1A, 0xFB, 0xFF, 0xFF, 0xFF, 0x66, 0x40, 0xFF, 0xFF, 0xFF, 
0xFF, 0xA0, 0x05, 0xE8, 0xFF, 0xFF, 0xFF, 0x45, 0x00, 0x1D, 0x77, 0x90, 0x3A, 0x00, 0x00, 0x00, 
0x00, 0x1C, 0x40, 0x1B, 0x00, 0x00, 0x00, 0x00, 0x1F, 0xD0, 0xFF, 0xFF, 0xFF, 0xAA, 0x0C, 0x00, 
0x01, 0xDC, 0xFF, 0xF5, 0xCB, 0xFE, 0xFF, 0x9A, 0x00, 0x31, 0xFF, 0xFF, 0x2B, 0x00, 0x74, 0xFF, 
0xEE, 0x00, 0x3C, 0xFF, 0xFF, 0x18, 0x00, 0x62, 0xFF, 0xF1, 0x01, 0x10, 0xF1, 0xFF, 0xD6, 0x9C, 
0xED, 0xFF, 0xAC, 0x00, 0x00, 0x4E, 0xF0, 0xFF, 0xFF, 0xFF, 0xCE, 0x16, 0x00, 0x00, 0x00, 0x16, 
0x55, 0x6A, 0x37, 0x04, 0x00, 0x00, 0x00, 0x00, 0x00, 0x32, 0x10, 0x00, 0x00, 0x00, 0x10, 0xA5, 
0xFF, 0xF5, 0x98, 0x02, 0x00, 0xB7, 0xFF, 0xFF, 0xFC, 0x6C, 0x00, 0x40, 0xFF, 0xFF, 0xFF, 0x82, 
0x00, 0x00, 0x72, 0xFF, 0xFF, 0xFF, 0x36, 0x00, 0x00, 0x7B, 0xFF, 0xFF, 0xFF, 0xD2, 0xCC, 0x00, 
0x4F, 0xFF, 0xFF, 0xFF, 0xFF, 0xFF, 0x1C, 0x02, 0xBD, 0xFF, 0xFF, 0xFF, 0xFF, 0x41, 0x00, 0x03, 
0x5D, 0x90, 0x85, 0x4B, 0x00, 0x00, 0x00, 0x00, 0x1B, 0x28, 0x01, 0x00, 0x00, 0x2F, 0x4E, 0x3C, 
0x0E, 0x00, 0x09, 0xB6, 0xFD, 0xFF, 0xCF, 0x45, 0x09, 0xD3, 0xFF, 0xFF, 0x38, 0x00, 0x95, 0xFF, 
0xFF, 0xFF, 0xFF, 0xFF, 0xFE, 0xFF, 0xFF, 0xFD, 0x0B, 0x03, 0xF7, 0xFF, 0xFF, 0xFF, 0xFF, 0xFF, 
0xFF, 0xFF, 0xFF, 0xB3, 0x00, 0x2B, 0xFF, 0xFF, 0xDF, 0x28, 0x6E, 0xEF, 0xFF, 0xFF, 0xDB, 0x16, 
0x00, 0x16, 0x60, 0x71, 0x52, 0x00, 0x00, 0x10, 0x49, 0x39, 0x01, 0x00, 0x00, 0x00, 0x00, 0x0A, 
0x5B, 0x5B, 0x5B, 0x5A, 0x04, 0x40, 0x5B, 0x5B, 0x5B, 0x2D, 0x00, 0x00, 0x72, 0xFF, 0xFF, 0xFF, 
0xD1, 0x29, 0xF8, 0xFF, 0xFF, 0xFD, 0x3F, 0x00, 0x09, 0xE7, 0xFF, 0xFF, 0xFD, 0x36, 0xB6, 0xFF, 
0xFF, 0xFF, 0x82, 0x00, 0x00, 0x6F, 0xFF, 0xFF, 0xFF, 0x91, 0x4E, 0xFF, 0xFF, 0xFF, 0xC3, 0x03, 
0x00, 0x08, 0xE6, 0xFF, 0xFF, 0xE2, 0x15, 0xDE, 0xFF, 0xFF, 0xEE, 0x1E, 0x00, 0x00, 0x30, 0xB7, 
0xB7, 0xB7, 0x47, 0x39, 0xB7, 0xB7, 0xB7, 0x4D, 0x00, 0x00, 0x00, 0x00, 0x00, 0x00, 0x00, 0x00, 
0x00, 0x12, 0x4A, 0x63, 0x30, 0x03, 0x00, 0x00, 0x00, 0x00, 0x00, 0x00, 0x00, 0x00, 0x00, 0x00, 
0x59, 0xD7, 0xFE, 0xFF, 0xFF, 0xFF, 0xF3, 0xB2, 0x19, 0x00, 0x00, 0x00, 0x00, 0x00, 0x00, 0x02, 
0x88, 0xFF, 0xFF, 0xFF, 0xFF, 0xFF, 0xFF, 0xFF, 0xFF, 0xE5, 0x37, 0x00, 0x00, 0x00, 0x00, 0x00, 
0x92, 0xFF, 0xFF, 0xFF, 0xFF, 0xFF, 0xFF, 0xFF, 0xFF, 0xFF, 0xFF, 0xF8, 0x2F, 0x00, 0x00, 0x00, 
0x22, 0xFA, 0xFF, 0xFF, 0xFF, 0xFF, 0xFE, 0xF0, 0xFF, 0xFF, 0xFF, 0xFF, 0xFF, 0xB4, 0x00, 0x00, 
0x00, 0xA2, 0xFF, 0xFF, 0xFF, 0xFF, 0xF2, 0x2C, 0x02, 0x88, 0xFF, 0xFF, 0xFF, 0xFF, 0xFF, 0x3B, 
0x00, 0x12, 0xFD, 0xFF, 0xFF, 0xFF, 0xFF, 0x7A, 0x00, 0x00, 0x03, 0xE2, 0xFF, 0xFF, 0xFF, 0xFF, 
0xA9, 0x00, 0x39, 0xFF, 0xFF, 0xFF, 0xFF, 0xFF, 0x2D, 0x00, 0x00, 0x00, 0x97, 0xFF, 0xFF, 0xFF, 
0xFF, 0xD2, 0x00, 0x5E, 0xFF, 0xFF, 0xFF, 0xFF, 0xFC, 0x01, 0x00, 0x00, 0x00, 0x66, 0xFF, 0xFF, 
0xFF, 0xFF, 0xF6, 0x01, 0x83, 0xFF, 0xFF, 0xFF, 0xFF, 0xEB, 0x00, 0x00, 0x00, 0x00, 0x53, 0xFF, 
0xFF, 0xFF, 0xFF, 0xFF, 0x1C, 0x9B, 0xFF, 0xFF, 0xFF, 0xFF, 0xDB, 0x00, 0x00, 0x00, 0x00, 0x42, 
0xFF, 0xFF, 0xFF, 0xFF, 0xFF, 0x34, 0x9B, 0xFF, 0xFF, 0xFF, 0xFF, 0xDA, 0x00, 0x00, 0x00, 0x00, 
0x45, 0xFF, 0xFF, 0xFF, 0xFF, 0xFF, 0x35, 0x83, 0xFF, 0xFF, 0xFF, 0xFF, 0xE4, 0x00, 0x00, 0x00, 
0x00, 0x4A, 0xFF, 0xFF, 0xFF, 0xFF, 0xFF, 0x1C, 0x5B, 0xFF, 0xFF, 0xFF, 0xFF, 0xEE, 0x00, 0x00, 
0x00, 0x00, 0x55, 0xFF, 0xFF, 0xFF, 0xFF, 0xF4, 0x01, 0x33, 0xFF, 0xFF, 0xFF, 0xFF, 0xF9, 0x00, 
0x00, 0x00, 0x00, 0x60, 0xFF, 0xFF, 0xFF, 0xFF, 0xCE, 0x00, 0x0D, 0xFD, 0xFF, 0xFF, 0xFF, 0xFF, 
0x18, 0x00, 0x00, 0x00, 0x7F, 0xFF, 0xFF, 0xFF, 0xFF, 0xA5, 0x00, 0x00, 0xA6, 0xFF, 0xFF, 0xFF, 
0xFF, 0x43, 0x00, 0x00, 0x00, 0xA8, 0xFF, 0xFF, 0xFF, 0xFF, 0x41, 0x00, 0x00, 0x28, 0xFD, 0xFF, 
0xFF, 0xFF, 0x7F, 0x00, 0x00, 0x02, 0xE0, 0xFF, 0xFF, 0xFF, 0xC0, 0x00, 0x00, 0x00, 0x00, 0xA4, 
0xFF, 0xFF, 0xFF, 0xE3, 0x05, 0x00, 0x48, 0xFF, 0xFF, 0xFF, 0xFF, 0x40, 0x00, 0x00, 0x0B, 0x33, 
0x49, 0xFF, 0xFF, 0xFF, 0xFF, 0xDC, 0x29, 0xFF, 0xFF, 0xFF, 0xFF, 0xB8, 0x33, 0x28, 0x00, 0x4E, 
0xFF, 0xFF, 0xFF, 0xFF, 0xFF, 0xFF, 0xFF, 0x97, 0xFF, 0xFF, 0xFF, 0xFF, 0xFF, 0xFF, 0xE0, 0x00, 
0x4E, 0xFF, 0xFF, 0xFF, 0xFF, 0xFF, 0xFF, 0xFF, 0x97, 0xFF, 0xFF, 0xFF, 0xFF, 0xFF, 0xFF, 0xE0, 
0x00, 0x4E, 0xFF, 0xFF, 0xFF, 0xFF, 0xFF, 0xFF, 0xFF, 0x60, 0xFF, 0xFF, 0xFF, 0xFF, 0xFF, 0xFF, 
0xE0, 0x00, 0x49, 0xFF, 0xFF, 0xFF, 0xFF, 0xFF, 0xFF, 0xF4, 0x47, 0xFF, 0xFF, 0xFF, 0xFF, 0xFF, 
0xFF, 0xDC, 0x00, 0x0A, 0x47, 0x47, 0x84, 0x8E, 0x8E, 0x8E, 0x7C, 0x47, 0x47, 0x6E, 0x8E, 0x8E, 
0x8E, 0x8D, 0x49, 0x47, 0x0F, 0x33, 0xFF, 0xFF, 0xFF, 0xFF, 0xFF, 0xFF, 0xFF, 0xFF, 0xFF, 0xFF, 
0xFF, 0xFF, 0xFF, 0xFF, 0xFF, 0xFF, 0x46, 0x33, 0xFF, 0xFF, 0xFF, 0xFF, 0xFF, 0xFF, 0xFF, 0xFF, 
0xFF, 0xFF, 0xFF, 0xFF, 0xFF, 0xFF, 0xFF, 0xFF, 0x46, 0x33, 0xFF, 0xFF, 0xFF, 0xFF, 0xFF, 0xFF, 
0xFF, 0xFF, 0xFF, 0xFF, 0xFF, 0xFF, 0xFF, 0xFF, 0xFF, 0xFF, 0x46, 0x17, 0x88, 0x88, 0xFF, 0xFF, 
0xFF, 0xFF, 0xFF, 0x88, 0x88, 0xFF, 0xFF, 0xFF, 0xFF, 0xFF, 0xAD, 0x88, 0x21, 0x00, 0x00, 0x00, 
0xEC, 0xFF, 0xFF, 0xFF, 0xCF, 0x00, 0x00, 0x9C, 0xFF, 0xFF, 0xFF, 0xFF, 0x25, 0x00, 0x00, 0x00, 
0x00, 0x00, 0xEC, 0xFF, 0xFF, 0xFF, 0xCF, 0x00, 0x00, 0x9C, 0xFF, 0xFF, 0xFF, 0xFF, 0x24, 0x00, 
0x00, 0x00, 0x00, 0x00, 0xEC, 0xFF, 0xFF, 0xFF, 0xCF, 0x00, 0x00, 0x9C, 0xFF, 0xFF, 0xFF, 0xFF, 
0x24, 0x00, 0x00, 0x00, 0x00, 0x00, 0xEC, 0xFF, 0xFF, 0xFF, 0xCF, 0x00, 0x00, 0x9C, 0xFF, 0xFF, 
0xFF, 0xFF, 0x24, 0x00, 0x00, 0x00, 0x00, 0x00, 0xEC, 0xFF, 0xFF, 0xFF, 0xCF, 0x00, 0x00, 0x9C, 
0xFF, 0xFF, 0xFF, 0xFF, 0x24, 0x00, 0x00, 0x00, 0x00, 0x00, 0xEC, 0xFF, 0xFF, 0xFF, 0xCF, 0x00, 
0x00, 0x9C, 0xFF, 0xFF, 0xFF, 0xFF, 0x24, 0x00, 0x00, 0x00, 0x00, 0x00, 0xEC, 0xFF, 0xFF, 0xFF, 
0xCF, 0x00, 0x00, 0x9C, 0xFF, 0xFF, 0xFF, 0xFF, 0x24, 0x00, 0x00, 0x00, 0x00, 0x00, 0xEC, 0xFF, 
0xFF, 0xFF, 0xCF, 0x00, 0x00, 0x9C, 0xFF, 0xFF, 0xFF, 0xFF, 0x2A, 0x00, 0x00, 0x00, 0x00, 0x00, 
0xEC, 0xFF, 0xFF, 0xFF, 0xCF, 0x00, 0x00, 0x8C, 0xFF, 0xFF, 0xFF, 0xFF, 0x68, 0x00, 0x00, 0x00, 
0x00, 0x00, 0xEC, 0xFF, 0xFF, 0xFF, 0xCF, 0x00, 0x00, 0x5E, 0xFF, 0xFF, 0xFF, 0xFF, 0xFF, 0xF7, 
0x74, 0x00, 0x00, 0x00, 0xEC, 0xFF, 0xFF, 0xFF, 0xCF, 0x00, 0x00, 0x2F, 0xFF, 0xFF, 0xFF, 0xFF, 
0xFF, 0xFF, 0x82, 0x00, 0x00, 0x00, 0xEC, 0xFF, 0xFF, 0xFF, 0xCF, 0x00, 0x00, 0x02, 0xAB, 0xFF, 
0xFF, 0xFF, 0xFF, 0xFF, 0x81, 0x00, 0x00, 0x00, 0xE8, 0xFF, 0xFF, 0xFF, 0xCB, 0x00, 0x00, 0x00, 
0x06, 0x9E, 0xEA, 0xFF, 0xFF, 0xFB, 0x6A, 0x00, 0x00, 0x00, 0x00, 0x00, 0x00, 0x00, 0x00, 0x00, 
0x00, 0x00, 0x00, 0x00, 0x00, 0x21, 0x24, 0x0A, 0x00, 0x4C, 0x60, 0x60, 0x60, 0x60, 0x60, 0x60, 
0x60, 0x60, 0x60, 0x60, 0x60, 0x60, 0x60, 0x10, 0xD6, 0xFF, 0xFF, 0xFF, 0xFF, 0xFF, 0xFF, 0xFF, 
0xFF, 0xFF, 0xFF, 0xFF, 0xFF, 0xFF, 0x37, 0xD6, 0xFF, 0xFF, 0xFF, 0xFF, 0xFF, 0xFF, 0xFF, 0xFF, 
0xFF, 0xFF, 0xFF, 0xFF, 0xFF, 0x37, 0xD6, 0xFF, 0xFF, 0xFF, 0xFF, 0xFF, 0xFF, 0xFF, 0xFF, 0xFF, 
0xFF, 0xFF, 0xFF, 0xFF, 0x37, 0x8D, 0xAD, 0xAD, 0xAD, 0xAD, 0xAD, 0xAD, 0xAD, 0xAD, 0xAD, 0xAD, 
0xAD, 0xAD, 0xAD, 0x21, 0x17, 0x60, 0x60, 0x60, 0x60, 0x60, 0x60, 0x60, 0x60, 0x60, 0x60, 0x60, 
0x60, 0x60, 0x60, 0x60, 0x60, 0x60, 0x60, 0x1E, 0x49, 0xFF, 0xFF, 0xFF, 0xFF, 0xFF, 0xFF, 0xFF, 
0xFF, 0xFF, 0xFF, 0xFF, 0xFF, 0xFF, 0xFF, 0xFF, 0xFF, 0xFF, 0xFF, 0x5B, 0x49, 0xFF, 0xFF, 0xFF, 
0xFF, 0xFF, 0xFF, 0xFF, 0xFF, 0xFF, 0xFF, 0xFF, 0xFF, 0xFF, 0xFF, 0xFF, 0xFF, 0xFF, 0xFF, 0x5B, 
0x49, 0xFF, 0xFF, 0xFF, 0xFF, 0xFF, 0xFF, 0xFF, 0xFF, 0xFF, 0xFF, 0xFF, 0xFF, 0xFF, 0xFF, 0xFF, 
0xFF, 0xFF, 0xFF, 0x5B, 0x2D, 0xAD, 0xAD, 0xAD, 0xAD, 0xAD, 0xAD, 0xAD, 0xAD, 0xAD, 0xAD, 0xAD, 
0xAD, 0xAD, 0xAD, 0xAD, 0xAD, 0xAD, 0xAD, 0x39, 0x00, 0x00, 0x41, 0xD0, 0x46, 0x00, 0x00, 0x19, 
0xE9, 0xFF, 0xFF, 0x5F, 0x00, 0x8E, 0xFF, 0xFF, 0xFF, 0x27, 0x0F, 0xF3, 0xFF, 0xFF, 0xC3, 0x00, 
0x45, 0xFF, 0xFF, 0xFF, 0x90, 0x00, 0x70, 0xFF, 0xFF, 0xFF, 0x6C, 0x00, 0x81, 0xFF, 0xFF, 0xFF, 
0x53, 0x00, 0x81, 0xFF, 0xFF, 0xFF, 0x52, 0x00, 0x4A, 0x9B, 0x9B, 0x9B, 0x2D, 0x00, 0x00, 0x00, 
0x59, 0x5F, 0x5F, 0x4B, 0x00, 0x00, 0xFC, 0xFF, 0xFF, 0xD6, 0x00, 0x00, 0xFC, 0xFF, 0xFF, 0xD6, 
0x00, 0x0C, 0xFF, 0xFF, 0xFF, 0xCE, 0x00, 0x2F, 0xFF, 0xFF, 0xFF, 0xA7, 0x00, 0x57, 0xFF, 0xFF, 
0xFF, 0x73, 0x00, 0xB1, 0xFF, 0xFF, 0xF4, 0x12, 0x13, 0xFC, 0xFF, 0xFF, 0x8A, 0x00, 0x01, 0x61, 
0xEB, 0xC8, 0x06, 0x00, 0x00, 0x00, 0x11, 0x12, 0x00, 0x00, 0x00, 0xDD, 0xF8, 0xF8, 0xF4, 0x08, 
0x00, 0xE8, 0xFF, 0xFF, 0xFF, 0x0B, 0x00, 0xEB, 0xFF, 0xFF, 0xFF, 0x09, 0x05, 0xFD, 0xFF, 0xFF, 
0xF1, 0x00, 0x20, 0xFF, 0xFF, 0xFF, 0xC6, 0x00, 0x55, 0xFF, 0xFF, 0xFF, 0x7A, 0x00, 0xB3, 0xFF, 
0xFF, 0xF3, 0x11, 0x00, 0xC6, 0xFF, 0xFF, 0x6E, 0x00, 0x00, 0x03, 0x6C, 0x91, 0x00, 0x00, 0x00, 
0x00, 0x00, 0x28, 0xD6, 0x5D, 0x00, 0x00, 0x39, 0xD4, 0x4F, 0x00, 0x00, 0x09, 0xD6, 0xFF, 0xFF, 
0x85, 0x13, 0xE4, 0xFF, 0xFF, 0x6D, 0x00, 0x6B, 0xFF, 0xFF, 0xFF, 0x4C, 0x83, 0xFF, 0xFF, 0xFF, 
0x34, 0x01, 0xDE, 0xFF, 0xFF, 0xE5, 0x0C, 0xED, 0xFF, 0xFF, 0xD0, 0x00, 0x22, 0xFF, 0xFF, 0xFF, 
0xB5, 0x3A, 0xFF, 0xFF, 0xFF, 0x9D, 0x00, 0x4E, 0xFF, 0xFF, 0xFF, 0x91, 0x66, 0xFF, 0xFF, 0xFF, 
0x79, 0x00, 0x5F, 0xFF, 0xFF, 0xFF, 0x78, 0x77, 0xFF, 0xFF, 0xFF, 0x60, 0x00, 0x5F, 0xFF, 0xFF, 
0xFF, 0x77, 0x77, 0xFF, 0xFF, 0xFF, 0x5F, 0x00, 0x35, 0x9B, 0x9B, 0x9B, 0x44, 0x44, 0x9B, 0x9B, 
0x9B, 0x35, 0x00, 0x00, 0x44, 0x5F, 0x5F, 0x5D, 0x03, 0x47, 0x5F, 0x5F, 0x5B, 0x01, 0x00, 0xC3, 
0xFF, 0xFF, 0xFF, 0x0F, 0xCB, 0xFF, 0xFF, 0xFF, 0x07, 0x00, 0xC3, 0xFF, 0xFF, 0xFF, 0x0F, 0xCB, 
0xFF, 0xFF, 0xFF, 0x07, 0x00, 0xD3, 0xFF, 0xFF, 0xFE, 0x09, 0xDB, 0xFF, 0xFF, 0xFC, 0x03, 0x01, 
0xF5, 0xFF, 0xFF, 0xE0, 0x03, 0xFB, 0xFF, 0xFF, 0xD8, 0x00, 0x1F, 0xFF, 0xFF, 0xFF, 0xAC, 0x28, 
0xFF, 0xFF, 0xFF, 0xA4, 0x00, 0x7A, 0xFF, 0xFF, 0xFF, 0x40, 0x82, 0xFF, 0xFF, 0xFF, 0x38, 0x00, 
0xD8, 0xFF, 0xFF, 0xC2, 0x00, 0xE0, 0xFF, 0xFF, 0xBB, 0x00, 0x00, 0x3E, 0xD5, 0xEA, 0x1C, 0x00, 
0x43, 0xD8, 0xE6, 0x18, 0x00, 0x00, 0x00, 0x05, 0x1E, 0x00, 0x00, 0x00, 0x06, 0x1C, 0x00, 0x00, 
0x00, 0x00, 0x6D, 0x7D, 0x7D, 0x78, 0x02, 0x76, 0x7D, 0x7D, 0x73, 0x00, 0xE8, 0xFF, 0xFF, 0xFF, 
0x0D, 0xFA, 0xFF, 0xFF, 0xFC, 0x00, 0xE8, 0xFF, 0xFF, 0xFF, 0x0B, 0xFA, 0xFF, 0xFF, 0xFA, 0x00, 
0xEB, 0xFF, 0xFF, 0xFF, 0x0A, 0xFC, 0xFF, 0xFF, 0xF8, 0x04, 0xFD, 0xFF, 0xFF, 0xF4, 0x18, 0xFF, 
0xFF, 0xFF, 0xE2, 0x1C, 0xFF, 0xFF, 0xFF, 0xD0, 0x37, 0xFF, 0xFF, 0xFF, 0xBA, 0x46, 0xFF, 0xFF, 
0xFF, 0x94, 0x66, 0xFF, 0xFF, 0xFF, 0x7A, 0x9D, 0xFF, 0xFF, 0xFF, 0x2D, 0xC4, 0xFF, 0xFF, 0xF7, 
0x15, 0xE4, 0xFF, 0xFF, 0xB3, 0x14, 0xFE, 0xFF, 0xFF, 0x8C, 0x00, 0x23, 0xB0, 0xE8, 0x16, 0x00, 
0x38, 0xCA, 0xCA, 0x06, 0x00, 0x00, 0x00, 0x0B, 0x00, 0x00, 0x00, 0x01, 0x09, 0x00, 0x00, 0x00, 
0x00, 0x00, 0x00, 0x00, 0x18, 0x1F, 0x1F, 0x1F, 0x16, 0x00, 0x00, 0x00, 0x00, 0x00, 0x00, 0x00, 
0x00, 0x00, 0x00, 0xE5, 0xFF, 0xFF, 0xFF, 0xDB, 0x00, 0x00, 0x00, 0x00, 0x00, 0x00, 0x00, 0x00, 
0x00, 0x00, 0xE6, 0xFF, 0xFF, 0xFF, 0xDC, 0x00, 0x00, 0x00, 0x00, 0x00, 0x00, 0x00, 0x00, 0x00, 
0x00, 0xE6, 0xFF, 0xFF, 0xFF, 0xDC, 0x00, 0x00, 0x00, 0x00, 0x00, 0x00, 0x00, 0x00, 0x00, 0x00, 
0xE6, 0xFF, 0xFF, 0xFF, 0xDC, 0x00, 0x00, 0x00, 0x00, 0x00, 0x00, 0x00, 0x00, 0x00, 0x00, 0xE6, 
0xFF, 0xFF, 0xFF, 0xDC, 0x00, 0x00, 0x00, 0x00, 0x00, 0x05, 0x46, 0x47, 0x47, 0x47, 0xFF, 0xFF, 
0xFF, 0xFF, 0xFF, 0x47, 0x47, 0x47, 0x47, 0x0B, 0x23, 0xFF, 0xFF, 0xFF, 0xFF, 0xFF, 0xFF, 0xFF, 
0xFF, 0xFF, 0xFF, 0xFF, 0xFF, 0xFF, 0x39, 0x23, 0xFF, 0xFF, 0xFF, 0xFF, 0xFF, 0xFF, 0xFF, 0xFF, 
0xFF, 0xFF, 0xFF, 0xFF, 0xFF, 0x39, 0x23, 0xFF, 0xFF, 0xFF, 0xFF, 0xFF, 0xFF, 0xFF, 0xFF, 0xFF, 
0xFF, 0xFF, 0xFF, 0xFF, 0x39, 0x1A, 0xDB, 0xDC, 0xDC, 0xDC, 0xFF, 0xFF, 0xFF, 0xFF, 0xFF, 0xDC, 
0xDC, 0xDC, 0xDC, 0x2C, 0x00, 0x00, 0x00, 0x00, 0x00, 0xE6, 0xFF, 0xFF, 0xFF, 0xDC, 0x00, 0x00, 
0x00, 0x00, 0x00, 0x00, 0x00, 0x00, 0x00, 0x00, 0xE6, 0xFF, 0xFF, 0xFF, 0xDC, 0x00, 0x00, 0x00, 
0x00, 0x00, 0x00, 0x00, 0x00, 0x00, 0x00, 0xE6, 0xFF, 0xFF, 0xFF, 0xDC, 0x00, 0x00, 0x00, 0x00, 
0x00, 0x00, 0x00, 0x00, 0x00, 0x00, 0xE6, 0xFF, 0xFF, 0xFF, 0xDC, 0x00, 0x00, 0x00, 0x00, 0x00, 
0x00, 0x00, 0x00, 0x00, 0x00, 0xE6, 0xFF, 0xFF, 0xFF, 0xDC, 0x00, 0x00, 0x00, 0x00, 0x00, 0x00, 
0x00, 0x00, 0x00, 0x00, 0xE6, 0xFF, 0xFF, 0xFF, 0xDC, 0x00, 0x00, 0x00, 0x00, 0x00, 0x00, 0x00, 
0x00, 0x00, 0x00, 0xE6, 0xFF, 0xFF, 0xFF, 0xDC, 0x00, 0x00, 0x00, 0x00, 0x00, 0x00, 0x00, 0x00, 
0x00, 0x00, 0xE6, 0xFF, 0xFF, 0xFF, 0xDC, 0x00, 0x00, 0x00, 0x00, 0x00, 0x00, 0x00, 0x00, 0x00, 
0x00, 0xE6, 0xFF, 0xFF, 0xFF, 0xDC, 0x00, 0x00, 0x00, 0x00, 0x00, 0x00, 0x00, 0x00, 0x00, 0x00, 
0xE6, 0xFF, 0xFF, 0xFF, 0xDC, 0x00, 0x00, 0x00, 0x00, 0x00, 0x00, 0x00, 0x00, 0x00, 0x00, 0xE6, 
0xFF, 0xFF, 0xFF, 0xDC, 0x00, 0x00, 0x00, 0x00, 0x00, 0x00, 0x00, 0x00, 0x00, 0x00, 0xE6, 0xFF, 
0xFF, 0xFF, 0xDC, 0x00, 0x00, 0x00, 0x00, 0x00, 0x00, 0x00, 0x00, 0x00, 0x00, 0xE2, 0xFF, 0xFF, 
0xFF, 0xD8, 0x00, 0x00, 0x00, 0x00, 0x00, 0x00, 0x00, 0x00, 0x00, 0x04, 0x1F, 0x1F, 0x1F, 0x1F, 
0x0B, 0x00, 0x00, 0x00, 0x00, 0x00, 0x00, 0x00, 0x00, 0x42, 0xFF, 0xFF, 0xFF, 0xFF, 0x80, 0x00, 
0x00, 0x00, 0x00, 0x00, 0x00, 0x00, 0x00, 0x43, 0xFF, 0xFF, 0xFF, 0xFF, 0x81, 0x00, 0x00, 0x00, 
0x00, 0x00, 0x00, 0x00, 0x00, 0x43, 0xFF, 0xFF, 0xFF, 0xFF, 0x81, 0x00, 0x00, 0x00, 0x00, 0x00, 
0x00, 0x00, 0x00, 0x43, 0xFF, 0xFF, 0xFF, 0xFF, 0x81, 0x00, 0x00, 0x00, 0x00, 0x00, 0x00, 0x00, 
0x00, 0x43, 0xFF, 0xFF, 0xFF, 0xFF, 0x81, 0x00, 0x00, 0x00, 0x00, 0x22, 0x47, 0x47, 0x47, 0x8A, 
0xFF, 0xFF, 0xFF, 0xFF, 0xC8, 0x47, 0x47, 0x47, 0x34, 0x8D, 0xFF, 0xFF, 0xFF, 0xFF, 0xFF, 0xFF, 
0xFF, 0xFF, 0xFF, 0xFF, 0xFF, 0xFF, 0xCD, 0x8D, 0xFF, 0xFF, 0xFF, 0xFF, 0xFF, 0xFF, 0xFF, 0xFF, 
0xFF, 0xFF, 0xFF, 0xFF, 0xCD, 0x8D, 0xFF, 0xFF, 0xFF, 0xFF, 0xFF, 0xFF, 0xFF, 0xFF, 0xFF, 0xFF, 
0xFF, 0xFF, 0xCD, 0x64, 0xBD, 0xBD, 0xBD, 0xFF, 0xFF, 0xFF, 0xFF, 0xFF, 0xFF, 0xBD, 0xBD, 0xBD, 
0x93, 0x00, 0x00, 0x00, 0x00, 0x43, 0xFF, 0xFF, 0xFF, 0xFF, 0x81, 0x00, 0x00, 0x00, 0x00, 0x00, 
0x00, 0x00, 0x00, 0x43, 0xFF, 0xFF, 0xFF, 0xFF, 0x81, 0x00, 0x00, 0x00, 0x00, 0x00, 0x00, 0x00, 
0x00, 0x43, 0xFF, 0xFF, 0xFF, 0xFF, 0x81, 0x00, 0x00, 0x00, 0x00, 0x00, 0x00, 0x00, 0x00, 0x43, 
0xFF, 0xFF, 0xFF, 0xFF, 0x81, 0x00, 0x00, 0x00, 0x00, 0x00, 0x00, 0x00, 0x00, 0x43, 0xFF, 0xFF, 
0xFF, 0xFF, 0x81, 0x00, 0x00, 0x00, 0x00, 0x00, 0x00, 0x00, 0x00, 0x43, 0xFF, 0xFF, 0xFF, 0xFF, 
0x81, 0x00, 0x00, 0x00, 0x00, 0x00, 0x00, 0x00, 0x00, 0x43, 0xFF, 0xFF, 0xFF, 0xFF, 0x81, 0x00, 
0x00, 0x00, 0x00, 0x00, 0x00, 0x00, 0x00, 0x43, 0xFF, 0xFF, 0xFF, 0xFF, 0x81, 0x00, 0x00, 0x00, 
0x00, 0x01, 0x02, 0x02, 0x02, 0x46, 0xFF, 0xFF, 0xFF, 0xFF, 0x83, 0x02, 0x02, 0x02, 0x01, 0x89, 
0xFF, 0xFF, 0xFF, 0xFF, 0xFF, 0xFF, 0xFF, 0xFF, 0xFF, 0xFF, 0xFF, 0xFF, 0xC9, 0x8D, 0xFF, 0xFF, 
0xFF, 0xFF, 0xFF, 0xFF, 0xFF, 0xFF, 0xFF, 0xFF, 0xFF, 0xFF, 0xCD, 0x8D, 0xFF, 0xFF, 0xFF, 0xFF, 
0xFF, 0xFF, 0xFF, 0xFF, 0xFF, 0xFF, 0xFF, 0xFF, 0xCD, 0x88, 0xFF, 0xFF, 0xFF, 0xFF, 0xFF, 0xFF, 
0xFF, 0xFF, 0xFF, 0xFF, 0xFF, 0xFF, 0xC9, 0x00, 0x00, 0x00, 0x00, 0x43, 0xFF, 0xFF, 0xFF, 0xFF, 
0x81, 0x00, 0x00, 0x00, 0x00, 0x00, 0x00, 0x00, 0x00, 0x43, 0xFF, 0xFF, 0xFF, 0xFF, 0x81, 0x00, 
0x00, 0x00, 0x00, 0x00, 0x00, 0x00, 0x00, 0x43, 0xFF, 0xFF, 0xFF, 0xFF, 0x81, 0x00, 0x00, 0x00, 
0x00, 0x00, 0x00, 0x00, 0x00, 0x43, 0xFF, 0xFF, 0xFF, 0xFF, 0x81, 0x00, 0x00, 0x00, 0x00, 0x00, 
0x00, 0x00, 0x00, 0x43, 0xFF, 0xFF, 0xFF, 0xFF, 0x81, 0x00, 0x00, 0x00, 0x00, 0x00, 0x00, 0x00, 
0x00, 0x43, 0xFF, 0xFF, 0xFF, 0xFF, 0x81, 0x00, 0x00, 0x00, 0x00, 0x00, 0x00, 0x00, 0x00, 0x1D, 
0x7F, 0x7F, 0x7F, 0x7F, 0x3C, 0x00, 0x00, 0x00, 0x00, 0x00, 0x00, 0x4D, 0xC2, 0xEB, 0xDF, 0xA9, 
0x21, 0x00, 0x00, 0x57, 0xFF, 0xFF, 0xFF, 0xFF, 0xFF, 0xEC, 0x16, 0x00, 0xD8, 0xFF, 0xFF, 0xFF, 
0xFF, 0xFF, 0xFF, 0x83, 0x07, 0xFD, 0xFF, 0xFF, 0xFF, 0xFF, 0xFF, 0xFF, 0xAF, 0x09, 0xFD, 0xFF, 
0xFF, 0xFF, 0xFF, 0xFF, 0xFF, 0xB6, 0x00, 0xE6, 0xFF, 0xFF, 0xFF, 0xFF, 0xFF, 0xFF, 0x92, 0x00, 
0x81, 0xFF, 0xFF, 0xFF, 0xFF, 0xFF, 0xFB, 0x31, 0x00, 0x05, 0x88, 0xF8, 0xFF, 0xFF, 0xE4, 0x50, 
0x00, 0x00, 0x00, 0x00, 0x04, 0x25, 0x19, 0x00, 0x00, 0x00, 0x00, 0x00, 0x00, 0x03, 0x00, 0x00, 
0x00, 0x00, 0x00, 0x00, 0x00, 0x00, 0x00, 0x00, 0x00, 0x00, 0x00, 0x00, 0x00, 0x00, 0x00, 0x3B, 
0xB4, 0xFA, 0xBD, 0x48, 0x00, 0x0B, 0x8A, 0xE3, 0xE2, 0x87, 0x08, 0x00, 0x5D, 0xCB, 0xF0, 0xA7, 
0x2A, 0x00, 0x00, 0xD4, 0xFF, 0xFF, 0xFF, 0xE7, 0x04, 0x64, 0xFF, 0xFF, 0xFF, 0xFF, 0x5C, 0x16, 
0xFA, 0xFF, 0xFF, 0xFF, 0xB0, 0x00, 0x1C, 0xFF, 0xFF, 0xFF, 0xFF, 0xFF, 0x3C, 0xAC, 0xFF, 0xFF, 
0xFF, 0xFF, 0xAC, 0x58, 0xFF, 0xFF, 0xFF, 0xFF, 0xFB, 0x05, 0x02, 0xE1, 0xFF, 0xFF, 0xFF, 0xF1, 
0x0B, 0x74, 0xFF, 0xFF, 0xFF, 0xFF, 0x6C, 0x22, 0xFE, 0xFF, 0xFF, 0xFF, 0xC0, 0x00, 0x00, 0x55, 
0xD9, 0xFF, 0xE1, 0x66, 0x00, 0x13, 0xB1, 0xFA, 0xF9, 0xAE, 0x0F, 0x00, 0x80, 0xEB, 0xFF, 0xCD, 
0x3E, 0x00, 0x00, 0x00, 0x00, 0x19, 0x01, 0x00, 0x00, 0x00, 0x00, 0x0E, 0x0D, 0x00, 0x00, 0x00, 
0x00, 0x05, 0x16, 0x00, 0x00, 0x00, 0x00, 0x00, 0x02, 0x37, 0x68, 0x31, 0x01, 0x00, 0x00, 0x00, 
0x00, 0x00, 0x00, 0x00, 0x00, 0x00, 0x00, 0x00, 0x00, 0x00, 0x00, 0x00, 0x00, 0x00, 0x00, 0x00, 
0x32, 0xE8, 0xFF, 0xFF, 0xFF, 0xE8, 0x36, 0x00, 0x00, 0x00, 0x00, 0x00, 0x00, 0x00, 0x00, 0x00, 
0x00, 0x00, 0x00, 0x00, 0x00, 0x00, 0x00, 0x00, 0x16, 0xE2, 0xFF, 0xFF, 0xFF, 0xFF, 0xFF, 0xE8, 
0x1E, 0x00, 0x00, 0x00, 0x04, 0x01, 0x00, 0x00, 0x00, 0x00, 0x00, 0x00, 0x00, 0x00, 0x00, 0x00, 
0x00, 0x6D, 0xFF, 0xFF, 0xF5, 0xB8, 0xFD, 0xFF, 0xFF, 0x7F, 0x00, 0x00, 0x00, 0x9E, 0xC8, 0x38, 
0x00, 0x00, 0x00, 0x00, 0x00, 0x00, 0x00, 0x00, 0x00, 0x00, 0xA1, 0xFF, 0xFF, 0x79, 0x00, 0xA0, 
0xFF, 0xFF, 0xB6, 0x00, 0x00, 0x28, 0xFC, 0xFF, 0xFB, 0x13, 0x00, 0x00, 0x00, 0x00, 0x00, 0x00, 
0x00, 0x00, 0x00, 0xC8, 0xFF, 0xFF, 0x46, 0x00, 0x65, 0xFF, 0xFF, 0xDD, 0x00, 0x00, 0xAA, 0xFF, 
0xFF, 0x9F, 0x00, 0x00, 0x00, 0x00, 0x00, 0x00, 0x00, 0x00, 0x00, 0x00, 0xC4, 0xFF, 0xFF, 0x3F, 
0x00, 0x63, 0xFF, 0xFF, 0xDF, 0x00, 0x32, 0xFE, 0xFF, 0xF9, 0x1F, 0x00, 0x00, 0x00, 0x00, 0x00, 
0x00, 0x00, 0x00, 0x00, 0x00, 0xA6, 0xFF, 0xFF, 0x73, 0x00, 0x95, 0xFF, 0xFF, 0xBA, 0x00, 0xB7, 
0xFF, 0xFF, 0x93, 0x00, 0x00, 0x00, 0x00, 0x00, 0x00, 0x00, 0x00, 0x00, 0x00, 0x00, 0x70, 0xFF, 
0xFF, 0xF1, 0xA7, 0xF9, 0xFF, 0xFF, 0x83, 0x3E, 0xFF, 0xFF, 0xF4, 0x17, 0x00, 0x00, 0x00, 0x00, 
0x00, 0x00, 0x00, 0x00, 0x00, 0x00, 0x00, 0x1B, 0xE8, 0xFF, 0xFF, 0xFF, 0xFF, 0xFF, 0xEE, 0x24, 
0xC3, 0xFF, 0xFF, 0x86, 0x00, 0x00, 0x00, 0x00, 0x00, 0x00, 0x00, 0x00, 0x00, 0x00, 0x00, 0x00, 
0x00, 0x3B, 0xF3, 0xFF, 0xFF, 0xFF, 0xF3, 0x40, 0x4A, 0xFF, 0xFF, 0xEF, 0x11, 0x00, 0x00, 0x00, 
0x00, 0x00, 0x00, 0x00, 0x00, 0x00, 0x00, 0x00, 0x00, 0x00, 0x00, 0x07, 0x46, 0x78, 0x41, 0x06, 
0x01, 0xCE, 0xFF, 0xFF, 0x7A, 0x00, 0x00, 0x00, 0x00, 0x00, 0x00, 0x00, 0x00, 0x00, 0x00, 0x00, 
0x00, 0x00, 0x00, 0x00, 0x00, 0x00, 0x00, 0x00, 0x00, 0x56, 0xFF, 0xFF, 0xE8, 0x0B, 0x00, 0x00, 
0x00, 0x00, 0x00, 0x00, 0x00, 0x00, 0x00, 0x00, 0x00, 0x00, 0x00, 0x00, 0x00, 0x00, 0x00, 0x00, 
0x00, 0x03, 0xD9, 0xFF, 0xFF, 0x6D, 0x04, 0x3D, 0x85, 0x8E, 0x43, 0x05, 0x03, 0x3E, 0x8A, 0x89, 
0x43, 0x07, 0x00, 0x00, 0x00, 0x00, 0x00, 0x00, 0x00, 0x00, 0x63, 0xFF, 0xFF, 0xE0, 0x0E, 0xC3, 
0xFF, 0xFF, 0xFF, 0xFF, 0xC0, 0xB2, 0xFF, 0xFF, 0xFF, 0xFF, 0xD3, 0x0E, 0x00, 0x00, 0x00, 0x00, 
0x00, 0x00, 0x07, 0xE1, 0xFF, 0xFF, 0x61, 0xA0, 0xFF, 0xFF, 0xFF, 0xFF, 0xFF, 0xFF, 0xFF, 0xFF, 
0xFF, 0xFF, 0xFF, 0xFF, 0xB5, 0x00, 0x00, 0x00, 0x00, 0x00, 0x00, 0x6F, 0xFF, 0xFF, 0xD7, 0x0A, 
0xF9, 0xFF, 0xFF, 0xBA, 0xA0, 0xFF, 0xFF, 0xFF, 0xFF, 0xB1, 0xB3, 0xFF, 0xFF, 0xFF, 0x14, 0x00, 
0x00, 0x00, 0x00, 0x0C, 0xE9, 0xFF, 0xFF, 0x54, 0x38, 0xFF, 0xFF, 0xFE, 0x12, 0x01, 0xDB, 0xFF, 
0xFF, 0xF7, 0x05, 0x07, 0xF0, 0xFF, 0xFF, 0x4A, 0x00, 0x00, 0x00, 0x00, 0x7C, 0xFF, 0xFF, 0xCD, 
0x01, 0x56, 0xFF, 0xFF, 0xEF, 0x00, 0x00, 0xBD, 0xFF, 0xFF, 0xF1, 0x00, 0x00, 0xCF, 0xFF, 0xFF, 
0x67, 0x00, 0x00, 0x00, 0x12, 0xF0, 0xFF, 0xFF, 0x48, 0x00, 0x4E, 0xFF, 0xFF, 0xF3, 0x00, 0x00, 
0xBD, 0xFF, 0xFF, 0xF3, 0x00, 0x00, 0xD3, 0xFF, 0xFF, 0x64, 0x00, 0x00, 0x00, 0x83, 0xFF, 0xFF, 
0xC1, 0x00, 0x00, 0x26, 0xFF, 0xFF, 0xFF, 0x3F, 0x07, 0xE6, 0xFF, 0xFF, 0xFE, 0x25, 0x14, 0xF6, 
0xFF, 0xFF, 0x39, 0x00, 0x00, 0x00, 0x30, 0xC3, 0xFF, 0x3B, 0x00, 0x00, 0x00, 0xED, 0xFF, 0xFF, 
0xF2, 0xDF, 0xFF, 0xFF, 0xFF, 0xFF, 0xEC, 0xE5, 0xFF, 0xFF, 0xFA, 0x08, 0x00, 0x00, 0x00, 0x00, 
0x00, 0x36, 0x00, 0x00, 0x00, 0x00, 0x60, 0xFF, 0xFF, 0xFF, 0xFF, 0xFF, 0xFF, 0xFF, 0xFF, 0xFF, 
0xFF, 0xFF, 0xFF, 0x77, 0x00, 0x00, 0x00, 0x00, 0x00, 0x00, 0x00, 0x00, 0x00, 0x00, 0x00, 0x00, 
0x75, 0xE9, 0xFF, 0xFF, 0xEE, 0x76, 0x66, 0xE9, 0xFF, 0xFF, 0xEE, 0x89, 0x00, 0x00, 0x00, 0x00, 
0x00, 0x00, 0x00, 0x00, 0x00, 0x00, 0x00, 0x00, 0x00, 0x00, 0x01, 0x31, 0x3E, 0x04, 0x00, 0x00, 
0x02, 0x38, 0x38, 0x03, 0x00, 0x00, 0x00, 0x00, 0x00, 0x00, 0x13, 0xCB, 0xD2, 0xD2, 0x2A, 0x00, 
0x00, 0x00, 0x99, 0xFF, 0xFF, 0xD5, 0x01, 0x00, 0x00, 0x34, 0xFD, 0xFF, 0xFF, 0x5B, 0x00, 0x00, 
0x01, 0xC9, 0xFF, 0xFF, 0xDC, 0x03, 0x00, 0x00, 0x64, 0xFF, 0xFF, 0xFF, 0x64, 0x00, 0x00, 0x11, 
0xEB, 0xFF, 0xFF, 0xE2, 0x05, 0x00, 0x00, 0xA5, 0xFF, 0xFF, 0xFF, 0xA8, 0x00, 0x00, 0x00, 0x25, 
0xF8, 0xFF, 0xFF, 0xCD, 0x00, 0x00, 0x00, 0x00, 0x85, 0xFF, 0xFF, 0xFF, 0x49, 0x00, 0x00, 0x00, 
0x0A, 0xE1, 0xFF, 0xFF, 0xC5, 0x00, 0x00, 0x00, 0x00, 0x52, 0xFF, 0xFF, 0xFF, 0x41, 0x00, 0x00, 
0x00, 0x00, 0xB9, 0xFF, 0xFF, 0xBD, 0x00, 0x00, 0x00, 0x00, 0x26, 0xF9, 0xFF, 0xFF, 0x2A, 0x00, 
0x00, 0x00, 0x00, 0x06, 0x08, 0x08, 0x01, 0x9D, 0xCC, 0xCC, 0x62, 0x00, 0x00, 0x00, 0x6C, 0xFF, 
0xFF, 0xEF, 0x15, 0x00, 0x00, 0x08, 0xE8, 0xFF, 0xFF, 0x9D, 0x00, 0x00, 0x00, 0x75, 0xFF, 0xFF, 
0xFE, 0x38, 0x00, 0x00, 0x0C, 0xED, 0xFF, 0xFF, 0xCD, 0x02, 0x00, 0x00, 0x7E, 0xFF, 0xFF, 0xFF, 
0x68, 0x00, 0x00, 0x15, 0xFF, 0xFF, 0xFF, 0xFF, 0x00, 0x00, 0x5F, 0xFF, 0xFF, 0xFF, 0x8F, 0x00, 
0x02, 0xD8, 0xFF, 0xFF, 0xE7, 0x0E, 0x00, 0x56, 0xFF, 0xFF, 0xFF, 0x5D, 0x00, 0x00, 0xD0, 0xFF, 
0xFF, 0xC3, 0x00, 0x00, 0x4C, 0xFF, 0xFF, 0xFC, 0x2F, 0x00, 0x00, 0xBB, 0xFF, 0xFF, 0x92, 0x00, 
0x00, 0x00, 0x0A, 0x0E, 0x0E, 0x03, 0x00, 0x00, 0x00, 0x00, 0x00, 0x00, 0x00, 0x00, 0x00, 0x00, 
0x00, 0x00, 0x03, 0x02, 0x00, 0x00, 0x00, 0x00, 0x00, 0x00, 0x00, 0x00, 0x00, 0x00, 0x00, 0x83, 
0xD4, 0x44, 0x00, 0x00, 0x00, 0x00, 0x00, 0x00, 0x00, 0x00, 0x00, 0x16, 0xF3, 0xFF, 0xFF, 0x24, 
0x00, 0x00, 0x00, 0x00, 0x00, 0x00, 0x00, 0x00, 0x90, 0xFF, 0xFF, 0xB5, 0x00, 0x00, 0x00, 0x00, 
0x00, 0x00, 0x00, 0x00, 0x1E, 0xF8, 0xFF, 0xFE, 0x30, 0x00, 0x00, 0x00, 0x00, 0x00, 0x00, 0x00, 
0x00, 0x9D, 0xFF, 0xFF, 0xA8, 0x00, 0x00, 0x00, 0x00, 0x00, 0x00, 0x00, 0x00, 0x28, 0xFC, 0xFF, 
0xFB, 0x26, 0x00, 0x00, 0x00, 0x00, 0x00, 0x00, 0x00, 0x00, 0xAA, 0xFF, 0xFF, 0x9C, 0x00, 0x00, 
0x00, 0x00, 0x00, 0x00, 0x00, 0x00, 0x32, 0xFE, 0xFF, 0xF8, 0x1D, 0x00, 0x00, 0x00, 0x00, 0x00, 
0x00, 0x00, 0x00, 0xB7, 0xFF, 0xFF, 0x8F, 0x00, 0x00, 0x00, 0x00, 0x00, 0x00, 0x00, 0x00, 0x3E, 
0xFF, 0xFF, 0xF3, 0x15, 0x00, 0x00, 0x00, 0x00, 0x00, 0x00, 0x00, 0x00, 0xC4, 0xFF, 0xFF, 0x83, 
0x00, 0x00, 0x00, 0x00, 0x00, 0x00, 0x00, 0x00, 0x4B, 0xFF, 0xFF, 0xED, 0x0F, 0x00, 0x00, 0x00, 
0x00, 0x00, 0x00, 0x00, 0x01, 0xD0, 0xFF, 0xFF, 0x76, 0x00, 0x00, 0x00, 0x00, 0x00, 0x00, 0x00, 
0x00, 0x58, 0xFF, 0xFF, 0xE6, 0x09, 0x00, 0x00, 0x00, 0x00, 0x00, 0x00, 0x00, 0x04, 0xDA, 0xFF, 
0xFF, 0x6A, 0x00, 0x00, 0x00, 0x00, 0x00, 0x00, 0x00, 0x00, 0x65, 0xFF, 0xFF, 0xDD, 0x05, 0x00, 
0x00, 0x00, 0x00, 0x00, 0x00, 0x00, 0x08, 0xE3, 0xFF, 0xFF, 0x5D, 0x00, 0x00, 0x00, 0x00, 0x00, 
0x00, 0x00, 0x00, 0x6D, 0xFF, 0xFF, 0xD4, 0x02, 0x00, 0x00, 0x00, 0x00, 0x00, 0x00, 0x00, 0x00, 
0x26, 0xB7, 0xFF, 0x51, 0x00, 0x00, 0x00, 0x00, 0x00, 0x00, 0x00, 0x00, 0x00, 0x00, 0x00, 0x36, 
0x00, 0x00, 0x00, 0x00, 0x00, 0x00, 0x00, 0x00, 0x00, 0x00, 0x00, 0x00, 0x00, 0x00, 0x00, 0x00, 
0x00, 0x00, 0x11, 0x3E, 0x66, 0x5E, 0x43, 0x0E, 0x00, 0x00, 0x00, 0x00, 0x00, 0x00, 0x53, 0xDE, 
0xFF, 0xFF, 0xFF, 0xFF, 0xFF, 0xF3, 0x00, 0x00, 0x00, 0x00, 0x0F, 0xA3, 0xFF, 0xFF, 0xFF, 0xFF, 
0xFF, 0xFF, 0xFF, 0xD3, 0x00, 0x00, 0x00, 0x00, 0xA1, 0xFF, 0xFF, 0xFF, 0xFF, 0xFF, 0xFF, 0xFF, 
0xFF, 0xAE, 0x00, 0x00, 0x00, 0x35, 0xFE, 0xFF, 0xFF, 0xFF, 0xFF, 0xFE, 0xDB, 0xD3, 0xFB, 0x88, 
0x00, 0x00, 0x00, 0xC3, 0xFF, 0xFF, 0xFF, 0xFF, 0xD5, 0x25, 0x00, 0x00, 0x13, 0x1B, 0x00, 0x00, 
0x0C, 0xFF, 0xFF, 0xFF, 0xFF, 0xFE, 0x28, 0x00, 0x00, 0x00, 0x00, 0x00, 0x00, 0x00, 0x31, 0xFF, 
0xFF, 0xFF, 0xFF, 0xBE, 0x00, 0x00, 0x00, 0x00, 0x00, 0x00, 0x12, 0x22, 0x78, 0xFF, 0xFF, 0xFF, 
0xFF, 0xB5, 0x22, 0x22, 0x22, 0x0D, 0x00, 0x00, 0xA7, 0xFF, 0xFF, 0xFF, 0xFF, 0xFF, 0xFF, 0xFF, 
0xFF, 0xFF, 0xFF, 0x80, 0x00, 0x00, 0xA7, 0xFF, 0xFF, 0xFF, 0xFF, 0xFF, 0xFF, 0xFF, 0xFF, 0xFF, 
0xFF, 0x80, 0x00, 0x00, 0x62, 0x9C, 0xFF, 0xFF, 0xFF, 0xFF, 0xFF, 0xFF, 0x9C, 0x9C, 0x9C, 0x4A, 
0x00, 0x00, 0x00, 0x00, 0x87, 0xFF, 0xFF, 0xFF, 0xFF, 0x6A, 0x00, 0x00, 0x00, 0x00, 0x00, 0x00, 
0x84, 0xD0, 0xFF, 0xFF, 0xFF, 0xFF, 0xFF, 0xFF, 0xD0, 0xD0, 0xD0, 0x64, 0x00, 0x00, 0xA7, 0xFF, 
0xFF, 0xFF, 0xFF, 0xFF, 0xFF, 0xFF, 0xFF, 0xFF, 0xFF, 0x80, 0x00, 0x00, 0x96, 0xEB, 0xFF, 0xFF, 
0xFF, 0xFF, 0xFF, 0xFF, 0xEB, 0xEB, 0xEB, 0x72, 0x00, 0x00, 0x00, 0x00, 0x63, 0xFF, 0xFF, 0xFF, 
0xFF, 0x8F, 0x00, 0x00, 0x00, 0x00, 0x00, 0x00, 0x00, 0x00, 0x3D, 0xFF, 0xFF, 0xFF, 0xFF, 0xB3, 
0x00, 0x00, 0x00, 0x00, 0x00, 0x00, 0x00, 0x00, 0x16, 0xFF, 0xFF, 0xFF, 0xFF, 0xFC, 0x22, 0x00, 
0x00, 0x00, 0x00, 0x00, 0x00, 0x00, 0x00, 0xDA, 0xFF, 0xFF, 0xFF, 0xFF, 0xD0, 0x2C, 0x00, 0x00, 
0x27, 0x25, 0x00, 0x00, 0x00, 0x4B, 0xFF, 0xFF, 0xFF, 0xFF, 0xFF, 0xFF, 0xF3, 0xEC, 0xFF, 0x8C, 
0x00, 0x00, 0x00, 0x00, 0xB5, 0xFF, 0xFF, 0xFF, 0xFF, 0xFF, 0xFF, 0xFF, 0xFF, 0xB1, 0x00, 0x00, 
0x00, 0x00, 0x15, 0xAD, 0xFF, 0xFF, 0xFF, 0xFF, 0xFF, 0xFF, 0xFF, 0xD7, 0x00, 0x00, 0x00, 0x00, 
0x00, 0x00, 0x59, 0xD2, 0xFA, 0xFF, 0xFF, 0xFF, 0xFF, 0xE6, 0x00, 0x00, 0x00, 0x00, 0x00, 0x00, 
0x00, 0x00, 0x06, 0x2E, 0x42, 0x3C, 0x21, 0x00, 0x06, 0x1F, 0x1F, 0x1F, 0x1F, 0x1F, 0x09, 0x1D, 
0x1F, 0x12, 0x00, 0x00, 0x1A, 0x1F, 0x11, 0x54, 0xFF, 0xFF, 0xFF, 0xFF, 0xFF, 0x7A, 0xFF, 0xFF, 
0xBE, 0x00, 0x0A, 0xF9, 0xFF, 0xAE, 0x4B, 0xEE, 0xFD, 0xFF, 0xFF, 0xEE, 0x6F, 0xFF, 0xFF, 0xF6, 
0x05, 0x47, 0xFF, 0xFF, 0xAE, 0x00, 0x00, 0xA0, 0xFF, 0xD3, 0x00, 0x10, 0xFF, 0xFF, 0xFF, 0x3A, 
0x8C, 0xFF, 0xFF, 0xAE, 0x00, 0x00, 0xA0, 0xFF, 0xD3, 0x00, 0x10, 0xFF, 0xFF, 0xFF, 0x78, 0xD0, 
0xFF, 0xFF, 0xAE, 0x00, 0x00, 0xA0, 0xFF, 0xD3, 0x00, 0x10, 0xFF, 0xFF, 0xFF, 0xCD, 0xFE, 0xFF, 
0xFF, 0xAE, 0x00, 0x00, 0xA0, 0xFF, 0xD3, 0x00, 0x10, 0xFF, 0xFF, 0xD0, 0xFF, 0xFF, 0xD1, 0xFF, 
0xAE, 0x00, 0x00, 0xA0, 0xFF, 0xD3, 0x00, 0x10, 0xFF, 0xFF, 0x92, 0xFF, 0xFA, 0x99, 0xFF, 0xAE, 
0x00, 0x00, 0xA0, 0xFF, 0xD3, 0x00, 0x10, 0xFF, 0xFF, 0x54, 0xFF, 0xC7, 0x8E, 0xFF, 0xAE, 0x00, 
0x00, 0x65, 0xA9, 0x87, 0x00, 0x09, 0xB2, 0xB4, 0x1C, 0xAA, 0x67, 0x60, 0xB4, 0x76, 0x00, 0x00, 
0x00, 0x01, 0x33, 0x54, 0x5C, 0x2E, 0x04, 0x00, 0x00, 0x00, 0x00, 0x00, 0x00, 0x00, 0x00, 0x6F, 
0xE1, 0xFF, 0xFF, 0xFF, 0xFF, 0xF7, 0x92, 0x07, 0x00, 0x00, 0x00, 0x00, 0x00, 0x00, 0xE3, 0xFF, 
0xFF, 0xFF, 0xFF, 0xFF, 0xFF, 0xFF, 0xCD, 0x1D, 0x00, 0x00, 0x00, 0x00, 0x00, 0xB1, 0xFF, 0xFF, 
0xFF, 0xFF, 0xFF, 0xFF, 0xFF, 0xFF, 0xB7, 0x00, 0x00, 0x00, 0x00, 0x00, 0x7F, 0xFF, 0xD0, 0xA6, 
0xC9, 0xFF, 0xFF, 0xFF, 0xFF, 0xFF, 0x50, 0x00, 0x00, 0x00, 0x00, 0x25, 0x32, 0x00, 0x00, 0x00, 
0x60, 0xFE, 0xFF, 0xFF, 0xFF, 0xD8, 0x00, 0x00, 0x00, 0x00, 0x00, 0x00, 0x00, 0x00, 0x00, 0x00, 
0x91, 0xFF, 0xFF, 0xFF, 0xFF, 0x23, 0x00, 0x00, 0x00, 0x00, 0x00, 0x00, 0x00, 0x00, 0x00, 0x15, 
0xFA, 0xFF, 0xFF, 0xFF, 0x68, 0x00, 0x00, 0x00, 0x00, 0x00, 0x21, 0x58, 0x80, 0x69, 0x22, 0xAF, 
0xFF, 0xFF, 0xFF, 0xAD, 0x00, 0x00, 0x00, 0x0C, 0xB3, 0xFF, 0xFF, 0xFF, 0xFF, 0xF8, 0xCA, 0xFF, 
0xFF, 0xFF, 0xD8, 0x00, 0x00, 0x14, 0xD0, 0xFF, 0xFF, 0xFF, 0xFF, 0xFF, 0xFF, 0xFF, 0xFF, 0xFF, 
0xFF, 0xEB, 0x00, 0x00, 0x87, 0xFF, 0xFF, 0xFF, 0xFF, 0xFF, 0xFF, 0xFF, 0xFF, 0xFF, 0xFF, 0xFF, 
0xFC, 0x01, 0x10, 0xF1, 0xFF, 0xFF, 0xFF, 0xFF, 0xBF, 0x97, 0xF2, 0xFF, 0xFF, 0xFF, 0xFF, 0xFF, 
0x10, 0x5D, 0xFF, 0xFF, 0xFF, 0xFF, 0xB8, 0x01, 0x00, 0x34, 0xFA, 0xFF, 0xFF, 0xFF, 0xFF, 0x20, 
0x7F, 0xFF, 0xFF, 0xFF, 0xFF, 0x4F, 0x00, 0x00, 0x00, 0xA9, 0xFF, 0xFF, 0xFF, 0xFF, 0x23, 0xA0, 
0xFF, 0xFF, 0xFF, 0xFF, 0x1B, 0x00, 0x00, 0x00, 0x97, 0xFF, 0xFF, 0xFF, 0xFF, 0x14, 0xB9, 0xFF, 
0xFF, 0xFF, 0xFF, 0x0A, 0x00, 0x00, 0x00, 0x9F, 0xFF, 0xFF, 0xFF, 0xFD, 0x02, 0xAB, 0xFF, 0xFF, 
0xFF, 0xFF, 0x0D, 0x00, 0x00, 0x00, 0xAD, 0xFF, 0xFF, 0xFF, 0xEA, 0x00, 0x89, 0xFF, 0xFF, 0xFF, 
0xFF, 0x21, 0x00, 0x00, 0x00, 0xD0, 0xFF, 0xFF, 0xFF, 0xC3, 0x00, 0x67, 0xFF, 0xFF, 0xFF, 0xFF, 
0x5C, 0x00, 0x00, 0x0F, 0xFC, 0xFF, 0xFF, 0xFF, 0x7A, 0x00, 0x30, 0xFF, 0xFF, 0xFF, 0xFF, 0xD3, 
0x0B, 0x00, 0x92, 0xFF, 0xFF, 0xFF, 0xFF, 0x31, 0x00, 0x00, 0xB7, 0xFF, 0xFF, 0xFF, 0xFF, 0xEE, 
0xE0, 0xFF, 0xFF, 0xFF, 0xFF, 0xC4, 0x00, 0x00, 0x00, 0x39, 0xFF, 0xFF, 0xFF, 0xFF, 0xFF, 0xFF, 
0xFF, 0xFF, 0xFF, 0xFC, 0x2F, 0x00, 0x00, 0x00, 0x00, 0x5F, 0xF8, 0xFF, 0xFF, 0xFF, 0xFF, 0xFF, 
0xFF, 0xFC, 0x6F, 0x00, 0x00, 0x00, 0x00, 0x00, 0x00, 0x39, 0xC8, 0xF9, 0xFF, 0xFF, 0xFF, 0xDC, 
0x44, 0x00, 0x00, 0x00, 0x00, 0x00, 0x00, 0x00, 0x00, 0x00, 0x06, 0x36, 0x4A, 0x17, 0x00, 0x00, 
0x00, 0x00, 0x00, 0x00, 0x00, 0x00, 0x00, 0x00, 0x00, 0x00, 0x00, 0x06, 0x1F, 0x1F, 0x34, 0x1F, 
0x1D, 0x00, 0x00, 0x00, 0x00, 0x00, 0x00, 0x00, 0x00, 0x00, 0x00, 0x00, 0x00, 0x00, 0x00, 0x00, 
0x61, 0xFF, 0xFF, 0xFF, 0xFF, 0xFF, 0x1E, 0x00, 0x00, 0x00, 0x00, 0x00, 0x00, 0x00, 0x00, 0x00, 
0x00, 0x00, 0x00, 0x00, 0x00, 0xB6, 0xFF, 0xFF, 0xFF, 0xFF, 0xFF, 0x71, 0x00, 0x00, 0x00, 0x00, 
0x00, 0x00, 0x00, 0x00, 0x00, 0x00, 0x00, 0x00, 0x00, 0x11, 0xFA, 0xFF, 0xFF, 0xFF, 0xFF, 0xFF, 
0xC4, 0x00, 0x00, 0x00, 0x00, 0x00, 0x00, 0x00, 0x00, 0x00, 0x00, 0x00, 0x00, 0x00, 0x5F, 0xFF, 
0xFF, 0xFF, 0xFF, 0xFF, 0xFF, 0xFE, 0x19, 0x00, 0x00, 0x00, 0x00, 0x00, 0x00, 0x00, 0x00, 0x00, 
0x00, 0x00, 0x00, 0xB4, 0xFF, 0xFF, 0xFF, 0xFF, 0xFF, 0xFF, 0xFF, 0x6B, 0x00, 0x00, 0x00, 0x00, 
0x00, 0x00, 0x00, 0x00, 0x00, 0x00, 0x00, 0x0F, 0xF9, 0xFF, 0xFF, 0xFF, 0xFF, 0xFF, 0xFF, 0xFF, 
0xBE, 0x00, 0x00, 0x00, 0x00, 0x00, 0x00, 0x00, 0x00, 0x00, 0x00, 0x00, 0x5D, 0xFF, 0xFF, 0xFF, 
0xFF, 0xFF, 0xFF, 0xFF, 0xFF, 0xFC, 0x15, 0x00, 0x00, 0x00, 0x00, 0x00, 0x00, 0x00, 0x00, 0x00, 
0x00, 0xB2, 0xFF, 0xFF, 0xFF, 0xFF, 0xDA, 0xFF, 0xFF, 0xFF, 0xFF, 0x65, 0x00, 0x00, 0x00, 0x00, 
0x00, 0x00, 0x00, 0x00, 0x00, 0x0E, 0xF8, 0xFF, 0xFF, 0xFF, 0xF1, 0x4A, 0xFF, 0xFF, 0xFF, 0xFF, 
0xB9, 0x00, 0x00, 0x00, 0x00, 0x00, 0x00, 0x00, 0x00, 0x00, 0x5C, 0xFF, 0xFF, 0xFF, 0xFF, 0xA8, 
0x05, 0xF0, 0xFF, 0xFF, 0xFF, 0xFA, 0x11, 0x00, 0x00, 0x00, 0x00, 0x00, 0x00, 0x00, 0x00, 0xB0, 
0xFF, 0xFF, 0xFF, 0xFF, 0x59, 0x00, 0xA7, 0xFF, 0xFF, 0xFF, 0xFF, 0x60, 0x00, 0x00, 0x00, 0x00, 
0x00, 0x00, 0x00, 0x0D, 0xF7, 0xFF, 0xFF, 0xFF, 0xFA, 0x0F, 0x00, 0x59, 0xFF, 0xFF, 0xFF, 0xFF, 
0xB3, 0x00, 0x00, 0x00, 0x00, 0x00, 0x00, 0x00, 0x5A, 0xFF, 0xFF, 0xFF, 0xFF, 0xB9, 0x00, 0x00, 
0x10, 0xFA, 0xFF, 0xFF, 0xFF, 0xF8, 0x0E, 0x00, 0x00, 0x00, 0x00, 0x00, 0x00, 0xAE, 0xFF, 0xFF, 
0xFF, 0xFF, 0x6A, 0x00, 0x00, 0x00, 0xBC, 0xFF, 0xFF, 0xFF, 0xFF, 0x5A, 0x00, 0x00, 0x00, 0x00, 
0x00, 0x0C, 0xF7, 0xFF, 0xFF, 0xFF, 0xFE, 0x1B, 0x00, 0x00, 0x00, 0x6D, 0xFF, 0xFF, 0xFF, 0xFF, 
0xAD, 0x00, 0x00, 0x00, 0x00, 0x00, 0x58, 0xFF, 0xFF, 0xFF, 0xFF, 0xCA, 0x00, 0x00, 0x00, 0x00, 
0x20, 0xFF, 0xFF, 0xFF, 0xFF, 0xF6, 0x0B, 0x00, 0x00, 0x00, 0x00, 0xAC, 0xFF, 0xFF, 0xFF, 0xFF, 
0x7B, 0x00, 0x00, 0x00, 0x00, 0x00, 0xD1, 0xFF, 0xFF, 0xFF, 0xFF, 0x54, 0x00, 0x00, 0x00, 0x0B, 
0xF6, 0xFF, 0xFF, 0xFF, 0xFF, 0x2B, 0x00, 0x00, 0x00, 0x00, 0x00, 0x82, 0xFF, 0xFF, 0xFF, 0xFF, 
0xA8, 0x00, 0x00, 0x00, 0x56, 0xFF, 0xFF, 0xFF, 0xFF, 0xFF, 0x28, 0x28, 0x28, 0x28, 0x28, 0x28, 
0x5C, 0xFF, 0xFF, 0xFF, 0xFF, 0xF3, 0x08, 0x00, 0x00, 0xAA, 0xFF, 0xFF, 0xFF, 0xFF, 0xFF, 0xFF, 
0xFF, 0xFF, 0xFF, 0xFF, 0xFF, 0xFF, 0xFF, 0xFF, 0xFF, 0xFF, 0xFF, 0x4F, 0x00, 0x0A, 0xF5, 0xFF, 
0xFF, 0xFF, 0xFF, 0xFF, 0xFF, 0xFF, 0xFF, 0xFF, 0xFF, 0xFF, 0xFF, 0xFF, 0xFF, 0xFF, 0xFF, 0xFF, 
0xA2, 0x00, 0x54, 0xFF, 0xFF, 0xFF, 0xFF, 0xFF, 0xFF, 0xFF, 0xFF, 0xFF, 0xFF, 0xFF, 0xFF, 0xFF, 
0xFF, 0xFF, 0xFF, 0xFF, 0xFF, 0xEF, 0x06, 0x9A, 0xFF, 0xFF, 0xFF, 0xFF, 0xFF, 0xFF, 0xFF, 0xFF, 
0xFF, 0xFF, 0xFF, 0xFF, 0xFF, 0xFF, 0xFF, 0xFF, 0xFF, 0xFF, 0xFF, 0x3A, 0x13, 0x1F, 0x1F, 0x1F, 
0x1F, 0x1F, 0x1F, 0x1F, 0x1F, 0x1F, 0x1F, 0x1F, 0x1F, 0x1F, 0x1F, 0x0C, 0xC2, 0xFF, 0xFF, 0xFF, 
0xFF, 0xFF, 0xFF, 0xFF, 0xFF, 0xFF, 0xFF, 0xFF, 0xFF, 0xFF, 0xFF, 0x86, 0xC2, 0xFF, 0xFF, 0xFF, 
0xFF, 0xFF, 0xFF, 0xFF, 0xFF, 0xFF, 0xFF, 0xFF, 0xFF, 0xFF, 0xFF, 0x87, 0xC2, 0xFF, 0xFF, 0xFF, 
0xFF, 0xFF, 0xFF, 0xFF, 0xFF, 0xFF, 0xFF, 0xFF, 0xFF, 0xFF, 0xFF, 0x87, 0xC2, 0xFF, 0xFF, 0xFF, 
0xFF, 0xD0, 0xCE, 0xCE, 0xCE, 0xCE, 0xDF, 0xFF, 0xFF, 0xFF, 0xFF, 0x87, 0xC2, 0xFF, 0xFF, 0xFF, 
0xFF, 0x05, 0x00, 0x00, 0x00, 0x00, 0x41, 0xFF, 0xFF, 0xFF, 0xFF, 0x87, 0xC2, 0xFF, 0xFF, 0xFF, 
0xFF, 0x05, 0x00, 0x00, 0x00, 0x00, 0x41, 0xFF, 0xFF, 0xFF, 0xFF, 0x87, 0xC2, 0xFF, 0xFF, 0xFF, 
0xFF, 0x05, 0x00, 0x00, 0x00, 0x00, 0x41, 0xFF, 0xFF, 0xFF, 0xFF, 0x87, 0xC2, 0xFF, 0xFF, 0xFF, 
0xFF, 0x05, 0x00, 0x00, 0x00, 0x00, 0x41, 0xFF, 0xFF, 0xFF, 0xFF, 0x87, 0xC2, 0xFF, 0xFF, 0xFF, 
0xFF, 0x05, 0x00, 0x00, 0x00, 0x00, 0x41, 0xFF, 0xFF, 0xFF, 0xFF, 0x87, 0xC2, 0xFF, 0xFF, 0xFF, 
0xFF, 0x05, 0x00, 0x00, 0x00, 0x00, 0x41, 0xFF, 0xFF, 0xFF, 0xFF, 0x87, 0xC2, 0xFF, 0xFF, 0xFF, 
0xFF, 0x05, 0x00, 0x00, 0x00, 0x00, 0x41, 0xFF, 0xFF, 0xFF, 0xFF, 0x87, 0xC2, 0xFF, 0xFF, 0xFF, 
0xFF, 0x05, 0x00, 0x00, 0x00, 0x00, 0x41, 0xFF, 0xFF, 0xFF, 0xFF, 0x87, 0xC2, 0xFF, 0xFF, 0xFF, 
0xFF, 0x05, 0x00, 0x00, 0x00, 0x00, 0x41, 0xFF, 0xFF, 0xFF, 0xFF, 0x87, 0xC2, 0xFF, 0xFF, 0xFF, 
0xFF, 0x05, 0x00, 0x00, 0x00, 0x00, 0x41, 0xFF, 0xFF, 0xFF, 0xFF, 0x87, 0xC2, 0xFF, 0xFF, 0xFF, 
0xFF, 0x05, 0x00, 0x00, 0x00, 0x00, 0x41, 0xFF, 0xFF, 0xFF, 0xFF, 0x87, 0xC2, 0xFF, 0xFF, 0xFF, 
0xFF, 0x05, 0x00, 0x00, 0x00, 0x00, 0x41, 0xFF, 0xFF, 0xFF, 0xFF, 0x87, 0xC2, 0xFF, 0xFF, 0xFF, 
0xFF, 0x05, 0x00, 0x00, 0x00, 0x00, 0x41, 0xFF, 0xFF, 0xFF, 0xFF, 0x87, 0xC2, 0xFF, 0xFF, 0xFF, 
0xFF, 0x05, 0x00, 0x00, 0x00, 0x00, 0x41, 0xFF, 0xFF, 0xFF, 0xFF, 0x87, 0xC2, 0xFF, 0xFF, 0xFF, 
0xFF, 0x05, 0x00, 0x00, 0x00, 0x00, 0x41, 0xFF, 0xFF, 0xFF, 0xFF, 0x87, 0xC2, 0xFF, 0xFF, 0xFF, 
0xFF, 0x05, 0x00, 0x00, 0x00, 0x00, 0x41, 0xFF, 0xFF, 0xFF, 0xFF, 0x87, 0xC2, 0xFF, 0xFF, 0xFF, 
0xFF, 0x05, 0x00, 0x00, 0x00, 0x00, 0x41, 0xFF, 0xFF, 0xFF, 0xFF, 0x87, 0xC2, 0xFF, 0xFF, 0xFF, 
0xFF, 0x05, 0x00, 0x00, 0x00, 0x00, 0x41, 0xFF, 0xFF, 0xFF, 0xFF, 0x87, 0xC2, 0xFF, 0xFF, 0xFF, 
0xFF, 0x05, 0x00, 0x00, 0x00, 0x00, 0x41, 0xFF, 0xFF, 0xFF, 0xFF, 0x87, 0xC2, 0xFF, 0xFF, 0xFF, 
0xFF, 0x05, 0x00, 0x00, 0x00, 0x00, 0x41, 0xFF, 0xFF, 0xFF, 0xFF, 0x87, 0xC2, 0xFF, 0xFF, 0xFF, 
0xFF, 0x05, 0x00, 0x00, 0x00, 0x00, 0x41, 0xFF, 0xFF, 0xFF, 0xFF, 0x87, 0xC2, 0xFF, 0xFF, 0xFF, 
0xFF, 0x05, 0x00, 0x00, 0x00, 0x00, 0x41, 0xFF, 0xFF, 0xFF, 0xFF, 0x87, 0xB6, 0xF6, 0xF6, 0xF6, 
0xF2, 0x04, 0x00, 0x00, 0x00, 0x00, 0x3A, 0xF6, 0xF6, 0xF6, 0xF6, 0x7D, 0x00, 0x1E, 0x21, 0x3E, 
0x31, 0x1F, 0x1F, 0x1F, 0x1F, 0x1F, 0x1F, 0x1F, 0x1F, 0x1F, 0x1F, 0x1F, 0x0C, 0x1E, 0xFF, 0xFF, 
0xFF, 0xFF, 0xFF, 0xFF, 0xFF, 0xFF, 0xFF, 0xFF, 0xFF, 0xFF, 0xFF, 0xFF, 0xFF, 0x83, 0x1F, 0xFF, 
0xFF, 0xFF, 0xFF, 0xFF, 0xFF, 0xFF, 0xFF, 0xFF, 0xFF, 0xFF, 0xFF, 0xFF, 0xFF, 0xFF, 0x83, 0x15, 
0xFB, 0xFF, 0xFF, 0xFF, 0xFF, 0xFF, 0xFF, 0xFF, 0xFF, 0xFF, 0xFF, 0xFF, 0xFF, 0xFF, 0xFF, 0x83, 
0x00, 0x82, 0xFF, 0xFF, 0xFF, 0xFF, 0xFF, 0xF3, 0xE2, 0xE2, 0xE2, 0xE2, 0xE2, 0xE2, 0xE2, 0xE2, 
0x70, 0x00, 0x05, 0xD0, 0xFF, 0xFF, 0xFF, 0xFF, 0x9F, 0x00, 0x00, 0x00, 0x00, 0x00, 0x00, 0x00, 
0x00, 0x00, 0x00, 0x00, 0x2F, 0xFA, 0xFF, 0xFF, 0xFF, 0xFF, 0x49, 0x00, 0x00, 0x00, 0x00, 0x00, 
0x00, 0x00, 0x00, 0x00, 0x00, 0x00, 0x7D, 0xFF, 0xFF, 0xFF, 0xFF, 0xE3, 0x0F, 0x00, 0x00, 0x00, 
0x00, 0x00, 0x00, 0x00, 0x00, 0x00, 0x00, 0x04, 0xCC, 0xFF, 0xFF, 0xFF, 0xFF, 0x9C, 0x00, 0x00, 
0x00, 0x00, 0x00, 0x00, 0x00, 0x00, 0x00, 0x00, 0x00, 0x2C, 0xF9, 0xFF, 0xFF, 0xFF, 0xFF, 0x46, 
0x00, 0x00, 0x00, 0x00, 0x00, 0x00, 0x00, 0x00, 0x00, 0x00, 0x00, 0x79, 0xFF, 0xFF, 0xFF, 0xFF, 
0xE1, 0x0D, 0x00, 0x00, 0x00, 0x00, 0x00, 0x00, 0x00, 0x00, 0x00, 0x00, 0x03, 0xC9, 0xFF, 0xFF, 
0xFF, 0xFF, 0x99, 0x00, 0x00, 0x00, 0x00, 0x00, 0x00, 0x00, 0x00, 0x00, 0x00, 0x00, 0x29, 0xF7, 
0xFF, 0xFF, 0xFF, 0xFF, 0x43, 0x00, 0x00, 0x00, 0x00, 0x00, 0x00, 0x00, 0x00, 0x00, 0x00, 0x00, 
0x74, 0xFF, 0xFF, 0xFF, 0xFF, 0xDF, 0x0C, 0x00, 0x00, 0x00, 0x00, 0x00, 0x00, 0x00, 0x00, 0x00, 
0x00, 0x09, 0xF9, 0xFF, 0xFF, 0xFF, 0xFF, 0x42, 0x00, 0x00, 0x00, 0x00, 0x00, 0x00, 0x00, 0x00, 
0x00, 0x00, 0x84, 0xFF, 0xFF, 0xFF, 0xFF, 0xD7, 0x07, 0x00, 0x00, 0x00, 0x00, 0x00, 0x00, 0x00, 
0x00, 0x00, 0x31, 0xFB, 0xFF, 0xFF, 0xFF, 0xFD, 0x3A, 0x00, 0x00, 0x00, 0x00, 0x00, 0x00, 0x00, 
0x00, 0x00, 0x05, 0xD0, 0xFF, 0xFF, 0xFF, 0xFF, 0x90, 0x00, 0x00, 0x00, 0x00, 0x00, 0x00, 0x00, 
0x00, 0x00, 0x00, 0x7F, 0xFF, 0xFF, 0xFF, 0xFF, 0xDE, 0x0B, 0x00, 0x00, 0x00, 0x00, 0x00, 0x00, 
0x00, 0x00, 0x00, 0x2E, 0xFA, 0xFF, 0xFF, 0xFF, 0xFF, 0x43, 0x00, 0x00, 0x00, 0x00, 0x00, 0x00, 
0x00, 0x00, 0x00, 0x04, 0xCD, 0xFF, 0xFF, 0xFF, 0xFF, 0x9A, 0x00, 0x00, 0x00, 0x00, 0x00, 0x00, 
0x00, 0x00, 0x00, 0x00, 0x7A, 0xFF, 0xFF, 0xFF, 0xFF, 0xE4, 0x0F, 0x00, 0x00, 0x00, 0x00, 0x00, 
0x00, 0x00, 0x00, 0x00, 0x2B, 0xF9, 0xFF, 0xFF, 0xFF, 0xFF, 0x4C, 0x00, 0x00, 0x00, 0x00, 0x00, 
0x00, 0x00, 0x00, 0x00, 0x03, 0xC9, 0xFF, 0xFF, 0xFF, 0xFF, 0xA5, 0x00, 0x00, 0x00, 0x00, 0x00, 
0x00, 0x00, 0x00, 0x00, 0x00, 0x76, 0xFF, 0xFF, 0xFF, 0xFF, 0xFF, 0xDE, 0xCB, 0xCB, 0xCB, 0xCB, 
0xCB, 0xCB, 0xCB, 0xCB, 0xB6, 0x12, 0xF7, 0xFF, 0xFF, 0xFF, 0xFF, 0xFF, 0xFF, 0xFF, 0xFF, 0xFF, 
0xFF, 0xFF, 0xFF, 0xFF, 0xFF, 0xEB, 0x1F, 0xFF, 0xFF, 0xFF, 0xFF, 0xFF, 0xFF, 0xFF, 0xFF, 0xFF, 
0xFF, 0xFF, 0xFF, 0xFF, 0xFF, 0xFF, 0xEB, 0x1F, 0xFF, 0xFF, 0xFF, 0xFF, 0xFF, 0xFF, 0xFF, 0xFF, 
0xFF, 0xFF, 0xFF, 0xFF, 0xFF, 0xFF, 0xFF, 0xEB, 0x02, 0x36, 0x4A, 0x6D, 0x59, 0x36, 0x36, 0x36, 
0x36, 0x36, 0x36, 0x36, 0x36, 0x36, 0x36, 0x36, 0x2D, 0x00, 0x00, 0x00, 0x00, 0x00, 0x00, 0x00, 
0x00, 0x00, 0x00, 0x00, 0x00, 0x1E, 0x1F, 0x1F, 0x16, 0x00, 0x00, 0x00, 0x00, 0x00, 0x00, 0x00, 
0x00, 0x00, 0x00, 0x00, 0x19, 0xFF, 0xFF, 0xFF, 0xCA, 0x00, 0x00, 0x00, 0x00, 0x00, 0x00, 0x00, 
0x00, 0x00, 0x00, 0x00, 0x53, 0xFF, 0xFF, 0xFF, 0x93, 0x00, 0x00, 0x00, 0x00, 0x00, 0x00, 0x00, 
0x00, 0x00, 0x00, 0x00, 0x8D, 0xFF, 0xFF, 0xFF, 0x56, 0x00, 0x00, 0x00, 0x00, 0x00, 0x00, 0x00, 
0x00, 0x00, 0x00, 0x00, 0xC7, 0xFF, 0xFF, 0xFF, 0x19, 0x00, 0x00, 0x00, 0x00, 0x00, 0x00, 0x00, 
0x00, 0x00, 0x00, 0x08, 0xF9, 0xFF, 0xFF, 0xDB, 0x00, 0x00, 0x00, 0x00, 0x00, 0x00, 0x00, 0x00, 
0x00, 0x00, 0x00, 0x3C, 0xFF, 0xFF, 0xFF, 0x9E, 0x00, 0x00, 0x00, 0x00, 0x00, 0x00, 0x00, 0x00, 
0x00, 0x00, 0x00, 0x76, 0xFF, 0xFF, 0xFF, 0x61, 0x00, 0x00, 0x00, 0x00, 0x00, 0x00, 0x00, 0x00, 
0x00, 0x00, 0x00, 0xB1, 0xFF, 0xFF, 0xFF, 0x24, 0x00, 0x00, 0x00, 0x00, 0x00, 0x00, 0x00, 0x00, 
0x00, 0x00, 0x00, 0xEA, 0xFF, 0xFF, 0xE6, 0x00, 0x00, 0x00, 0x00, 0x00, 0x00, 0x00, 0x00, 0x00, 
0x00, 0x00, 0x25, 0xFF, 0xFF, 0xFF, 0xA9, 0x00, 0x00, 0x05, 0x3A, 0x3F, 0x75, 0x75, 0x75, 0x53, 
0x00, 0x00, 0x60, 0xFF, 0xFF, 0xFF, 0x6C, 0x00, 0x00, 0x29, 0xFF, 0xFF, 0xFF, 0xFF, 0xFF, 0xFF, 
0x0E, 0x00, 0x9A, 0xFF, 0xFF, 0xFF, 0x2F, 0x00, 0x00, 0x29, 0xFF, 0xFF, 0xFF, 0xFF, 0xFF, 0xFF, 
0x4B, 0x00, 0xD4, 0xFF, 0xFF, 0xEF, 0x02, 0x00, 0x00, 0x29, 0xFF, 0xFF, 0xFF, 0xFF, 0xFF, 0xFF, 
0x8B, 0x10, 0xFE, 0xFF, 0xFF, 0xB4, 0x00, 0x00, 0x00, 0x1D, 0xD1, 0xD1, 0xFF, 0xFF, 0xFF, 0xFF, 
0xCB, 0x49, 0xFF, 0xFF, 0xFF, 0x77, 0x00, 0x00, 0x00, 0x00, 0x00, 0x00, 0x00, 0xE4, 0xFF, 0xFF, 
0xFC, 0x92, 0xFF, 0xFF, 0xFF, 0x3A, 0x00, 0x00, 0x00, 0x00, 0x00, 0x00, 0x00, 0x98, 0xFF, 0xFF, 
0xFF, 0xFF, 0xFF, 0xFF, 0xF6, 0x06, 0x00, 0x00, 0x00, 0x00, 0x00, 0x00, 0x00, 0x4B, 0xFF, 0xFF, 
0xFF, 0xFF, 0xFF, 0xFF, 0xC0, 0x00, 0x00, 0x00, 0x00, 0x00, 0x00, 0x00, 0x00, 0x09, 0xF5, 0xFF, 
0xFF, 0xFF, 0xFF, 0xFF, 0x83, 0x00, 0x00, 0x00, 0x00, 0x00, 0x00, 0x00, 0x00, 0x00, 0xB2, 0xFF, 
0xFF, 0xFF, 0xFF, 0xFF, 0x45, 0x00, 0x00, 0x00, 0x00, 0x00, 0x00, 0x00, 0x00, 0x00, 0x65, 0xFF, 
0xFF, 0xFF, 0xFF, 0xFB, 0x0C, 0x00, 0x00, 0x00, 0x00, 0x00, 0x00, 0x00, 0x00, 0x00, 0x1A, 0xFE, 
0xFF, 0xFF, 0xFF, 0xCB, 0x00, 0x00, 0x00, 0x00, 0x00, 0x00, 0x00, 0x00, 0x00, 0x00, 0x00, 0xCC, 
0xFF, 0xFF, 0xFF, 0x8E, 0x00, 0x00, 0x00, 0x00, 0x00, 0x00, 0x00, 0x00, 0x00, 0x00, 0x00, 0x00, 
0x01, 0x02, 0x01, 0x00, 0x00, 0x00, 0x00, 0x00, 0x00, 0x00, 0x00, 0x00, 0x00, 0x05, 0x36, 0x71, 
0x8F, 0x5C, 0x21, 0x00, 0x00, 0x00, 0x00, 0x00, 0x00, 0x08, 0x3C, 0x77, 0x8C, 0x56, 0x1A, 0x00, 
0x00, 0x00, 0x00, 0x00, 0x00, 0x00, 0x00, 0x47, 0xEF, 0xFF, 0xFF, 0xFF, 0xFF, 0xFF, 0x9B, 0x07, 
0x00, 0x00, 0x00, 0x36, 0xE2, 0xFF, 0xFF, 0xFF, 0xFF, 0xFF, 0xB3, 0x0D, 0x00, 0x00, 0x00, 0x00, 
0x00, 0x68, 0xFC, 0xFF, 0xFF, 0xFF, 0xFF, 0xFF, 0xFF, 0xFF, 0xC9, 0x0A, 0x00, 0x51, 0xF8, 0xFF, 
0xFF, 0xFF, 0xFF, 0xFF, 0xFF, 0xFF, 0xD2, 0x1E, 0x00, 0x00, 0x00, 0x2E, 0xFE, 0xFF, 0xFF, 0xFF, 
0xFF, 0xFF, 0xFF, 0xFF, 0xFF, 0xFF, 0x96, 0x1C, 0xEF, 0xFF, 0xFF, 0xFF, 0xFF, 0xFF, 0xFF, 0xFF, 
0xFF, 0xFF, 0xBA, 0x00, 0x00, 0x00, 0xAE, 0xFF, 0xFF, 0xFF, 0xFF, 0xEA, 0xAD, 0xE4, 0xFF, 0xFF, 
0xFF, 0xFF, 0xF4, 0xFF, 0xFF, 0xFF, 0xFE, 0xC0, 0xBF, 0xFE, 0xFF, 0xFF, 0xFF, 0xFF, 0x3C, 0x00, 
0x2A, 0xFE, 0xFF, 0xFF, 0xFF, 0xE8, 0x1E, 0x00, 0x0E, 0xCD, 0xFF, 0xFF, 0xFF, 0xFF, 0xFF, 0xFF, 
0xFF, 0x66, 0x00, 0x00, 0x7A, 0xFF, 0xFF, 0xFF, 0xFF, 0xB9, 0x00, 0x62, 0xFF, 0xFF, 0xFF, 0xFF, 
0x71, 0x00, 0x00, 0x00, 0x28, 0xFC, 0xFF, 0xFF, 0xFF, 0xFF, 0xFF, 0xAD, 0x00, 0x00, 0x00, 0x02, 
0xE4, 0xFF, 0xFF, 0xFF, 0xF1, 0x00, 0x87, 0xFF, 0xFF, 0xFF, 0xFF, 0x1D, 0x00, 0x00, 0x00, 0x00, 
0xA8, 0xFF, 0xFF, 0xFF, 0xFF, 0xFF, 0x31, 0x00, 0x00, 0x00, 0x00, 0x94, 0xFF, 0xFF, 0xFF, 0xFF, 
0x16, 0xAC, 0xFF, 0xFF, 0xFF, 0xFA, 0x01, 0x00, 0x00, 0x00, 0x00, 0x4F, 0xFF, 0xFF, 0xFF, 0xFF, 
0xD7, 0x00, 0x00, 0x00, 0x00, 0x00, 0x73, 0xFF, 0xFF, 0xFF, 0xFF, 0x3B, 0xBA, 0xFF, 0xFF, 0xFF, 
0xF0, 0x00, 0x00, 0x00, 0x00, 0x00, 0x2E, 0xFF, 0xFF, 0xFF, 0xFF, 0xB5, 0x00, 0x00, 0x00, 0x00, 
0x00, 0x68, 0xFF, 0xFF, 0xFF, 0xFF, 0x49, 0xA3, 0xFF, 0xFF, 0xFF, 0xFD, 0x04, 0x00, 0x00, 0x00, 
0x00, 0x75, 0xFF, 0xFF, 0xFF, 0xFF, 0xF3, 0x0A, 0x00, 0x00, 0x00, 0x00, 0x79, 0xFF, 0xFF, 0xFF, 
0xFF, 0x31, 0x7E, 0xFF, 0xFF, 0xFF, 0xFF, 0x2D, 0x00, 0x00, 0x00, 0x02, 0xD5, 0xFF, 0xFF, 0xFF, 
0xFF, 0xFF, 0x60, 0x00, 0x00, 0x00, 0x00, 0xA4, 0xFF, 0xFF, 0xFF, 0xFF, 0x0D, 0x58, 0xFF, 0xFF, 
0xFF, 0xFF, 0x88, 0x00, 0x00, 0x00, 0x5E, 0xFF, 0xFF, 0xFF, 0xFF, 0xFF, 0xFF, 0xDD, 0x08, 0x00, 
0x00, 0x0D, 0xF3, 0xFF, 0xFF, 0xFF, 0xE7, 0x00, 0x16, 0xF5, 0xFF, 0xFF, 0xFF, 0xFA, 0x4A, 0x00, 
0x42, 0xF4, 0xFF, 0xFF, 0xFF, 0xFF, 0xFF, 0xFF, 0xFF, 0xAF, 0x0E, 0x0C, 0xB3, 0xFF, 0xFF, 0xFF, 
0xFF, 0x9A, 0x00, 0x00, 0x8B, 0xFF, 0xFF, 0xFF, 0xFF, 0xFF, 0xF3, 0xFF, 0xFF, 0xFF, 0xFF, 0xE9, 
0x87, 0xFF, 0xFF, 0xFF, 0xFF, 0xFA, 0xF9, 0xFF, 0xFF, 0xFF, 0xFF, 0xF9, 0x1F, 0x00, 0x00, 0x15, 
0xF1, 0xFF, 0xFF, 0xFF, 0xFF, 0xFF, 0xFF, 0xFF, 0xFF, 0xFF, 0x51, 0x02, 0xC6, 0xFF, 0xFF, 0xFF, 
0xFF, 0xFF, 0xFF, 0xFF, 0xFF, 0xFF, 0x94, 0x00, 0x00, 0x00, 0x00, 0x30, 0xE3, 0xFF, 0xFF, 0xFF, 
0xFF, 0xFF, 0xFF, 0xFD, 0x78, 0x00, 0x00, 0x1D, 0xD1, 0xFF, 0xFF, 0xFF, 0xFF, 0xFF, 0xFF, 0xFF, 
0x99, 0x04, 0x00, 0x00, 0x00, 0x00, 0x00, 0x1A, 0xAE, 0xEE, 0xFF, 0xFF, 0xFF, 0xD7, 0x4D, 0x00, 
0x00, 0x00, 0x00, 0x0B, 0x9F, 0xF1, 0xFF, 0xFF, 0xFE, 0xD4, 0x6D, 0x00, 0x00, 0x00, 0x00, 0x00, 
0x00, 0x00, 0x00, 0x00, 0x01, 0x2B, 0x49, 0x15, 0x00, 0x00, 0x00, 0x00, 0x00, 0x00, 0x00, 0x00, 
0x02, 0x31, 0x46, 0x11, 0x00, 0x00, 0x00, 0x00, 0x00, 0x00, 0x00, 0x00, 0x00, 0x00, 0x00, 0x0B, 
0x43, 0x7E, 0xAF, 0xA6, 0x79, 0x00, 0x00, 0x00, 0x00, 0x22, 0xE5, 0xFF, 0xFF, 0xFF, 0xFF, 0xEB, 
0x00, 0x00, 0x00, 0x1A, 0xDE, 0xFF, 0xFF, 0xFF, 0xFF, 0xFF, 0xD1, 0x00, 0x00, 0x00, 0x87, 0xFF, 
0xFF, 0xFF, 0xFF, 0xFF, 0xFF, 0xB7, 0x00, 0x00, 0x00, 0xBB, 0xFF, 0xFF, 0xFF, 0xFF, 0xA6, 0x5A, 
0x47, 0x00, 0x00, 0x00, 0xEE, 0xFF, 0xFF, 0xFF, 0xDD, 0x02, 0x00, 0x00, 0x00, 0x00, 0x12, 0xFF, 
0xFF, 0xFF, 0xFF, 0xB2, 0x00, 0x00, 0x00, 0x00, 0x00, 0x14, 0xFF, 0xFF, 0xFF, 0xFF, 0xAA, 0x00, 
0x00, 0x00, 0x00, 0x00, 0x14, 0xFF, 0xFF, 0xFF, 0xFF, 0xAA, 0x00, 0x00, 0x00, 0x00, 0x00, 0x14, 
0xFF, 0xFF, 0xFF, 0xFF, 0xAA, 0x00, 0x00, 0x00, 0x00, 0x00, 0x14, 0xFF, 0xFF, 0xFF, 0xFF, 0xAA, 
0x00, 0x00, 0x00, 0x00, 0x00, 0x14, 0xFF, 0xFF, 0xFF, 0xFF, 0xAA, 0x00, 0x00, 0x00, 0x00, 0x00, 
0x14, 0xFF, 0xFF, 0xFF, 0xFF, 0xAA, 0x00, 0x00, 0x00, 0x00, 0x00, 0x14, 0xFF, 0xFF, 0xFF, 0xFF, 
0xAA, 0x00, 0x00, 0x00, 0x00, 0x00, 0x14, 0xFF, 0xFF, 0xFF, 0xFF, 0xAA, 0x00, 0x00, 0x00, 0x00, 
0x00, 0x14, 0xFF, 0xFF, 0xFF, 0xFF, 0xAA, 0x00, 0x00, 0x00, 0x00, 0x00, 0x14, 0xFF, 0xFF, 0xFF, 
0xFF, 0xAA, 0x00, 0x00, 0x00, 0x00, 0x00, 0x14, 0xFF, 0xFF, 0xFF, 0xFF, 0xAA, 0x00, 0x00, 0x00, 
0x00, 0x00, 0x14, 0xFF, 0xFF, 0xFF, 0xFF, 0xAA, 0x00, 0x00, 0x00, 0x00, 0x00, 0x14, 0xFF, 0xFF, 
0xFF, 0xFF, 0xAA, 0x00, 0x00, 0x00, 0x00, 0x00, 0x14, 0xFF, 0xFF, 0xFF, 0xFF, 0xAA, 0x00, 0x00, 
0x00, 0x00, 0x00, 0x14, 0xFF, 0xFF, 0xFF, 0xFF, 0xAA, 0x00, 0x00, 0x00, 0x00, 0x00, 0x14, 0xFF, 
0xFF, 0xFF, 0xFF, 0xAA, 0x00, 0x00, 0x00, 0x00, 0x00, 0x14, 0xFF, 0xFF, 0xFF, 0xFF, 0xAA, 0x00, 
0x00, 0x00, 0x00, 0x00, 0x14, 0xFF, 0xFF, 0xFF, 0xFF, 0xAA, 0x00, 0x00, 0x00, 0x00, 0x00, 0x1A, 
0xFF, 0xFF, 0xFF, 0xFF, 0xA9, 0x00, 0x00, 0x00, 0x00, 0x00, 0x3B, 0xFF, 0xFF, 0xFF, 0xFF, 0x86, 
0x00, 0x00, 0x00, 0x40, 0x44, 0xC0, 0xFF, 0xFF, 0xFF, 0xFF, 0x57, 0x00, 0x00, 0x00, 0xBF, 0xFF, 
0xFF, 0xFF, 0xFF, 0xFF, 0xFF, 0x28, 0x00, 0x00, 0x00, 0xCE, 0xFF, 0xFF, 0xFF, 0xFF, 0xFF, 0xB2, 
0x02, 0x00, 0x00, 0x00, 0xDE, 0xFF, 0xFF, 0xFF, 0xFF, 0xC9, 0x0A, 0x00, 0x00, 0x00, 0x00, 0x9A, 
0xCC, 0xCA, 0x92, 0x55, 0x0E, 0x00, 0x00, 0x00, 0x00, 0x00, 0x00, 0x00, 0x0C, 0x44, 0x45, 0x14, 
0x00, 0x00, 0x00, 0x00, 0x00, 0x00, 0x00, 0x01, 0x02, 0x88, 0xFB, 0xFF, 0xFF, 0xFE, 0xA6, 0x21, 
0x00, 0x00, 0x00, 0x00, 0x7D, 0x5F, 0x80, 0xFF, 0xFF, 0xFF, 0xFF, 0xFF, 0xFF, 0xF9, 0x93, 0x47, 
0x42, 0x9B, 0xFF, 0x6A, 0x94, 0xFF, 0xFF, 0xFF, 0xFF, 0xFF, 0xFF, 0xFF, 0xFF, 0xFF, 0xFF, 0xFF, 
0xFF, 0x6A, 0x96, 0xFF, 0xE9, 0xA0, 0x89, 0xC3, 0xFF, 0xFF, 0xFF, 0xFF, 0xFF, 0xFF, 0xFF, 0x69, 
0x97, 0xB8, 0x0B, 0x00, 0x00, 0x00, 0x42, 0xCC, 0xFF, 0xFF, 0xFF, 0xFF, 0xCA, 0x13, 0x27, 0x05, 
0x00, 0x00, 0x00, 0x00, 0x00, 0x01, 0x4B, 0x88, 0x9F, 0x61, 0x0B, 0x00, 0x00, 0x17, 0x79, 0xB6, 
0xB0, 0x7C, 0x16, 0x00, 0x00, 0x00, 0x00, 0x00, 0x15, 0x28, 0x2E, 0xE2, 0xFF, 0xFF, 0xFF, 0xFF, 
0xF2, 0x7E, 0x0B, 0x00, 0x00, 0x16, 0xD3, 0x75, 0x8C, 0xFF, 0xFF, 0xFF, 0xFF, 0xFF, 0xFF, 0xFF, 
0xEC, 0xB2, 0xB6, 0xF7, 0xFF, 0x73, 0x8C, 0xFF, 0xFF, 0xFF, 0xFF, 0xFF, 0xFF, 0xFF, 0xFF, 0xFF, 
0xFF, 0xFF, 0xFF, 0x71, 0x8D, 0xFC, 0x81, 0x2B, 0x1D, 0x5C, 0xDA, 0xFF, 0xFF, 0xFF, 0xFF, 0xFF, 
0xFF, 0x54, 0x74, 0x54, 0x00, 0x00, 0x00, 0x00, 0x05, 0x69, 0xE3, 0xFF, 0xFF, 0xEB, 0x63, 0x00, 
0x00, 0x00, 0x00, 0x00, 0x00, 0x00, 0x00, 0x00, 0x00, 0x1C, 0x2D, 0x02, 0x00, 0x00, 0x00, 0x00, 
0x00, 0x00, 0x00, 0x00, 0x00, 0x00, 0x00, 0x04, 0x00, 0x00, 0x00, 0x00, 0x00, 0x00, 0x00, 0x00, 
0x00, 0x00, 0x00, 0x00, 0x00, 0xA9, 0xBC, 0x2C, 0x00, 0x00, 0x00, 0x00, 0x00, 0x00, 0x00, 0x00, 
0x00, 0x00, 0x20, 0xFC, 0xFF, 0x91, 0x00, 0x00, 0x00, 0x00, 0x00, 0x00, 0x00, 0x00, 0x00, 0x00, 
0x8F, 0xFF, 0xFD, 0x25, 0x00, 0x00, 0x0E, 0xB4, 0xB5, 0xB5, 0xB5, 0xB5, 0xB5, 0xC6, 0xFF, 0xFF, 
0xFF, 0xB5, 0xB5, 0x17, 0x18, 0xFF, 0xFF, 0xFF, 0xFF, 0xFF, 0xFF, 0xFF, 0xFF, 0xFF, 0xFF, 0xFF, 
0xFF, 0x26, 0x18, 0xFF, 0xFF, 0xFF, 0xFF, 0xFF, 0xFF, 0xFF, 0xFF, 0xFF, 0xFF, 0xFF, 0xFF, 0x26, 
0x18, 0xFF, 0xFF, 0xFF, 0xFF, 0xFF, 0xFF, 0xFF, 0xFF, 0xFF, 0xFF, 0xFF, 0xFF, 0x26, 0x04, 0x53, 
0x54, 0x54, 0x54, 0x55, 0xFF, 0xFF, 0xFF, 0x58, 0x54, 0x54, 0x54, 0x08, 0x00, 0x00, 0x00, 0x00, 
0x00, 0x43, 0xFF, 0xFF, 0x70, 0x00, 0x00, 0x00, 0x00, 0x00, 0x00, 0x00, 0x00, 0x00, 0x00, 0xB7, 
0xFF, 0xF0, 0x0D, 0x00, 0x00, 0x00, 0x00, 0x00, 0x14, 0xF3, 0xF4, 0xF4, 0xFF, 0xFF, 0xFF, 0xFF, 
0xF4, 0xF4, 0xF4, 0xF4, 0xF4, 0x20, 0x18, 0xFF, 0xFF, 0xFF, 0xFF, 0xFF, 0xFF, 0xFF, 0xFF, 0xFF, 
0xFF, 0xFF, 0xFF, 0x26, 0x18, 0xFF, 0xFF, 0xFF, 0xFF, 0xFF, 0xFF, 0xFF, 0xFF, 0xFF, 0xFF, 0xFF, 
0xFF, 0x26, 0x18, 0xFF, 0xFF, 0xFF, 0xFF, 0xFF, 0xFF, 0xFF, 0xFF, 0xFF, 0xFF, 0xFF, 0xFF, 0x26, 
0x00, 0x1C, 0x28, 0xFF, 0xFF, 0xDB, 0x1D, 0x1D, 0x1D, 0x1D, 0x1D, 0x1D, 0x1D, 0x00, 0x00, 0x00, 
0x6A, 0xFF, 0xFF, 0x4A, 0x00, 0x00, 0x00, 0x00, 0x00, 0x00, 0x00, 0x00, 0x00, 0x00, 0x80, 0xFD, 
0xD6, 0x01, 0x00, 0x00, 0x00, 0x00, 0x00, 0x00, 0x00, 0x00, 0x00, 0x00, 0x00, 0x2F, 0x3D, 0x00, 
0x00, 0x00, 0x00, 0x00, 0x00, 0x00, 0x00, 0x00, 0x00, 0x00, 0x00, 0x00, 0x00, 0x00, 0x00, 0x00, 
0x00, 0x00, 0x04, 0x54, 0x44, 0x00, 0x00, 0x00, 0x00, 0x00, 0x00, 0x00, 0x00, 0x19, 0x7E, 0xE5, 
0xFF, 0x82, 0x00, 0x00, 0x00, 0x00, 0x00, 0x00, 0x3E, 0xA8, 0xFA, 0xFF, 0xFF, 0xFF, 0x82, 0x00, 
0x00, 0x00, 0x0C, 0x68, 0xD2, 0xFF, 0xFF, 0xFF, 0xFF, 0xFF, 0xFF, 0x82, 0x00, 0x28, 0x92, 0xF1, 
0xFF, 0xFF, 0xFF, 0xFF, 0xFF, 0xFF, 0xFF, 0xC8, 0x41, 0x42, 0xFF, 0xFF, 0xFF, 0xFF, 0xFF, 0xFF, 
0xFF, 0xE6, 0x89, 0x29, 0x00, 0x00, 0x73, 0xFF, 0xFF, 0xFF, 0xFF, 0xFF, 0xAC, 0x49, 0x03, 0x00, 
0x00, 0x00, 0x00, 0x72, 0xFF, 0xFF, 0xFF, 0xFF, 0xFF, 0xE3, 0x86, 0x28, 0x00, 0x00, 0x00, 0x00, 
0x25, 0xED, 0xFF, 0xFF, 0xFF, 0xFF, 0xFF, 0xFF, 0xFF, 0xC8, 0x69, 0x11, 0x00, 0x00, 0x03, 0x51, 
0xBC, 0xFE, 0xFF, 0xFF, 0xFF, 0xFF, 0xFF, 0xFF, 0xF9, 0x63, 0x00, 0x00, 0x00, 0x00, 0x28, 0x92, 
0xF1, 0xFF, 0xFF, 0xFF, 0xFF, 0xFF, 0x82, 0x00, 0x00, 0x00, 0x00, 0x00, 0x00, 0x0C, 0x68, 0xD3, 
0xFF, 0xFF, 0xFF, 0x82, 0x00, 0x00, 0x00, 0x00, 0x00, 0x00, 0x00, 0x00, 0x00, 0x3E, 0xA9, 0xFA, 
0x82, 0x00, 0x00, 0x00, 0x00, 0x00, 0x00, 0x00, 0x00, 0x00, 0x00, 0x00, 0x19, 0x23, 0x14, 0xD0, 
0xD0, 0xD0, 0xD0, 0xD0, 0xD0, 0xD0, 0xD0, 0xD0, 0xD0, 0xD0, 0x84, 0x1E, 0xFF, 0xFF, 0xFF, 0xFF, 
0xFF, 0xFF, 0xFF, 0xFF, 0xFF, 0xFF, 0xFF, 0xA8, 0x1E, 0xFF, 0xFF, 0xFF, 0xFF, 0xFF, 0xFF, 0xFF, 
0xFF, 0xFF, 0xFF, 0xFF, 0xA8, 0x1A, 0xFF, 0xFF, 0xFF, 0xFF, 0xFF, 0xFF, 0xFF, 0xFF, 0xFF, 0xFF, 
0xFF, 0xA3, 0x27, 0x86, 0x20, 0x00, 0x00, 0x00, 0x00, 0x00, 0x00, 0x00, 0x00, 0x00, 0x00, 0x44, 
0xFF, 0xFD, 0xB3, 0x4A, 0x02, 0x00, 0x00, 0x00, 0x00, 0x00, 0x00, 0x00, 0x44, 0xFF, 0xFF, 0xFF, 
0xFF, 0xDE, 0x76, 0x14, 0x00, 0x00, 0x00, 0x00, 0x00, 0x44, 0xFF, 0xFF, 0xFF, 0xFF, 0xFF, 0xFF, 
0xF8, 0xA2, 0x39, 0x00, 0x00, 0x00, 0x17, 0x90, 0xE9, 0xFF, 0xFF, 0xFF, 0xFF, 0xFF, 0xFF, 0xFF, 
0xCF, 0x65, 0x0B, 0x00, 0x00, 0x04, 0x4B, 0xA8, 0xF7, 0xFF, 0xFF, 0xFF, 0xFF, 0xFF, 0xFF, 0xDF, 
0x00, 0x00, 0x00, 0x00, 0x00, 0x0E, 0x65, 0xFF, 0xFF, 0xFF, 0xFF, 0xFF, 0xFF, 0x00, 0x00, 0x00, 
0x00, 0x24, 0x83, 0xE0, 0xFF, 0xFF, 0xFF, 0xFF, 0xFF, 0xFF, 0x00, 0x0E, 0x64, 0xC4, 0xFF, 0xFF, 
0xFF, 0xFF, 0xFF, 0xFF, 0xFF, 0xEE, 0x66, 0x36, 0xF6, 0xFF, 0xFF, 0xFF, 0xFF, 0xFF, 0xFF, 0xFF, 
0xCB, 0x61, 0x09, 0x00, 0x44, 0xFF, 0xFF, 0xFF, 0xFF, 0xFF, 0xF6, 0x9E, 0x34, 0x00, 0x00, 0x00, 
0x00, 0x44, 0xFF, 0xFF, 0xFF, 0xD9, 0x71, 0x11, 0x00, 0x00, 0x00, 0x00, 0x00, 0x00, 0x44, 0xFC, 
0xAE, 0x44, 0x01, 0x00, 0x00, 0x00, 0x00, 0x00, 0x00, 0x00, 0x00, 0x09, 0x1A, 0x00, 0x00, 0x00, 
0x00, 0x00, 0x00, 0x00, 0x00, 0x00, 0x00, 0x00, 0x31, 0xCF, 0xCF, 0xCF, 0xCF, 0xCF, 0xCF, 0xCF, 
0xCF, 0xCF, 0xCF, 0xCF, 0x67, 0x41, 0xFF, 0xFF, 0xFF, 0xFF, 0xFF, 0xFF, 0xFF, 0xFF, 0xFF, 0xFF, 
0xFF, 0x84, 0x41, 0xFF, 0xFF, 0xFF, 0xFF, 0xFF, 0xFF, 0xFF, 0xFF, 0xFF, 0xFF, 0xFF, 0x84, 0x3D, 
0xFF, 0xFF, 0xFF, 0xFF, 0xFF, 0xFF, 0xFF, 0xFF, 0xFF, 0xFF, 0xFF, 0x80, 0x00, 0x01, 0x01, 0x01, 
0x01, 0x01, 0x01, 0x01, 0x01, 0x01, 0x01, 0x01, 0x00, 0x00, 0x00, 0x00, 0x00, 0x00, 0x1B, 0x3D, 
0x3E, 0x32, 0x08, 0x00, 0x00, 0x00, 0x00, 0x00, 0x00, 0x00, 0x00, 0x1F, 0xFF, 0xFF, 0xFF, 0xFF, 
0x7E, 0x00, 0x00, 0x00, 0x00, 0x00, 0x00, 0x00, 0x00, 0x86, 0xFF, 0xFF, 0xFF, 0xFF, 0xE4, 0x04, 
0x00, 0x00, 0x00, 0x00, 0x00, 0x00, 0x06, 0xE9, 0xFF, 0xFF, 0xFF, 0xFF, 0xFF, 0x53, 0x00, 0x00, 
0x00, 0x00, 0x00, 0x00, 0x59, 0xFF, 0xFF, 0xFF, 0xFF, 0xFF, 0xFF, 0xBD, 0x00, 0x00, 0x00, 0x00, 
0x00, 0x00, 0xC3, 0xFF, 0xFF, 0xFF, 0xFF, 0xFF, 0xFF, 0xFF, 0x28, 0x00, 0x00, 0x00, 0x00, 0x2E, 
0xFF, 0xFF, 0xFF, 0xFF, 0xFF, 0xFF, 0xFF, 0xFF, 0x91, 0x00, 0x00, 0x00, 0x00, 0x97, 0xFF, 0xFF, 
0xFF, 0xF0, 0x9A, 0xFF, 0xFF, 0xFF, 0xF0, 0x0A, 0x00, 0x00, 0x0D, 0xF3, 0xFF, 0xFF, 0xFF, 0x9D, 
0x37, 0xFF, 0xFF, 0xFF, 0xFF, 0x65, 0x00, 0x00, 0x6A, 0xFF, 0xFF, 0xFF, 0xFF, 0x41, 0x00, 0xDC, 
0xFF, 0xFF, 0xFF, 0xCF, 0x00, 0x00, 0xD4, 0xFF, 0xFF, 0xFF, 0xE3, 0x02, 0x00, 0x81, 0xFF, 0xFF, 
0xFF, 0xFF, 0x39, 0x3E, 0xFF, 0xFF, 0xFF, 0xFF, 0x8A, 0x00, 0x00, 0x26, 0xFF, 0xFF, 0xFF, 0xFF, 
0xA3, 0x85, 0xFF, 0xFF, 0xFF, 0xFF, 0x4E, 0x00, 0x00, 0x00, 0xE9, 0xFF, 0xFF, 0xFF, 0xEA, 0x34, 
0xFF, 0xFF, 0xFF, 0xFF, 0x95, 0x00, 0x00, 0x2E, 0xFF, 0xFF, 0xFF, 0xFF, 0x9A, 0x00, 0xC9, 0xFF, 
0xFF, 0xFF, 0xEC, 0x05, 0x00, 0x89, 0xFF, 0xFF, 0xFF, 0xFF, 0x30, 0x00, 0x5F, 0xFF, 0xFF, 0xFF, 
0xFF, 0x50, 0x01, 0xE2, 0xFF, 0xFF, 0xFF, 0xC6, 0x00, 0x00, 0x08, 0xEC, 0xFF, 0xFF, 0xFF, 0xAD, 
0x3F, 0xFF, 0xFF, 0xFF, 0xFF, 0x5C, 0x00, 0x00, 0x00, 0x8A, 0xFF, 0xFF, 0xFF, 0xF9, 0xAB, 0xFF, 
0xFF, 0xFF, 0xEB, 0x07, 0x00, 0x00, 0x00, 0x22, 0xFD, 0xFF, 0xFF, 0xFF, 0xFF, 0xFF, 0xFF, 0xFF, 
0x89, 0x00, 0x00, 0x00, 0x00, 0x00, 0xB5, 0xFF, 0xFF, 0xFF, 0xFF, 0xFF, 0xFF, 0xFD, 0x21, 0x00, 
0x00, 0x00, 0x00, 0x00, 0x4A, 0xFF, 0xFF, 0xFF, 0xFF, 0xFF, 0xFF, 0xB5, 0x00, 0x00, 0x00, 0x00, 
0x00, 0x00, 0x02, 0xDD, 0xFF, 0xFF, 0xFF, 0xFF, 0xFF, 0x4C, 0x00, 0x00, 0x00, 0x00, 0x00, 0x00, 
0x00, 0x75, 0xFF, 0xFF, 0xFF, 0xFF, 0xDF, 0x02, 0x00, 0x00, 0x00, 0x00, 0x00, 0x00, 0x00, 0x13, 
0xFF, 0xFF, 0xFF, 0xFF, 0x78, 0x00, 0x00, 0x00, 0x00, 0x00, 0x00, 0x00, 0x00, 0x00, 0x00, 0x00, 
0x00, 0x00, 0x00, 0x00, 0x00, 0x00, 0x00, 0x00, 0x02, 0x33, 0x04, 0x00, 0x00, 0x00, 0x00, 0x00, 
0x00, 0x00, 0x00, 0x00, 0x00, 0x00, 0x00, 0x00, 0x00, 0x00, 0x00, 0x00, 0x00, 0x00, 0x00, 0x73, 
0xE5, 0xFF, 0x1C, 0x00, 0x00, 0x00, 0x00, 0x00, 0x00, 0x00, 0x00, 0x00, 0x00, 0x00, 0x00, 0x00, 
0x00, 0x00, 0x00, 0x00, 0x00, 0x07, 0xA4, 0xFF, 0xFF, 0xF2, 0x02, 0x00, 0x00, 0x00, 0x00, 0x00, 
0x00, 0x00, 0x00, 0x00, 0x00, 0x00, 0x00, 0x00, 0x00, 0x00, 0x00, 0x00, 0x00, 0x8E, 0xFF, 0xFF, 
0xFF, 0xBE, 0x00, 0x00, 0x00, 0x00, 0x00, 0x00, 0x00, 0x00, 0x00, 0x00, 0x00, 0x00, 0x00, 0x00, 
0x00, 0x00, 0x00, 0x00, 0x15, 0xF5, 0xFF, 0xFF, 0xFF, 0x44, 0x00, 0x00, 0x00, 0x00, 0x00, 0x00, 
0x00, 0x00, 0x00, 0x00, 0x00, 0x00, 0x00, 0x00, 0x00, 0x00, 0x00, 0x00, 0x58, 0xFF, 0xFF, 0xFF, 
0x97, 0x00, 0x00, 0x00, 0x00, 0x00, 0x00, 0x00, 0x00, 0x00, 0x00, 0x00, 0x00, 0x00, 0x00, 0x14, 
0x18, 0x00, 0x00, 0x00, 0x7E, 0xFF, 0xFE, 0x92, 0x0F, 0x31, 0x3E, 0x1B, 0x01, 0x00, 0x00, 0x00, 
0x00, 0x00, 0x00, 0x00, 0x0F, 0x97, 0xD9, 0xFF, 0xFF, 0xED, 0xC1, 0x8B, 0x8D, 0xBA, 0xBD, 0xCC, 
0xF9, 0xFF, 0xFF, 0xFF, 0xD3, 0x54, 0x00, 0x00, 0x00, 0x00, 0x00, 0x21, 0xD5, 0xFF, 0xFF, 0xFF, 
0xFF, 0xFF, 0xFF, 0xFF, 0xFF, 0xFF, 0xFF, 0xFF, 0xFF, 0xFF, 0xFF, 0xFF, 0xFF, 0xFF, 0x7E, 0x00, 
0x00, 0x00, 0x07, 0xE0, 0xFF, 0xFF, 0xFF, 0xFF, 0xFF, 0xFF, 0xFF, 0xFF, 0xFF, 0xFF, 0xFF, 0xFF, 
0xFF, 0xFF, 0xFF, 0xFF, 0xFF, 0xFF, 0xFF, 0x49, 0x00, 0x00, 0x6C, 0xFF, 0xFF, 0xFF, 0xFF, 0xFF, 
0xFF, 0xFF, 0xFF, 0xFF, 0xFF, 0xFF, 0xFF, 0xFF, 0xFF, 0xFF, 0xFF, 0xFF, 0xFF, 0xFF, 0xA3, 0x02, 
0x00, 0x07, 0xE6, 0xFF, 0xFF, 0xFF, 0xFF, 0xFF, 0xFF, 0xFF, 0xFF, 0xFF, 0xFF, 0xFF, 0xFF, 0xFF, 
0xFF, 0xFF, 0xFF, 0xFF, 0xFF, 0xB3, 0x03, 0x00, 0x00, 0x2F, 0xFF, 0xFF, 0xFF, 0xFF, 0xFF, 0xFF, 
0xFF, 0xFF, 0xFF, 0xFF, 0xFF, 0xFF, 0xFF, 0xFF, 0xFF, 0xFF, 0xFF, 0xFF, 0xFC, 0x23, 0x00, 0x00, 
0x00, 0x52, 0xFF, 0xFF, 0xFF, 0xFF, 0xFF, 0xFF, 0xFF, 0xFF, 0xFF, 0xFF, 0xFF, 0xFF, 0xFF, 0xFF, 
0xFF, 0xFF, 0xFF, 0xFF, 0xBC, 0x00, 0x00, 0x00, 0x00, 0x75, 0xFF, 0xFF, 0xFF, 0xFF, 0xFF, 0xFF, 
0xFF, 0xFF, 0xFF, 0xFF, 0xFF, 0xFF, 0xFF, 0xFF, 0xFF, 0xFF, 0xFF, 0xFF, 0x98, 0x00, 0x00, 0x00, 
0x00, 0x86, 0xFF, 0xFF, 0xFF, 0xFF, 0xFF, 0xFF, 0xFF, 0xFF, 0xFF, 0xFF, 0xFF, 0xFF, 0xFF, 0xFF, 
0xFF, 0xFF, 0xFF, 0xFF, 0xA6, 0x00, 0x00, 0x00, 0x00, 0x66, 0xFF, 0xFF, 0xFF, 0xFF, 0xFF, 0xFF, 
0xFF, 0xFF, 0xFF, 0xFF, 0xFF, 0xFF, 0xFF, 0xFF, 0xFF, 0xFF, 0xFF, 0xFF, 0xD8, 0x00, 0x00, 0x00, 
0x00, 0x40, 0xFF, 0xFF, 0xFF, 0xFF, 0xFF, 0xFF, 0xFF, 0xFF, 0xFF, 0xFF, 0xFF, 0xFF, 0xFF, 0xFF, 
0xFF, 0xFF, 0xFF, 0xFF, 0xFF, 0x4E, 0x00, 0x00, 0x00, 0x1A, 0xFF, 0xFF, 0xFF, 0xFF, 0xFF, 0xFF, 
0xFF, 0xFF, 0xFF, 0xFF, 0xFF, 0xFF, 0xFF, 0xFF, 0xFF, 0xFF, 0xFF, 0xFF, 0xFF, 0xDC, 0x16, 0x00, 
0x00, 0x00, 0xEB, 0xFF, 0xFF, 0xFF, 0xFF, 0xFF, 0xFF, 0xFF, 0xFF, 0xFF, 0xFF, 0xFF, 0xFF, 0xFF, 
0xFF, 0xFF, 0xFF, 0xFF, 0xFF, 0xFF, 0xD0, 0x31, 0x00, 0x00, 0x86, 0xFF, 0xFF, 0xFF, 0xFF, 0xFF, 
0xFF, 0xFF, 0xFF, 0xFF, 0xFF, 0xFF, 0xFF, 0xFF, 0xFF, 0xFF, 0xFF, 0xFF, 0xFF, 0xFF, 0xFF, 0xFD, 
0x16, 0x00, 0x1B, 0xFB, 0xFF, 0xFF, 0xFF, 0xFF, 0xFF, 0xFF, 0xFF, 0xFF, 0xFF, 0xFF, 0xFF, 0xFF, 
0xFF, 0xFF, 0xFF, 0xFF, 0xFF, 0xFF, 0xFF, 0xAD, 0x00, 0x00, 0x00, 0xA7, 0xFF, 0xFF, 0xFF, 0xFF, 
0xFF, 0xFF, 0xFF, 0xFF, 0xFF, 0xFF, 0xFF, 0xFF, 0xFF, 0xFF, 0xFF, 0xFF, 0xFF, 0xFF, 0xFF, 0x31, 
0x00, 0x00, 0x00, 0x34, 0xFE, 0xFF, 0xFF, 0xFF, 0xFF, 0xFF, 0xFF, 0xFF, 0xFF, 0xFF, 0xFF, 0xFF, 
0xFF, 0xFF, 0xFF, 0xFF, 0xFF, 0xFF, 0xB2, 0x00, 0x00, 0x00, 0x00, 0x00, 0x95, 0xFF, 0xFF, 0xFF, 
0xFF, 0xFF, 0xFF, 0xFF, 0xFF, 0xFF, 0xFF, 0xFF, 0xFF, 0xFF, 0xFF, 0xFF, 0xFF, 0xF9, 0x31, 0x00, 
0x00, 0x00, 0x00, 0x00, 0x0D, 0xD5, 0xFF, 0xFF, 0xFF, 0xFF, 0xFF, 0xFF, 0xFF, 0xFF, 0xFF, 0xFF, 
0xFF, 0xFF, 0xFF, 0xFF, 0xFE, 0x5A, 0x00, 0x00, 0x00, 0x00, 0x00, 0x00, 0x00, 0x1B, 0xD8, 0xFF, 
0xFF, 0xFF, 0xFF, 0xFF, 0xDE, 0xCF, 0xF4, 0xFF, 0xFF, 0xFF, 0xFF, 0xFF, 0x76, 0x00, 0x00, 0x00, 
0x00, 0x00, 0x00, 0x00, 0x00, 0x00, 0x09, 0x75, 0xA8, 0x9B, 0x5A, 0x1B, 0x00, 0x00, 0x03, 0x2F, 
0x69, 0x99, 0x84, 0x24, 0x00, 0x00, 0x00, 0x00, 0x00, 0x00, 0x00, 0x00, 0x00, 0x00, 0x02, 0x2B, 
0x63, 0x9B, 0xAB, 0x8F, 0x6D, 0x27, 0x00, 0x00, 0x00, 0x00, 0x00, 0x00, 0x00, 0x27, 0xE3, 0xFF, 
0xFF, 0xFF, 0xFF, 0xFF, 0xFF, 0xFF, 0xA7, 0x00, 0x00, 0x00, 0x00, 0x00, 0x26, 0xE6, 0xFF, 0xFF, 
0xFF, 0xFF, 0xFF, 0xFF, 0xFF, 0xFF, 0x99, 0x00, 0x00, 0x00, 0x00, 0x00, 0xDF, 0xFF, 0xFF, 0xFF, 
0xFF, 0xFF, 0xFF, 0xFF, 0xFF, 0xFF, 0x6E, 0x00, 0x00, 0x00, 0x00, 0x21, 0xFF, 0xFF, 0xFF, 0xFF, 
0xFF, 0xF5, 0xB5, 0xC1, 0xEA, 0xFF, 0x43, 0x00, 0x00, 0x00, 0x00, 0x57, 0xFF, 0xFF, 0xFF, 0xFF, 
0xB5, 0x0D, 0x00, 0x00, 0x02, 0x3A, 0x0C, 0x00, 0x00, 0x00, 0x00, 0x8D, 0xFF, 0xFF, 0xFF, 0xFF, 
0x5A, 0x00, 0x00, 0x00, 0x00, 0x00, 0x00, 0x00, 0x00, 0x2E, 0x47, 0xEF, 0xFF, 0xFF, 0xFF, 0xFF, 
0x64, 0x47, 0x2D, 0x00, 0x42, 0x47, 0x47, 0x47, 0x31, 0xB8, 0xFF, 0xFF, 0xFF, 0xFF, 0xFF, 0xFF, 
0xFF, 0xFF, 0xB3, 0x00, 0xFF, 0xFF, 0xFF, 0xFF, 0xC2, 0xB8, 0xFF, 0xFF, 0xFF, 0xFF, 0xFF, 0xFF, 
0xFF, 0xFF, 0xB3, 0x00, 0xFF, 0xFF, 0xFF, 0xFF, 0xC2, 0xB8, 0xFF, 0xFF, 0xFF, 0xFF, 0xFF, 0xFF, 
0xFF, 0xFF, 0xB3, 0x00, 0xFF, 0xFF, 0xFF, 0xFF, 0xC2, 0x44, 0x64, 0xFF, 0xFF, 0xFF, 0xFF, 0xFF, 
0x7C, 0x64, 0x42, 0x00, 0xFF, 0xFF, 0xFF, 0xFF, 0xC2, 0x00, 0x00, 0xA8, 0xFF, 0xFF, 0xFF, 0xFF, 
0x17, 0x00, 0x00, 0x00, 0xFF, 0xFF, 0xFF, 0xFF, 0xC2, 0x00, 0x00, 0xA8, 0xFF, 0xFF, 0xFF, 0xFF, 
0x17, 0x00, 0x00, 0x00, 0xFF, 0xFF, 0xFF, 0xFF, 0xC2, 0x00, 0x00, 0xA8, 0xFF, 0xFF, 0xFF, 0xFF, 
0x17, 0x00, 0x00, 0x00, 0xFF, 0xFF, 0xFF, 0xFF, 0xC2, 0x00, 0x00, 0xA8, 0xFF, 0xFF, 0xFF, 0xFF, 
0x17, 0x00, 0x00, 0x00, 0xFF, 0xFF, 0xFF, 0xFF, 0xC2, 0x00, 0x00, 0xA8, 0xFF, 0xFF, 0xFF, 0xFF, 
0x17, 0x00, 0x00, 0x00, 0xFF, 0xFF, 0xFF, 0xFF, 0xC2, 0x00, 0x00, 0xA8, 0xFF, 0xFF, 0xFF, 0xFF, 
0x17, 0x00, 0x00, 0x00, 0xFF, 0xFF, 0xFF, 0xFF, 0xC2, 0x00, 0x00, 0xA8, 0xFF, 0xFF, 0xFF, 0xFF, 
0x17, 0x00, 0x00, 0x00, 0xFF, 0xFF, 0xFF, 0xFF, 0xC2, 0x00, 0x00, 0xA8, 0xFF, 0xFF, 0xFF, 0xFF, 
0x17, 0x00, 0x00, 0x00, 0xFF, 0xFF, 0xFF, 0xFF, 0xC2, 0x00, 0x00, 0xA8, 0xFF, 0xFF, 0xFF, 0xFF, 
0x17, 0x00, 0x00, 0x00, 0xFF, 0xFF, 0xFF, 0xFF, 0xC2, 0x00, 0x00, 0xA8, 0xFF, 0xFF, 0xFF, 0xFF, 
0x17, 0x00, 0x00, 0x00, 0xFF, 0xFF, 0xFF, 0xFF, 0xC2, 0x00, 0x00, 0xA8, 0xFF, 0xFF, 0xFF, 0xFF, 
0x17, 0x00, 0x00, 0x00, 0xFF, 0xFF, 0xFF, 0xFF, 0xC2, 0x00, 0x00, 0xA8, 0xFF, 0xFF, 0xFF, 0xFF, 
0x17, 0x00, 0x00, 0x00, 0xFF, 0xFF, 0xFF, 0xFF, 0xC2, 0x00, 0x00, 0xA4, 0xFF, 0xFF, 0xFF, 0xFE, 
0x14, 0x00, 0x00, 0x00, 0xFA, 0xFF, 0xFF, 0xFF, 0xBE, 0x00, 0x00, 0x00, 0x00, 0x00, 0x0A, 0x3B, 
0x71, 0xA4, 0xAE, 0xA4, 0xBE, 0xB6, 0xA2, 0x8B, 0x62, 0x00, 0x00, 0x00, 0x00, 0x38, 0xF0, 0xFF, 
0xFF, 0xFF, 0xFF, 0xFF, 0xFF, 0xFF, 0xFF, 0xFF, 0xFF, 0x00, 0x00, 0x00, 0x3D, 0xF2, 0xFF, 0xFF, 
0xFF, 0xFF, 0xFF, 0xFF, 0xFF, 0xFF, 0xFF, 0xFF, 0xFF, 0x00, 0x00, 0x00, 0xE0, 0xFF, 0xFF, 0xFF, 
0xFF, 0xFF, 0xFF, 0xFF, 0xFF, 0xFF, 0xFF, 0xFF, 0xE4, 0x00, 0x00, 0x18, 0xFF, 0xFF, 0xFF, 0xFF, 
0xFF, 0xA5, 0x69, 0x6C, 0xFF, 0xFF, 0xFF, 0xFF, 0xE4, 0x00, 0x00, 0x50, 0xFF, 0xFF, 0xFF, 0xFF, 
0x97, 0x00, 0x00, 0x00, 0xDC, 0xFF, 0xFF, 0xFF, 0xE4, 0x00, 0x00, 0x80, 0xFF, 0xFF, 0xFF, 0xFF, 
0x4C, 0x00, 0x00, 0x00, 0xDC, 0xFF, 0xFF, 0xFF, 0xE4, 0x25, 0x47, 0xCD, 0xFF, 0xFF, 0xFF, 0xFF, 
0x81, 0x47, 0x39, 0x00, 0xDC, 0xFF, 0xFF, 0xFF, 0xE4, 0x95, 0xFF, 0xFF, 0xFF, 0xFF, 0xFF, 0xFF, 
0xFF, 0xFF, 0xDF, 0x00, 0xDC, 0xFF, 0xFF, 0xFF, 0xE4, 0x95, 0xFF, 0xFF, 0xFF, 0xFF, 0xFF, 0xFF, 
0xFF, 0xFF, 0xDF, 0x00, 0xDC, 0xFF, 0xFF, 0xFF, 0xE4, 0x95, 0xFF, 0xFF, 0xFF, 0xFF, 0xFF, 0xFF, 
0xFF, 0xFF, 0xDF, 0x00, 0xDC, 0xFF, 0xFF, 0xFF, 0xE4, 0x36, 0x64, 0xEB, 0xFF, 0xFF, 0xFF, 0xFF, 
0x9E, 0x64, 0x53, 0x00, 0xDC, 0xFF, 0xFF, 0xFF, 0xE4, 0x00, 0x00, 0x86, 0xFF, 0xFF, 0xFF, 0xFF, 
0x3A, 0x00, 0x00, 0x00, 0xDC, 0xFF, 0xFF, 0xFF, 0xE4, 0x00, 0x00, 0x86, 0xFF, 0xFF, 0xFF, 0xFF, 
0x3A, 0x00, 0x00, 0x00, 0xDC, 0xFF, 0xFF, 0xFF, 0xE4, 0x00, 0x00, 0x86, 0xFF, 0xFF, 0xFF, 0xFF, 
0x3A, 0x00, 0x00, 0x00, 0xDC, 0xFF, 0xFF, 0xFF, 0xE4, 0x00, 0x00, 0x86, 0xFF, 0xFF, 0xFF, 0xFF, 
0x3A, 0x00, 0x00, 0x00, 0xDC, 0xFF, 0xFF, 0xFF, 0xE4, 0x00, 0x00, 0x86, 0xFF, 0xFF, 0xFF, 0xFF, 
0x3A, 0x00, 0x00, 0x00, 0xDC, 0xFF, 0xFF, 0xFF, 0xE4, 0x00, 0x00, 0x86, 0xFF, 0xFF, 0xFF, 0xFF, 
0x3A, 0x00, 0x00, 0x00, 0xDC, 0xFF, 0xFF, 0xFF, 0xE4, 0x00, 0x00, 0x86, 0xFF, 0xFF, 0xFF, 0xFF, 
0x3A, 0x00, 0x00, 0x00, 0xDC, 0xFF, 0xFF, 0xFF, 0xE4, 0x00, 0x00, 0x86, 0xFF, 0xFF, 0xFF, 0xFF, 
0x3A, 0x00, 0x00, 0x00, 0xDC, 0xFF, 0xFF, 0xFF, 0xE4, 0x00, 0x00, 0x86, 0xFF, 0xFF, 0xFF, 0xFF, 
0x3A, 0x00, 0x00, 0x00, 0xDC, 0xFF, 0xFF, 0xFF, 0xE4, 0x00, 0x00, 0x86, 0xFF, 0xFF, 0xFF, 0xFF, 
0x3A, 0x00, 0x00, 0x00, 0xDC, 0xFF, 0xFF, 0xFF, 0xE4, 0x00, 0x00, 0x86, 0xFF, 0xFF, 0xFF, 0xFF, 
0x3A, 0x00, 0x00, 0x00, 0xDC, 0xFF, 0xFF, 0xFF, 0xE4, 0x00, 0x00, 0x86, 0xFF, 0xFF, 0xFF, 0xFF, 
0x3A, 0x00, 0x00, 0x00, 0xDC, 0xFF, 0xFF, 0xFF, 0xE4, 0x00, 0x00, 0x82, 0xFF, 0xFF, 0xFF, 0xFF, 
0x35, 0x00, 0x00, 0x00, 0xD8, 0xFF, 0xFF, 0xFF, 0xE0, 0x00, 0x14, 0x52, 0x6F, 0x62, 0x6F, 0x74, 
0x6F, 0x43, 0x6F, 0x6E, 0x64, 0x65, 0x6E, 0x73, 0x65, 0x64, 0x2D, 0x42, 0x6F, 0x6C, 0x64, 0x00, 
0x14, 0x52, 0x6F, 0x62, 0x6F, 0x74, 0x6F, 0x43, 0x6F, 0x6E, 0x64, 0x65, 0x6E, 0x73, 0x65, 0x64, 
0x2D, 0x42, 0x6F, 0x6C, 0x64, 0x01
};